business_id,latitude,longitude,review_count
ytynqOUb3hjKeJfRj5Tshw,39.95334146,-75.15885452,123
PP3BBaVxZLcJU54uP_wL6Q,39.93320106,-75.15926581,94
9PZxjhTIU7OgPIzuGi89Ew,39.94970200,-75.16177028,83
6ajnOk0GcY9xbb5Ocaw8Gw,39.95000700,-75.16215770,82
j-qtdD55OLfSqfsWuQTDJg,39.94917240,-75.17072730,81
ctHjyadbDQAtUFfkcAFEHw,39.94626115,-75.14513508,76
0RuvlgTnKFbX3IK0ZOOocA,39.94812255,-75.16246311,73
8pqdJjefYq-a9IBSJJmKwA,39.95100400,-75.17063600,64
AGlh4ZDv6jnoiYfz7At9mw,39.95539900,-75.15672700,62
IkY2ticzHEn4QFn8hQLSWg,39.93383678,-75.15881375,59
6_T2xzR74JqGCTPefAD8Tw,39.94966523,-75.15327270,56
OdIBX09glfXNVSyd0RnIeg,39.94770100,-75.16828690,56
i_FWONQD1ZBqrNE2b-M5Ug,39.94732722,-75.15354218,55
kZ1q0K13tFYG_ZJrVvsJHA,39.94953138,-75.16215703,54
RQAF6a0akMiot5lZZnMNNw,40.02949400,-75.20597140,52
sTPueJEwcRDj7ZJmG7okYA,39.94149800,-75.14927200,48
iUZEGx29miZObLd6_lt7Vg,39.96041479,-75.16860449,45
IWHdx0NhDKADkGOgXgOFKQ,39.95347837,-75.15939606,44
Sv1MEZP-mMfp8SmE0hwYEA,39.95540200,-75.15448400,43
ntiIq1FNqduOyyowMFGh5A,39.95540057,-75.15690110,42
q-zV08jt6U-q05SMEuQJAQ,39.91410651,-75.14872723,42
cGX-1IUwXOjkUqZbkKYcjw,39.95091660,-75.16297110,41
0oSSjekU-3GR8gselReWnA,39.94933380,-75.16617580,40
poviu-6n3iaRE4gdQz6OYw,39.95022160,-75.16655300,39
K7KHmHzxNwzqiijSJeKe_A,39.96394800,-75.14436400,39
-mIlmp5l4hKlp1tvHRdvTg,39.94991785,-75.14479208,38
EtKSTHV5Qx_Q7Aur9o4kQQ,39.95141659,-75.17376779,38
qISf5ojuYbD9h71NumGUQA,39.94852578,-75.14372780,37
2CDI713ATuxHfnB5b-sBdw,39.94793105,-75.16142798,37
S8ZFYEgMejpChID8tzKo9A,39.94858635,-75.14491312,37
Ipkx4Sa7ybn8C6LtTqTztw,39.94969930,-75.16218500,37
WxB8498ejPtHE7wFa89_fA,39.95193080,-75.17045290,36
LM54ufrINJWoTN5imV8Etw,39.92102739,-75.14502844,34
nIAbuktMEzVjT4P9pG89rQ,39.94891860,-75.14716670,33
jxEMFqwDJXjCxmcm5t5jVQ,39.95141030,-75.17060110,33
atZ_olNKXOG4rEr6mccN8g,39.95376400,-75.15921800,32
K3RURR9lIEE4JjOaPt99zg,39.93887100,-75.15823600,32
ZKPrXH_GNW_AtZ31tP3NmA,39.95355820,-75.19290540,31
pXRrRf8fDv6yU3xp1E25hA,39.94778700,-75.16229300,31
dG-gZOWzn8iO1Rvv_fbXxA,39.96132710,-75.14603280,31
d_tRshM-w6S4QxE4VVi8tQ,39.94931440,-75.15252540,30
JHRlwxxKY0JJcU97rJ-Bug,39.94958900,-75.14391000,30
rgeuy1qbw6Z8B6CSVANHIA,39.95058900,-75.16832900,28
eJaeTZlIdM3HWCq__Ve4Wg,39.95094830,-75.17041970,27
iksVwRfpWymIUUFqw0tXpw,39.95501040,-75.15613420,27
h7TO_IsmLCYmKKDVOOIeFw,39.94813180,-75.15339500,27
of-GVqY0G_UDHXT9Xg_ADQ,39.94951230,-75.16176610,27
_LOJW0XkOpj4O348GVRDeQ,39.94995420,-75.16214230,26
aUoMG97DMJG4nmwhT6z1zA,39.94949000,-75.17066000,26
TwnzM8mJn_nT2PJf1x-9kQ,39.96034600,-75.15970600,26
lKU_kljhbEQKIPaM1Zbqiw,39.94778644,-75.16189281,26
_V6hl1oGkTV2KbGeax_HPA,39.95639860,-75.15428730,26
30cpm1uq6xcQCmN6JTrB8w,39.95050670,-75.16913750,26
gOrJeoLDOiW7muWuoE-sMg,39.95490302,-75.13891253,26
73UjNbSoQjQAOS45rcihFg,39.96481950,-75.14023220,25
jkGQQ4_LgJx3hwPtCFkzbQ,39.94910001,-75.16617488,25
R17gwW6zn9ilslbdvKdgsg,39.95008080,-75.16852650,25
Dv6RfXLYe1atjgz3Xf4GGw,39.95077400,-75.17039700,25
ELY0HI8GDEx0jkmREVna0A,39.96943900,-75.13464700,24
4R2KR_-FybS7oegGrXjHVg,39.95095640,-75.16545910,24
vUrTGX_7HxqeoQ_6QCVz6g,39.97368650,-75.13395578,24
JUlsvVAvZvGHWFfkKm0nlg,39.96730040,-75.14039840,24
cOXc8c85Ms6dMEAJazLXHQ,39.95016800,-75.16260700,23
mUIBtlWNPD7sz3rGGWQ1RA,39.94633220,-75.15794780,23
mtvT7uRey3F395STFRM1Tg,39.95075900,-75.17484610,23
FqOCC8Y9xryaX7sIBJcrxA,39.95157730,-75.17483400,23
FHNIvNgh3fS7VZQq2Y3dsA,39.94679490,-75.15770250,23
qY-BUQY-SFBaSrFHowF3nA,39.95508368,-75.15529173,23
rYqmaOIULRouz_1db07OdQ,39.93134800,-75.16649700,23
BWITd9JUXP3gSi1z3Y-z8g,40.00787460,-75.19240720,23
6ewV-e7-39oqYUq3yZuIyw,39.95987920,-75.19068150,22
8j3blTZChklt3j89jxx0fw,39.94230586,-75.15469842,22
E_h2yNoagLK-3ODYwMPErw,39.95089351,-75.17222203,22
2er_V-oAd7IbQ5YTY56r7A,39.94893340,-75.15950880,22
F8yozE3NWnImNApHO347gQ,39.94204360,-75.14951020,22
cXSyVvOr9YRN9diDkaWs0Q,39.96399000,-75.14448220,22
sVZb87xjhbCWHQ2UXOGLrA,39.94533938,-75.16445446,21
GoYSJ-YY-YwbxdgasHuq-Q,39.94519500,-75.16108200,21
iWy6Wft0MMO9Ud2wM93frg,39.94189390,-75.17945840,21
05ev984NYfimRN0UiFrxaA,39.96501500,-75.16107600,21
JrG4NINLspXPNhSXg7Q07Q,39.97020070,-75.13563430,21
qsm7SkX60JsajT7Yz248FA,40.05502050,-75.12603340,21
-DGsnMlRrR_tv8avrpQLQw,39.94086070,-75.15890450,21
kbXpjBSweedxQ1WrlJ5i7Q,39.95024700,-75.16759800,21
AaTpjyw-EiODgi3tR4Xr-g,39.94839205,-75.16535023,20
6_LnAQQ0-mml8YgpfRjGuA,39.95496270,-75.21185110,20
trwHwsXOVV-ZmF-MtP98BA,39.94957900,-75.15538310,20
HPqTJ_yF2ZJw87yHWnSzSg,39.94714276,-75.14450956,20
bjPUhanWoinHi2kywvVzBA,39.94649960,-75.16176520,20
gnpyyeWQ53WlDMJEq-YA_w,39.95150110,-75.17384490,20
ysvzP0VvMTrGmUClKJ3img,39.94336681,-75.16388203,20
617w8MQE3z1szmLvs0WfCw,39.95065930,-75.17054768,20
ZGH8MzJa7Q7iIpmtzBAJAQ,40.02247100,-75.21880000,20
Iw8uqNPxviwcgxtruAx_LA,39.94879300,-75.16620550,20
xQE1fuwKCXJEBcJgSSCNbw,39.95720700,-75.16998270,19
eaDZlSuVS0EY67Ke6pRP6Q,39.95404400,-75.15598000,19
2WGnykxiM-Mp-qIm2u7iAw,39.95319920,-75.16022780,19
hUmHwBQtGg0iH-PZakQJDw,39.97170900,-75.13506200,19
J8S7cPPlTgsQnXKVfTyN8g,39.96650501,-75.13914930,19
MMRRS6YhVRx_iN5-JhMRYg,39.95671052,-75.19710278,19
kxKai8GE5oDMPevV7oxvbA,39.94851270,-75.16803220,19
wB1Tin0OW1JRpaKM-E3ZYA,39.94954430,-75.14598720,19
ozOneB4jXOD6hv5WBGj4KQ,39.92635530,-75.16893670,19
kVTHnhgYUw-Pmr7wgDB4_g,39.95588130,-75.20200310,19
Jg9kkOl4sx2AXJVohbpSiw,39.93535400,-75.15880100,19
L4kfcADLCU4T33i7Z0CkuA,39.94193725,-75.14468349,19
vXb4OWsjPoiBtmarfexj-g,39.96236330,-75.14074240,19
-0TffRSXXIlBYVbb5AwfTg,39.94850783,-75.16196882,19
M_EpyAH1CZZVlhxfYBLOqg,39.94183680,-75.15383700,19
CYSPKiVdoPX3erovujnE9Q,39.95041704,-75.16642828,18
rVGxva6cx2eID4ghDLVHJg,39.94984930,-75.16154890,18
R3FDYMQBrMpkUquwE-eniQ,39.94969275,-75.14362313,18
7hpUoYdAVToZXwuPRgoqdA,39.94195163,-75.15735620,18
DZglT5FP5VNDQJU3PuRIHw,39.96753400,-75.17607340,18
-1B9pP_CrRBJYPICE5WbRA,39.95035200,-75.16158290,18
03jQGGJ2ch0uHTtW-UUUqg,39.94049150,-75.14968270,18
htO_nlxkEsYHzDrtbiUxew,39.95060990,-75.17236800,18
6CUkqed0rhHtFwQ2i7Otsw,39.92808460,-75.16525450,18
vhDWGF-8BfsxvS7Zo5Wv2w,39.95075087,-75.16828128,18
sy7ADvpBA7SfHwbY-Y_5gw,39.94679410,-75.16222210,18
-OIUunijjcq_ZzyyQhPPFQ,39.96716420,-75.17489690,18
dQZlvOEVNke30MY5iTiy1g,39.95100100,-75.16874000,18
wbDRmtxaKRpBOjutvV6TEA,39.94870960,-75.17087430,18
mlrzM-jUkKot28XJhScuuA,39.95022750,-75.16686350,18
oqbhVgliVJH-iRa3AnD-3A,39.94933334,-75.16673265,17
V0SHmvYtXqdv8-AsqshV6w,39.94953956,-75.15891910,17
KVFUBgmPEHGUaJNkpMGcLw,39.94998187,-75.16244076,17
fOhnSqmO4XY5vSI8whVKSA,39.94969930,-75.14578150,17
FD7gMovIYQmhdn23Iq91zQ,39.94159600,-75.14781010,17
7pAgxBMUjrVPH7xh3fn-gw,39.94969890,-75.14416080,17
ME7nOO4hHoCwkbssGqsyPA,39.94271391,-75.15213878,17
Q-prSTdggNlxAEFV88BZOw,39.94662380,-75.16091390,17
-cEFKAznWmI0cledNOIQ7w,39.95127890,-75.16951810,17
REiAM73RkOxFqCVlEFiRWA,39.94168020,-75.15191590,17
irXywqvfXj9maLLOBQMYvg,39.95498440,-75.21152320,17
itv5mVA2lkp_ivhSdmKGgw,40.03855551,-75.12427960,17
csS_UrBujOvjASbX3gLW7w,39.95408681,-75.20095923,17
fivoAD6x6jXJRiEZwhpcEQ,39.94486802,-75.16325011,17
GUMVStVaJfWmCIpQA4TtHg,39.95204500,-75.17167000,17
6x9hcZ1CJ4S9avBgPGS7-Q,39.96909220,-75.13426600,16
SDL247FlOnScJfuNjZESxg,39.94860840,-75.17403230,16
luv3Y2AjoOhxYRY_u5tRJA,40.02477310,-75.22131620,16
_tt4nysrN8JpzLLVXL-z5A,39.94125137,-75.15261806,16
SCjUeZfjafJ88fWWQjRh2w,39.95225980,-75.17403230,16
BxfvdHqETU8jWYUjx5OL2A,39.95122563,-75.17378926,16
jS3affmkXWrBnidXA-DIfQ,39.95203010,-75.17489601,16
9mA9qYqiv4c0T9ASid3PIQ,39.95061347,-75.16360803,16
Zqd_DHAtrdzRJ8u3zwrvEA,39.95328400,-75.15940300,16
oBhJuukGRqPVvYBfTkhuZA,39.95080110,-75.16861080,16
TunmRrfZb7bt53T6HJi4UQ,39.94639863,-75.15780070,16
1UNJeHTsS7WS9RxRzHw06g,39.94620439,-75.15779929,16
QGYzYUMsQe6k7__LD91E5w,39.95322900,-75.15658200,16
phsLOuBeiYI43hglvWK96Q,39.94879610,-75.16974490,16
rQW9iupvhk6ScPn2VPNLVQ,39.95293200,-75.17329300,15
R0JUjyjGEzUlY3auVhY_tg,39.96441251,-75.14032773,15
UQZ4p6xb_7gY7UXHmBzceg,39.95328890,-75.15785430,15
RadvqFuRTZNEfSZ_avPRog,39.95322030,-75.21025190,15
LwX2vbzttWYAdoBoVtfvRg,39.95430926,-75.20135247,15
YPLfRswyryjjW3VJa-SdaA,39.94167875,-75.14878759,15
-ATiAtTikuGuqvaW2O6tNA,39.95048336,-75.16733059,15
jHVotJhyPKOLuO7MVnmbtQ,39.93700150,-75.15450390,15
un0xxX785wfQfprryh0TjQ,40.02630358,-75.22553607,15
bq0n3CQy1CkE_WUe76zQvg,39.95524708,-75.15540870,15
jXtaxB2b64nA4uy13i024A,39.93998900,-75.15285400,15
3ldp8B52AOzNSFnPMAY0ww,39.96923580,-75.13478800,15
BryQISFnkCdcJET-tpAx3w,39.94142312,-75.15248960,15
sb8-TzsXOV7IsErbpHZo3g,39.94665790,-75.14472400,15
YzluF3FNGjnW-tOrLZt8JA,39.95090730,-75.17239290,15
-hsR1sWeD9Vw_nh5Qym2fg,40.00737000,-75.19134700,15
_OgwyI_0mGs620_ZfKgzbg,40.02057360,-75.13379870,15
3gVSrS4kffGGZT8oXHsIcw,39.95397077,-75.19603699,15
_f3JQU6IXpGmTLaSqGy79g,39.95031523,-75.16248654,15
7lwe7n-Yc-V9E_HfLAeylg,39.94565660,-75.17477330,15
Y7EalRsCafsApK5DcL_mTg,39.93580850,-75.16205740,15
nR3VW9i2K8033QY0ZMTisw,39.94816300,-75.14371620,15
RnhLCG4N9MPy6ZRzq787Cg,39.95214000,-75.17221620,15
qsAZNQ-6P4I9r7onkBZJ_g,39.94258470,-75.15709640,15
d28lZlSps97FHhXZazJ8zA,39.94862720,-75.16663560,15
u7_3L1NBWgxhBM_B-cmmnA,39.96088800,-75.17121300,15
NFzfuIFghE-HnrodHpaT6A,39.94774530,-75.15954200,15
_34KJPR-T0HP9USJw1nCfw,39.95001000,-75.15886200,14
el-WV1mOpFmrQOowLnh4aw,39.97336200,-75.13361500,14
cwn_MBPFUJtme68WURSgKA,39.94120930,-75.15223910,14
99e7bysta1myyrQogFEWUQ,39.94773064,-75.22277619,14
y1Z9tymuBGVDZnYZoLk-2Q,39.95000070,-75.14612400,14
e3Y3hDpwHc9RmQlJtIgHuw,39.94991250,-75.17364480,14
g2zwbLIqxtN9nGGuL43trg,39.98067460,-75.12809680,14
mf0OyZ6DX2iKUFIV9TqFRQ,39.94856580,-75.15985080,14
9gObo5ltOMo6UgsaXaHPWA,39.95161726,-75.16719046,14
6zEWIsb6Lhr3BeoC3gm1lw,39.87742287,-75.24052072,14
dChRGpit9fM_kZK5pafNyA,39.95065550,-75.17089910,14
9c7MUiE6VI8NesjPdj5FkA,39.95367910,-75.15510810,14
2fJ-WxJlUN6azp3bzrJ0zA,39.93445213,-75.15440154,14
4wq9bzoCe3Mh0cPbYH1eDg,40.00904500,-75.15047100,14
WMkiheTT-8kRslImVLWMVw,39.96414000,-75.14051440,14
vVfy055EfLMdd0yJYHxiMQ,39.95521670,-75.15742680,14
4J06--ty2Ydj1---IsArLw,39.92889760,-75.16447267,14
hkirr3WzSTx2d9cdP_NKSQ,39.95270600,-75.17347700,14
PYUI1OJVksGUbCrteU68bw,39.96207000,-75.14104000,14
Qw7tz-UkPrpXaVidWuab4Q,39.96557300,-75.18096900,14
P2Lm1g_RztvIaH4daQsXoQ,40.05385700,-74.98396000,14
vF_QwGltBpVesMMGclzB9Q,39.94242471,-75.14568239,14
IGxrAQcqw8Mr1x9WLXQsNA,39.94103640,-75.16086860,14
B9Z3i-n9y9FfMU3CQxtThA,39.97055120,-75.13011840,14
QWqKTWQ2OiDgo3dzNkpung,40.05206430,-75.12739390,13
IvAa7PvfOYl0xRML5W3ebg,39.96097062,-75.14690800,13
AnhgZCyjhzU8JVxl2ftJKQ,39.93025860,-75.15799640,13
bLJP0fVgscuUQy0hE_CRXA,39.94905120,-75.15988800,13
oJxsRgj8Un9VAPXpaDuufA,39.95172415,-75.16018290,13
YBak8o0xCiNN4sXr3izLbg,39.96736960,-75.13452920,13
ktM6aYuzqWd-kA8SIWswiQ,40.02473500,-75.22226730,13
DhZVpgeBKxoLd91MiwTxpg,39.94776420,-75.16969770,13
AmI3LIUNwsi4023hOVGu3w,39.94233548,-75.14130810,13
44Xh-IjWDSn7XTw1hzO50g,39.95346182,-75.15932131,13
4_W5pstoN1166TGjjPOrMg,39.96130180,-75.15931180,13
GAuweBrcC_wK3a0UhZjwfA,39.97714200,-75.12720200,13
4_VDvhKpKSsj7jZYdocZYA,39.94778300,-75.16777390,13
pm1bStJuol5XmxE_atZhCQ,39.95249290,-75.17029430,13
G9LZoNlCfRH941q87_JLIg,39.95022171,-75.16655300,13
mVV95BIwhFOa7TNH9pVMGA,39.95051977,-75.16815172,13
woTZpX92uByUgliPrh39Mg,39.95017440,-75.16593359,13
tcvNBC65Gsa4cH1_gyucpQ,39.92966000,-75.16300300,13
I2ISRV7IybkMc3HEYKUE9g,39.94827100,-75.17442500,13
XJnTY0wG45x9GBrgfNpkCw,39.94849060,-75.14446750,13
SGi8AJhR8iS-LsQwcMOAVA,39.94838170,-75.14389704,13
PJjkH_VZeQwxEJvlQ-v7wA,39.93722129,-75.16284346,13
tYn8hGpZiRgJ8cP2FcI_YQ,39.95574546,-75.16984370,13
7NwFNLC0SwX1SwQYlfF5yw,39.95040110,-75.14636840,13
oyA87-Q_vqnmxVOn_auJQQ,39.95437510,-75.15592900,13
JVDHxMnKjif8XdXVFWiClg,39.95065110,-75.16833460,13
9_B5sCqKBOKDAmYpByiFFg,39.94801330,-75.16935850,13
6F-6mFFNw2YXN7lD_Gukcg,39.95008100,-75.16214800,13
8kUh6TROemLfbVR_ewVVLg,39.93648860,-75.16221390,13
lZX5_8qspEXtMJGFQ0-Mow,39.95253400,-75.16057800,13
gjFUrbSMo1rA1jgG5IhA2A,39.95477680,-75.17267244,12
GWv1-6HFvZf4cOy1J6_CKQ,40.02588650,-75.22509710,12
a62d7e_xXeljJcOUHkJjkg,39.93064710,-75.17072860,12
rgSHLh2Le0Un82FDxbq0mg,39.94890100,-75.14578700,12
oziGQYLaEWOpNmPKrZP86g,39.93933734,-75.15974273,12
Oun4NN-u5yiHIxDqtJnxgA,39.93222300,-75.14746300,12
fN12ywQpLXQ93bpwe1N_Ww,39.94975120,-75.16999690,12
_UOg5_pk9IhKee91eWrT4A,40.02910300,-75.02726190,12
wocwfwSFrNfYJRyfYSi1Cw,39.94811280,-75.15364770,12
Z5po0aTuzKKblek5y6Sp8Q,39.95036310,-75.16622460,12
JPfe9B-RLrE5Nz75kcKImQ,39.94357100,-75.16599290,12
KDplhtRYnHOCnuIjIGR8fA,40.02382291,-75.22012711,12
7mpYTDb24SywNMRn3yeakQ,39.94187660,-75.14519880,12
fEqiXG_B-fn__w0aeF3nBQ,39.92941480,-75.16371550,12
SADPX8WX34EQDj_jqtacMw,39.95547710,-75.15729870,12
YqmClmk7oLcDzPWKHzgA-Q,39.92721600,-75.17147700,12
BnprLJ4Lr33--YjTmgk9Zg,39.96027280,-75.16923940,12
nF5QByCz21MY0KLtSoB5KA,39.91221730,-75.18276410,12
0OsR9lO16jxa0xWUY57s9g,39.94870510,-75.15315969,12
1OfhM-ZKvcpxyxptCCzEwA,39.95029430,-75.15098100,12
gYYMQeg4X8FUcCxXI4c2Tw,40.04561110,-75.06092070,12
wHkYLlZyPXllrQRlvidUlg,39.94970140,-75.14427450,12
3eJMsl41qwhcYlvoTF1ElQ,39.95032300,-75.17053800,12
vUkiYPpbkMXA99WneLSGkQ,39.95377846,-75.15704532,12
jEasa4Sbzy4NdLyzPPgQyg,39.94847390,-75.14355560,12
838bEDzZSPveDkAGrhVWYQ,39.95572180,-75.15677260,12
eoN0GAIRV0WmwUm7FmzKgQ,39.95594970,-75.15716030,12
S9IFCU4FKCqEriV1Rr2ZcA,39.95371270,-75.14344476,12
ueAkLzWFFTzQkq3jzyBlnA,39.95539220,-75.15469770,12
mcyhSRV0kcO57QP7al2HGA,39.94452232,-75.17270687,12
e4MoozYGqe_rb4_ZC1rYMQ,39.95272500,-75.17290160,12
U30ggGzFpXvc2NZYwOW3qg,39.94866391,-75.21583154,12
85e8Uyn8tIyEZCqBP80rqA,39.95008087,-75.16200000,12
gCcJTKC40CL0XtYYGfcXDw,40.02477400,-75.22143540,12
gQCKrqkalAc--4cuW_C_Ow,39.98048300,-75.11303000,12
t6g6Lj8WzjIXXucCl9jdTQ,39.95508060,-75.15617480,12
WYel6hMEEPNwzVUlVBacbw,39.95072311,-75.16750087,11
9A5Gw0At6so0x-vWM0_JZw,39.92901500,-75.15173650,11
CiTYWOKcXTZYztsT43wb5g,39.96741700,-75.16821700,11
s9ceDy-cVHe0uzvZpWq87Q,39.95368150,-75.15542730,11
WgyhlYg3fnSgco4qLa20cg,39.95066280,-75.17393320,11
KscVqYYG7ziAroZhfNb0Ng,39.96439500,-75.16122700,11
4_-IcMpkF_sBRHomWZHNzA,39.94146230,-75.15238523,11
4tU9hlfzrCpcGWTIm-OKVA,39.94963800,-75.17067100,11
kkcQYuF3w5iHnHMf0EnRhQ,40.01851310,-75.05813720,11
XU3Fe8I8dD3FaOmzAQXLnQ,39.94858470,-75.17444270,11
qaDImxPguQz0jToNYvB1Eg,39.92458400,-75.17267600,11
KyDcAU41QDQpYAFyK6Q6hg,39.94556540,-75.16278080,11
pW5DXTpKnw3y0fopipbJVg,39.95595866,-75.19065067,11
s2JiYzE7i68cXIV6YEcVTw,39.95282100,-75.21044200,11
eLAd1Jw-g1NKymBx1XPDoA,39.92755900,-75.16605700,11
XsfuqDqw9eOaQ_2FCv5MuQ,39.94917610,-75.15971400,11
SPEXSaryxJmVpy8QoRz7Tg,39.94817820,-75.21688650,11
oXr3EhnQCqA8SNWIZ3H4Fg,39.94374110,-75.16734740,11
qJxOT7bo-PdW1-xx3nK8SQ,39.94898600,-75.14377000,11
OChSrnaj5tQ1-wm7zoVT4w,39.96071601,-75.17013195,11
Ou-_OQUNvBcaAoRU0XPtaQ,39.95020820,-75.16184400,11
9w6o_eyKCSNKgMtAuv6KWg,39.96772901,-75.14067171,11
Sk1WdGuaCNQlQZ_u_JE0Ew,39.92712430,-75.16633750,11
QhgrhVKlXZtSY6gRThf8zA,39.92898980,-75.16474150,11
QKVX66UREuD6aQ0x_F17wA,39.93467800,-75.16053900,11
D5V0Fawd6ODVgqCY8xngsw,39.95174610,-75.16022860,11
f2RHDdXezLHILvM7v1xOVA,39.93613000,-75.15913000,11
PVVFos1LDfD7iETY0w4vaA,39.95021500,-75.16634600,11
sdWuLh-auc0nC2Jy6_26AQ,39.94842230,-75.16929010,11
Og1HekJMHKqsvtWaUp9V8g,39.95380771,-75.15862994,11
LO5yBY9uoowtq7FsaKPJXA,39.97149570,-75.12735890,11
5nqWNo7uVU1Zxm4tjnvkUw,39.95214233,-75.17028712,11
Mt6XTQfwk2DUD3AK29YIBg,39.95124280,-75.17411480,11
uJZgom8HpK74xz8IojpT0A,39.97079900,-75.13498943,11
4hv1n1VBzMvE-T4UtIcOcw,39.95131100,-75.17006530,11
9qXd3Frdpw2NFesclk7nPg,39.94873200,-75.15917860,11
Yu401DtSmkXpJhgXnQcFrg,39.95544000,-75.15698900,11
hL76rhaLE86ZJvZBuMeb6Q,40.02560090,-75.22349810,11
lWedWkinrM5j13pyimbpbA,39.94404300,-75.16951270,11
arKiXax3ScSM_z3O-0CIyw,39.94870600,-75.14268700,11
vuE1iseFrgNPumUEfHIZZQ,39.95210343,-75.17473791,11
Ea4G-2lAbodTM7FBaSO-tQ,39.96150770,-75.14508650,10
PgUoeGam08nCaLWJwrmrWQ,40.02913190,-75.20631220,10
c3a5La0D2L51qXVE7DIJLg,39.95187680,-75.17380200,10
1UNorskttXSWuEcgzKzXcA,39.94287420,-75.14564490,10
H3EK1Q8tqRGqPBps05Uahw,39.94120400,-75.16512700,10
jziliEq8Zum-EynD5v-Hvg,39.94978600,-75.15262300,10
AV0oofqbYjWYXPQzxNDj2w,40.07983510,-75.02857690,10
vpNJJNVgVmf2u1lfdFh81w,39.95230400,-75.17153990,10
LzVvcVm48zYIcQnwLKt1oA,39.93789230,-75.14460100,10
NJe5fkia_63rdKXRdJlmkA,39.94919870,-75.16184950,10
qBwOLby0sOJd3QG1o76W2w,39.95178050,-75.17291520,10
XQWZQjC73fCTRGWnD18-Eg,39.95144890,-75.17052130,10
RleiW2_QLyxgNjFfqDoZpw,39.96957880,-75.13838320,10
7cpj7hjDTX5fb-6pYcZiGQ,39.93906000,-75.14959000,10
zwd4dyQ5ovnjVojWfAuhMw,39.94864880,-75.14463050,10
eMiN8nm70jjKg8izikVWDA,39.91141750,-75.17451110,10
gwxNttwUgmOn3vsHYe0pDQ,39.96712800,-75.17237800,10
Gr6nYrQ_-3p4LcE4M84lTw,39.95702395,-75.13748351,10
dYinIkKBspHV5hSaukklFg,39.91962800,-75.17137620,10
V6Om7YZhlRQRU7WfuxHq8Q,39.95332247,-75.15900008,10
9-tZDrMjJYBbpCJoU3WXAQ,39.94405320,-75.16996350,10
SIoCIxjn4jLt2O-4DajWJw,39.94979400,-75.14473900,10
V_jy9Aemc3kjznqhbsu_Dg,39.95012500,-75.15879310,10
3wg8xiywSGA96DWCF0WOLw,39.96620979,-75.16037369,10
a_fp9I18WcbP86rQ4c_QZQ,40.12269880,-75.01623090,10
bN_9QgxdOIk4oK-6fBDJtQ,39.94517948,-75.17718969,10
6GXMHrB8u-3nq87zE1Av0w,39.95363092,-75.19298463,10
0S3TvsmbCeOZ9UitnpRd1A,39.95183280,-75.17339400,10
YN4Kk751tmdvoarGo8z7_A,39.95539210,-75.20261950,10
VwZ5NDbIu3elGQI6MzcXBA,39.93776526,-75.15832431,10
zujdPV3HT-Y-CKE1GgkMHQ,39.94841010,-75.17413300,10
Iyopb5uFIBT_HOgp8ipSfw,39.93768670,-75.16104350,10
Biidj3QszVuVO0Q85g5NPw,39.94829210,-75.21701370,10
K6hAv8V2cTuXQtU3VHAD6w,39.93842740,-75.15615570,10
_PvljXZHQlUmL8SuOXF8ug,39.95351710,-75.19263644,10
lFYqN66bnwx8MiaIAtesoA,39.94828940,-75.16396340,10
rOspf7E1Y8YAbVXTZyl-tQ,39.97684230,-75.12776430,10
e-ZyZc24wgkKafM3pguR2w,39.96997450,-75.13020680,9
688sqo63oc2y535vI2UbhQ,39.95331320,-75.15652350,9
yB2OawAQ_U8qwv7gu1huMg,39.95129730,-75.16657740,9
cFSyJluKa2SHtgMMvlx6SQ,39.94065178,-75.15761362,9
bIGFd99r3iUNB0xshlZ5Sw,39.94443660,-75.17080630,9
DsKzHnkLKnxZTVsFpts4oA,39.94928050,-75.14892880,9
ziyXteCmNmRprs10buP2iQ,39.95679610,-75.20883600,9
ZVu9TDpTvIgCN8x6IY-KmA,39.91402040,-75.15298390,9
3FKIev7ZB_KE6XHL9sUJCg,39.94808900,-75.15921114,9
h7n599RGtvFLmLycugT2MQ,39.92935220,-75.14547380,9
zpKTPWoW56wF6d9qNnxM3Q,39.96733130,-75.16582160,9
ZNWox30LIv7hV5k5YP8tCQ,39.95407090,-75.15768180,9
oDlF5bfcQrYkjK4D4_Nw9A,39.94050630,-75.15452270,9
KQgCflC8eqJU5kvJkByXzw,39.95354230,-75.15745520,9
MF5-JPr0auUkY_WLTTVUaA,39.94486085,-75.16520790,9
qcguEeAMP0XwFLYqhwX2hg,39.94362000,-75.16645730,9
jCKjT0w6BnPxNSZO9Q2uuw,39.94732573,-75.15431140,9
ZCj5o6j6_0JjGOe04WoLsg,39.94212390,-75.15443800,9
2PWmnUV2Leb2Loj0TqxCMA,39.95334932,-75.19351871,9
ghFNIv9_Bde6uquScRZD7g,39.98070473,-75.12823435,9
vl4uDnmI6lM9zBcAR--84w,40.02531480,-75.21139880,9
L0c6-mnkcV9fXLk0--dkWQ,39.94731000,-75.16655191,9
eY8exh1aLVVhW6z_M0u_Eg,40.03593692,-75.10795423,9
4qG7aFq9-45830OfYt7gCA,39.95661100,-75.14633770,9
u7cZUEGK6iJP2gvI22xY2A,39.98036760,-75.12303440,9
Lw1gzZZGI2GFQc6BI5zyJw,39.96039500,-75.16967500,9
A9bqf3aoiQXX9WBswewivg,39.95193471,-75.17568121,9
QYA0axOfmU8l5rhyn-sgkw,40.03127692,-75.10400144,9
nsH0hQ7xB5LS2_Ba3mqHTQ,39.93713500,-75.15806200,9
qRgeV1CMZawRblc2qjHo_g,39.93649200,-75.16501100,9
WP9GAuhvmUhm8MAxMqhgrQ,39.94126000,-75.14707030,9
vtSisxaozZ7HWpBl_W7VaQ,39.95000015,-75.16255136,9
QWZuvqTYTMncVdhulUU73A,39.94971180,-75.16936100,9
fIlR_iCy3m10_UYt6lJjHQ,39.94519600,-75.16280300,9
NUJrCPU51Cvip4ayZD1P5g,39.94766370,-75.16616400,9
GKBN0jG6f9XhvWmAEOgYPw,39.96713690,-75.14021465,9
lS42krxXMm-HIk7dntRsKQ,39.95290550,-75.20478500,9
OHzX-ZD9qyoeoxR8Z0dlIA,39.94864230,-75.14411730,9
Co3Ogqy6y2JgZdG0wBlrUQ,39.94504580,-75.17697280,9
UlQDf4jrww_L5b-AYnLO6g,39.94956300,-75.14312600,9
Uky0DD3LU4C7eyNDhpmOXg,39.95167859,-75.17570799,9
i89mbAOMy4HVJRllmIKyzQ,39.95112940,-75.17070780,9
7z16CBc74GhbyqalwZrJUQ,39.95475400,-75.15619100,9
D2OcZHMkznF5bbelwZ7TPw,39.95312008,-75.15898354,9
cbr2Db20L6P50CsxsX6c2A,39.96733159,-75.14044419,9
T_6e0SgNuKotySgVS8O1UQ,39.92987559,-75.16295300,9
JDv3h1xRFIW8fXckqgTdRg,39.95208010,-75.17476190,9
TjwWB-ET-qmO2-8bfIHMig,39.97220345,-75.13460286,9
PmJx4zNYCyR7Hx9AmgUUJA,39.95149893,-75.16692575,9
ZQc6EvnfQXtIK-8w-d0N5Q,39.96486000,-75.13463000,9
EzjysPg2-lVX1E0ibStUXw,39.96920490,-75.13257330,9
-5Rah4ZvWsDu4oilUZxhtw,39.95207448,-75.18517663,9
VJEzpfLs_Jnzgqh5A_FVTg,39.94708395,-75.16820541,9
8P8HIysyyGbG8_94cG1Jyg,39.94401102,-75.16914039,9
434A83c2ig6QxsZjrjclpQ,40.07260660,-75.03412460,9
UzU1N9XSoAUwn4Z8BIcvKw,39.93613900,-75.15819400,9
1Ck2drCXGh1h5bhc9aIRpg,39.96708230,-75.17330280,9
YaLKDgS_zIYIm6jkXWCxgA,39.96421990,-75.14045740,8
AWJyivVwe3t9BO-k8D0ynQ,39.94890680,-75.14608020,8
Hr6aM0s-woIJaW6DJSbvNQ,39.94889600,-75.16113190,8
eFvzHawVJofxSnD7TgbZtg,39.94460920,-75.15783310,8
LgAuYz5cQe3zTxuteJ4VyQ,39.94913057,-75.16169378,8
9rdEIoILba8wSZcrTLFzNA,39.94222100,-75.15523460,8
MlXH9dWYDFEBbwuGStlfZg,39.97123430,-75.13424320,8
kj3Lyh9KooU8GcRBbMDQWQ,39.94962100,-75.16525200,8
_k1CIuPkY-uLFm8lABFG8Q,39.95450200,-75.15699000,8
VSDdUwXktnvL_O0meKv7MQ,39.94833200,-75.16612700,8
7yPzOek7Af2dKWGYKpcHWA,39.92741100,-75.15565552,8
DRr5xdfHtqgWfhmdTU1B8Q,39.96756380,-75.17549150,8
xxL2_-oExRCwKs_Nyr0KiQ,39.94835137,-75.16667953,8
pWzrmh1oiU9ngWXGHKnnwQ,39.95301839,-75.15940010,8
ZVjNax0O1qixmtZJ11jpkg,39.92626030,-75.16745790,8
hdtnpHXn-iIFTzPLvoOK0Q,39.92885140,-75.15218475,8
VP8HMhVt-pKmqGNmDW4-TQ,39.95659300,-75.16077200,8
KkdLjGfVsfGESNkE0ktURg,39.96903500,-75.13455700,8
r3X75SK37buS94mDls3q_Q,39.94936950,-75.16756660,8
T9C1od-JorSPXwXgzSqM9Q,39.95549425,-75.15597460,8
Z5b1Me1YBZGQAxIx62vmqg,39.94383330,-75.16753370,8
oqy15jhe1lOXttEvd4Srog,40.07359654,-75.20261421,8
9e_rrzyTolsH1RUXHOvsMA,39.96339820,-75.14115290,8
uB12vX5p9T8z0g2Eq3bBBQ,39.95012040,-75.21243230,8
iZNR8-rqsBL2afDk4Zxe8A,39.95395627,-75.20972418,8
QXGnmsKYANxOyZBqM-zlJA,39.94852400,-75.14372970,8
gdo6ygbZlpZY1mj9P0sxLQ,39.95299926,-75.17144307,8
RUfWgnSSQKjRNBpK0wSxfg,39.92716080,-75.16685060,8
B-DiQpcSTJ7oMMnwzbAGTQ,39.95428860,-75.18553770,8
-sTrihdzACrsOSu1FYdfxQ,39.95022750,-75.16686350,8
5Qz7TJFXhm8Mjc8xzoSV5Q,40.04068450,-75.07585250,8
_vi0nhfx0jSlIOp8PzD8QQ,39.95072110,-75.15831260,8
venWfi69QVylbyrvaPt0nQ,39.93941175,-75.17732812,8
ohWH383r60AREWh-aphpSw,40.07506940,-75.20551440,8
Wtr51cNrv1pYyIRg_IawYQ,39.93165300,-75.16632700,8
5Fm6khB-De-OdqATep9J9Q,39.94894440,-75.15904430,8
hcxea89M_U__LADtu3C0kA,39.94262151,-75.15796229,8
jHk1OJi16n3BlO3LxkH8cw,39.97421400,-75.18250400,8
eLi0bpsDoWQkBhJX1d46tg,39.94959610,-75.16112760,8
q1VOESxR99qJvpubnNxyJQ,39.94875313,-75.16009496,8
j6usntbtSzFyuwx4n2mn1g,39.94999402,-75.14541533,8
Mna6U7kUX36l8-dpDt-U-A,39.95041690,-75.14567940,8
GWqPmrWu0kXB_-gB1H-j6A,39.96748150,-75.13695700,8
ZLKLshuZ2HcwbPDpb3l-AQ,39.93490470,-75.15431010,8
fwIhAbiaJBuJnt90mZSTBA,40.09610251,-75.01470919,8
8ueey6KW9crymWsjjFLr8w,40.07926025,-75.02643873,8
b0YICdDCw8Ck6hJPc1Z5HQ,39.93833610,-75.14434540,8
PhLYLCjM_dS_seS_fMBVeg,39.95152143,-75.17480995,8
l8gAoQqqVfphPe9jmIJZ3g,40.09246850,-74.96293930,8
dpiaAGgEMm9Lf8dbx0yEJQ,39.97981990,-75.12982200,8
sQhh7JCGpqNgf0hHWc4m8g,39.93725004,-75.17710984,8
u0Bt7uvvj7LAjAdiMtrhug,39.97060680,-75.13654650,8
Fay6yoOC6iitEt3QLkrcMQ,39.96981990,-75.14263120,8
S1FwTmCAwv5ulu5gToWi_w,39.93438690,-75.15899570,8
2SYEGA2fZLdzZQ9lmIfM5Q,39.96670000,-75.13997000,8
geFqswYwGZ_XmuSJy3DEvw,39.98352634,-75.12582634,8
o7YE1WaFeQg_piECb9cgjQ,39.93653400,-75.16139000,8
POuaebsAeCyNx-8qZ3O7XQ,39.95412057,-75.15603434,8
mNXfzN6L3GPJdUJXbSsmfw,39.94120900,-75.14485800,8
T_GeXNYY_zO0WpJzBxQj4w,40.00889247,-75.19370165,8
d5fAUl4lKaNxGfiXj4Kygg,39.94285500,-75.15720700,8
32It9NN_lVismU9tcuLB0A,40.06342070,-75.15312440,8
i6jA8vSHrP9LiUPHlqPVwA,39.95351949,-75.14481150,8
6FJOC5YTJOBeF6fSedqOOA,39.98204070,-75.12158410,8
uIZwBkvWicqyWraXvYOipw,39.94550177,-75.16536776,8
v5iurptJZo_7xm2Qm-3lgQ,39.87553416,-75.23806457,8
j99PtxlKTW_u5alE4jiqHQ,39.94005840,-75.15786550,8
lRznUOtLYY2GP_dvc7kmYQ,39.93232490,-75.16398910,8
YAUUdbESr8BYQ_TFgDjT5Q,40.08659911,-75.03794890,8
xruWHK8Z5N0JWyQubLHjgA,39.92102210,-75.17443130,8
kL98j83h3QFUoSBBevCHOw,39.92159600,-75.17867900,8
jHZS9GIhW7s9r4w5w-0A0Q,39.96751980,-75.13981000,8
hX_8ZUmIqWFWzjdiPrf23w,39.92979330,-75.15804220,8
uE40984_YDgVvPeRpFcCaQ,39.95243880,-75.18733870,8
swcfmflnWlhnbvPOHvPq_A,40.02563012,-75.22346009,8
5ItgryJvadUrKVljjJ8l4g,39.97236900,-75.13919650,8
9OhPfV0C3Q49l5tSre2MuQ,39.95647950,-75.20652880,8
x8H-yQUbbeaC28Sj4cqy4w,39.89461170,-75.22929520,8
vwAhm3pRjCEz_jNXr9vMaA,39.95580260,-75.16945440,8
benTAK8255VkJu14ZxVtDQ,39.92690860,-75.16660800,8
O6hY9yenifuRXrpc4TfgsQ,40.05716730,-75.03048357,8
MM_v-KIUJiXLCxnkIqPKWA,39.96169693,-75.14128922,7
JrDLf5e-awIC0suNlK39Zw,39.94846489,-75.16580530,7
muCelHtTlX5PrJd8JKkf_w,39.95445000,-75.15432150,7
QJcjW79f5k_HLg5_KgjUtg,39.97745330,-75.12452820,7
14ZGwnDyydXdSBsLXpSUrA,39.94830870,-75.21789050,7
LtLbT776NOAjva1ttA2h3w,39.94406400,-75.16760290,7
AFe9CAVwXMQe1LssZ-jJmQ,39.95125450,-75.16669584,7
Jn4tRtjIuz6MBCykQySpeg,39.94197890,-75.15323170,7
XFfuR-F1_wDbcf8xo2DVPw,39.95527050,-75.15662430,7
PxEiXqMAzzvp8GFlb5EoLg,40.05950800,-75.19083800,7
uvj_tGQrGDSVXjNU4pHjCA,39.95569561,-75.19858011,7
UdcLHHBRIxtelgbKBnhitA,40.07946840,-75.02539030,7
kfpwO_cdVQdTh2_oMDZ51Q,39.93653600,-75.17375000,7
KZ2V1ZPnrwoT0zcJunyIQw,39.94867722,-75.16741407,7
KfIPQSLSj_rJ9zbsdO7wFQ,40.02678869,-75.22673338,7
gLpp7kjR9Zg6ypG2lRjAYg,39.96309190,-75.17092030,7
aca4m9TSqTxQsEQ2H0KSwA,40.06002513,-75.19108852,7
elSnD7Vuxnlg5_9gTqBqmA,39.94856663,-75.15716900,7
fcGexL5VH5G2Xw0tRj9uOQ,39.95074520,-75.17016790,7
3Rj9ItAP5k_i6YVmFJgC9w,40.07686287,-75.20755307,7
MzFhaFNbE03zF84BPkN7yQ,39.95487592,-75.19393252,7
oGMwCmV1EQZgCdylAbK9ow,39.94378090,-75.16817290,7
fcpHrRopilvsBwUajFB5rw,39.95328890,-75.15785430,7
L_Rwy6oSAnMUY3NCDspxmA,39.94196900,-75.15420700,7
s-Ff-8M5-AR-5jl59lCj1w,39.90444850,-75.16963184,7
2EmAukTYm2mOBEIKEYBRNg,39.94955710,-75.14398050,7
bffLbfi1IEAff5C2IHJvFA,40.02537370,-75.22386280,7
jULIPydhMj18KOI5OHTwfA,39.96091473,-75.17082678,7
xWfm4AwLZr-B97fYVsIgCA,39.95067540,-75.17400990,7
pmXIwjsdAMjeW0xyPMRe1Q,39.94807340,-75.14284040,7
EhotxJEJxpMgCJ0F82Buvg,39.94690512,-75.14409237,7
2Gik-IBYVBuU3e10pVdkhw,39.92848420,-75.16536130,7
uBDXcXlLR9IuRV1N2m0SPQ,39.95366190,-75.17542040,7
hOupS2QRNIuMLfcpOqC0oA,40.02956210,-75.18084910,7
2qHkwqao9GyxnDXHzCv4JA,39.95382960,-75.14494990,7
-wwhD6SwDOJZlbZkHlIchQ,39.94754920,-75.16011830,7
mBgaPljP3OYkl_vGKTyFNw,39.92867391,-75.16509328,7
8vxNQrL_ONPNXZ1VuMTmCw,39.95134944,-75.17939467,7
5YkucjpFYEhg4gsWU4B1hQ,39.94932600,-75.16901900,7
04UD14gamNjLY0IDYVhHJg,39.93801320,-75.14813070,7
kK1re49IK3jmCYTL6B6_lw,40.06561300,-75.19578400,7
fyxmwXdg9fJ13TpuF-KSbQ,39.94116160,-75.14740100,7
4zQV6v8TwEYMwI9Ekdf19g,39.96851130,-75.17851230,7
XIKYdKWq72zUYsq8NBxcCQ,39.94854740,-75.21636630,7
bZUmx_CkQkAtFwAVqVhFrA,39.95545500,-75.15490100,7
ktMvtPI3TBkTOpSf1sTXWw,39.97311570,-75.13391860,7
JVZ_c3k01uAIas5B61iISg,39.95203161,-75.15969306,7
C9UylQTOh7uwZo4a7QhLyg,39.94893700,-75.17595430,7
OddKlB5d2KQpIP2rJt89ow,40.03378250,-75.21583990,7
jOaJ4PFGhGiM8fhuYcYFRg,39.92651900,-75.14569000,7
pDUcsN79bDwhOMBaD_tm-g,39.98817000,-75.12820000,7
LfrCUDzg66jncxLvNxBnlg,39.94534390,-75.16423270,7
3lBooCffgkW7tVSG5kILBA,39.95134800,-75.17511390,7
rVfe1LHo55A2fworkm_jVw,39.94857751,-75.14502257,7
Mz2ojdB5s1xW_tILMLXEDg,39.95523220,-75.15581300,7
0mijbNf-7wiKJ9xto1pAyg,39.94937764,-75.16954098,7
AKrFJ7vuBbLPfE9u2HVEkQ,39.95466290,-75.15616200,7
ulfMNXHzGVleRf2U5KwiQQ,40.05917600,-75.19044670,7
Rzx2E5XgTeGU7FEbUZ-bGg,39.91712750,-75.14183180,7
gEX_kEhYgvLKGJtlY45BmQ,39.95390900,-75.15478890,7
6LYmMCltMzSMK-gMjqWTCw,40.02570370,-75.22459210,7
waWvlZPOgPkfSTsnCju4aA,39.95091400,-75.16641730,7
dgGuvdysSuWOv2dKqZTbVA,40.00750555,-75.21224898,7
N_6lpdW1jhAx1EVcHJPK5g,39.94853577,-75.16306485,7
8va8lpVU8aiQtnSbyjVScA,39.95315930,-75.15909840,7
jM-oH5U5zcnfpmcbsgMVHQ,40.07416720,-75.20309820,7
2pLIQ0RHSmUbF0eIRT0LYg,39.94955660,-75.16170910,7
i6DlLLxZ2iwQRxhUDx3TTg,40.03423160,-75.21914480,7
fFbRLJVbT8DnEbm9sjDuCQ,39.95049389,-75.16274594,7
JomDoQafikclSVVCPkWjnA,39.94796000,-75.22198000,7
_n539Sga7PCvHQs--a4qkA,39.97199000,-75.12887100,7
A4CPH0tLHOrtoTVNQcJSRQ,40.08376410,-74.96565540,7
kiA1mrC2ZVoRmpsWgAT7ow,39.95348600,-75.15657500,7
v72qGvd53IxhM2m8aatOpg,39.94631880,-75.15796090,7
erz6oUEJdx787WyOlxMARw,39.94006878,-75.15942296,7
LdK6Tqr9-QK8eNezCUes9A,40.03599540,-75.23590636,7
4RMHlggaIdNibPUJPVEd6w,39.95528000,-75.18251000,7
DAbpxhhHOxInDNLdvWrTTQ,39.95215170,-75.17689730,7
M2RjW47j_aL4qvBYcJEYtw,39.94936000,-75.17789900,7
Mwc3n5Psw9wRaQ22vZWDYQ,39.96712549,-75.16612409,7
ySlb6aLKqaUmS9TS7ZCI7w,39.95469632,-75.20232816,7
EreYgrQPuR7Sk_FKeZZg9g,39.94728250,-75.15362780,7
SHYPQbYqbfK4CwTDjtBH7Q,39.95307175,-75.15941934,7
v1LfhgHi6oGSInDKwMdtFw,39.96135998,-75.14135821,7
4hQxm6xckt0EGqfAGzQDyg,39.94150370,-75.14898620,7
8xTHtLoNIwdpf0FEvIpQIw,39.95322224,-75.15946963,7
TKPAyOWcexkpVHPCdYTNmQ,39.96200617,-75.14094956,7
_s_51Vmq1LVQnGFSa-KfUw,39.96448439,-75.16186006,7
dcmaQZhv8eaKptO8B4hZKQ,40.00922954,-75.19386310,7
KHQXmUFiAD0FHvrMSakJBA,39.96706100,-75.17124300,7
MKsCFQuzmgH2We9hwTQ8gw,39.94196520,-75.15105240,7
hAcBP6zU9qAs6o3cbUW6MA,39.95455981,-75.17052038,7
FcZxIZcFyJFDny8J83KzCw,40.06278500,-75.23744700,7
0o8k654DD4h8ywBOXP1GRA,39.95813346,-75.15842490,7
nYeTVhBwwF5aCGYo9-aLGw,40.00792700,-75.21118300,7
zjTBfbvbN2Ps6_Ar0w-fuQ,39.97925810,-75.11215540,7
B5eJm8A4eiuPLW5C6l75dQ,39.93804100,-75.15821520,7
BfQ4W2cNB2ZSd7yaAhE_BA,39.94358400,-75.16690000,7
Cjwb7VQGP0u2eWYj1wnO3g,39.95119920,-75.17065830,7
pP_jeWrWq-lvMitmkM2Gkw,39.95352130,-75.15974420,7
eqNutOMnPqKa9QDAY6KfEw,39.94808100,-75.16080930,7
hUX1yAimviBIhb21D_KtcQ,40.02456270,-75.22099580,7
Aw9Tldxcg5ifodzn0R2O6g,39.96143701,-75.14150300,7
hHs2Ytn2QSHnFscnALsLlQ,39.93039510,-75.14955620,7
khH0QtNyUjcExh9i2CwGfg,39.94190680,-75.15264300,7
0-7N3z_cb3Z1xMGDrbez6w,39.92603200,-75.16780000,7
a9tI3YQyIXHqt0c1AxaSbA,40.05506491,-75.21813154,7
v6tFMx_fKBcfiBagKb_EIg,39.95603630,-75.21542960,7
bdteJqgoj0OaALhj9RFtmw,39.95561661,-75.19892653,7
i_sAh-ylmOwCQmqRmXox8g,39.93913810,-75.15790720,7
OxQK9EMUXqynT7dbWAP9wA,40.10055220,-75.00925368,7
V8we7-uCa-SouadZmZ9Ieg,39.94910390,-75.16588130,7
t3PkHzVTvPA8qRxKe9TIkQ,39.94804100,-75.22423880,7
TRwPE6wsoAL6_fRaFdB4FA,39.94818200,-75.14315480,7
jt1TfLJQN20aoVskD_8DuQ,39.97129710,-75.17763450,7
c5w3gViEODLmPJBCeAVUIQ,39.95119920,-75.17065830,6
gbcWVIt0cSJ2iDYXx9lEOQ,39.96462850,-75.16604500,6
uVJkqQ1U9MH7hBorrwGhBg,39.95390290,-75.20432500,6
tBQcVd9c0EHKAXLZn_v54g,39.93650316,-75.15669415,6
NABcZKRWQF9-rDVt0P0bhw,39.95628222,-75.15419000,6
JKR09pJneafnwpUg0FNEzw,39.95357230,-75.15808530,6
3lsE-1hRI526KHKbeytPcg,39.95089230,-75.17390470,6
HUVLNeBs32cInBZVFS90RA,39.96645066,-75.14556357,6
5UN1B7XqZohGuULLNlWL1A,40.07418720,-75.20308390,6
jyiCIbGkuhxawoEBvZxUfA,39.87476100,-75.24708500,6
7Oq3AI3omXpvcN9xDzNeLA,40.02621430,-75.22507930,6
D48I-imYNjFo9bmsiZc-YQ,40.06493420,-74.98361560,6
LM4-MPJIIwQlpBVZuzbJxg,39.96968213,-75.13140635,6
40O7uKX-uAG_JDrS-OM85w,39.96467350,-75.17410020,6
wUnLSg_GKfEIQ5CQQ770_g,39.94664410,-75.16318670,6
lRbHFOIFuusN2WOR_ypQ_A,39.94515620,-75.17910500,6
9y_0_oMDt9R5n2lDcWQv3A,39.95598500,-75.14432560,6
YtSqYv1Q_pOltsVPSx54SA,39.94894870,-75.16953170,6
NXbsRaSCuPKbcCuTVHA57g,39.94397670,-75.16734070,6
1yuSWypzGewvhNZSwUlvPw,39.94061350,-75.14757200,6
Cfpv0IjS0lI4CgF1fpbF_w,39.93421150,-75.14742410,6
ckF4SrqKfSm8ndr88on1dA,39.94112705,-75.14047871,6
LizaSXXtaPjbxGtwo_rw9Q,39.94138510,-75.15033110,6
sL6fC0P4C-gyL4E5gacUeQ,39.94457100,-75.17167900,6
cPDX2Y4H0fks-Qj5tfBduA,39.95180370,-75.14386270,6
OAWa1WML2V1ZLJGD6V3nBQ,39.94716980,-75.15944040,6
ZPFdJgzPjEUM6BoFfoV-ZA,40.07710230,-75.20887260,6
YcbICqp_TlaxNx7gIkRSzw,39.96747600,-75.17116600,6
bSWL0YxfawjS03_g2kgujA,39.95144530,-75.20291590,6
na6kPgbJ8c73JELysDrtuw,39.95190900,-75.17561430,6
GfIk-0bOXYDR8yXZkDCM0Q,39.97966300,-75.11616800,6
CuyQt_cUFS1i738GXTNciw,39.94510620,-75.16061110,6
mCo2uVTTGYrEhRrkQW-CMw,39.95394030,-75.15630930,6
ol5npt2HXo9r3yKa3wBlYQ,40.13195620,-75.01227380,6
0sb5sHF_BNcUzDxuia-D1w,39.94281800,-75.18332200,6
aCHS5pnDjChkHpFo4-EfKg,39.94516200,-75.17025910,6
AZ5sk4X3LQ5BNLxeGPaddw,39.96121210,-75.14157080,6
VC7VTddnZmY6RQoLQd_49A,39.97502240,-75.11839320,6
0X5TTmfBPPY98Ra2CcSw0Q,39.92840952,-75.16321063,6
uxZENO1iy7tz8MK77L3_GQ,39.93029290,-75.16276860,6
JwKs0t30KXFg1B-Pnm5FKA,39.94903860,-75.14719980,6
gy0NuW7nzIuZNq3lLLlgzA,39.95084902,-75.17064992,6
IP_E4SHLClorhNg4o5bw9Q,39.95089562,-75.17836712,6
-Ti5pwj6mA99khsxxur8aQ,39.94997850,-75.17965220,6
svqHsPiOz2aFvgQxBciLXg,39.95079500,-75.17399000,6
9ujreFoSYcURn43VkCkIhQ,39.95216260,-75.17584780,6
azfjxlAnSATyLBAGiuSq3A,39.95518000,-75.15557100,6
2ZSnGlqj8JOWcN2bNf-3SQ,39.94829480,-75.17281545,6
gXiWHYBuPLWWXZJPOP1uKw,39.96994522,-75.14753515,6
9Qe5ib0bCgRITjYn-iA-Bg,39.87600900,-75.24296500,6
OoFCe8VbzzCr88SGC08omw,39.94821560,-75.14369700,6
TUtOrI_GnVwSuHHTTEN8MA,39.92722280,-75.16632610,6
LnZvGYbqozanOSevcftnrw,39.95354900,-75.20299100,6
Q9poenJ9SS3agpPo4Pgyyg,39.95462070,-75.15427590,6
7pwZZVVlYCxQvVdd8Q03wg,39.92414710,-75.17007670,6
_9x1oSQghxEPuUeb5NPShw,39.94055909,-75.14588027,6
aa8dyLuupbMRyexfCRiLIQ,40.02627500,-75.22536700,6
QuU-a6FEcC_aZTgZkYFeLA,39.95075830,-75.17426900,6
gvD09Ev1aOmphtlq07zYEA,39.93628200,-75.15214200,6
fneeyCOYV5-oVeQP0TACog,39.94889800,-75.15971700,6
y8gjlpJA89qDRCLC0JQaew,39.95049970,-75.16669600,6
3M69f6Cg2CAgpEcIgoKS5A,39.92258301,-75.18481406,6
8KBDQlSdjJ-NoLbpPvkOrw,39.95345240,-75.14043627,6
q9WA6PqTLnB78DWPu5YJ5A,39.92990500,-75.16294158,6
0bvtIbpsqBJZpRKSPwIfNw,39.95020100,-75.14228500,6
fyHua7e0AnjDmuuLXg1cLw,39.96309410,-75.16452940,6
DhBe7gF3li2eCYRjwi2_Hw,39.95427170,-75.14631390,6
RZtGWDLCAtuipwaZ-UfjmQ,39.94952900,-75.15213900,6
zU5PPd9j4bYC_MepNSEDcA,39.95577150,-75.20165440,6
eXKblEHP3YJYU1Awz08hVw,39.95198800,-75.19912300,6
tiCdi3sz6PlKc6MOPEWo7w,39.94887390,-75.17887700,6
H_yVbOCHTEocWeXl6UXkIQ,40.04399800,-75.19072400,6
OhSaEeJes7JLtk3MGMXXmg,39.94905460,-75.15973860,6
oVwEPg-BADIFl2SlGma6jg,39.93392524,-75.16524307,6
ADe114o7Z4vb1O6HkM6YEA,39.95348111,-75.20292532,6
wuH4TPUo8oJo4E59xZKsNg,39.94920671,-75.16592011,6
v45E6gg6MrAziTepkiWByA,39.95220450,-75.16954090,6
YO9Ycz_chfmoW4WI9Ou0ag,39.95212210,-75.17207910,6
0-JRAY0LpBazDuA9761U5w,39.94941083,-75.16869774,6
Ippv_wErDDItMRwmu1de3g,39.92390400,-75.16745470,6
jkUjZI9RjmoIuMPpwpdSRw,40.06508580,-75.15534630,6
Vw7dJJFqzLgxEsneIvmy1Q,39.94967200,-75.15256200,6
LVNt93fRgTR0C-eubUshbQ,39.94893630,-75.17598960,6
D_JgJY5V54i0EYOdTHmWlg,39.94676590,-75.16112690,6
17MK8qagV374AuUA4sXuIA,39.94910400,-75.16476800,6
gjALduh0HJg-xMHMm0Uz0Q,40.02731900,-75.06002550,6
0K4RwxdAcViifyU3Htzxww,39.94047710,-75.14936070,6
ckbvLKwjEb836t-EDKsVVg,39.95416580,-75.21160040,6
MYZuMWSZ9-1q-_1fbWfvow,40.05242870,-75.15800310,6
OLkS4jfozQpUIUq0K6t_IQ,39.95048740,-75.16921310,6
xAW4nw9DrW77vWF61_l-Qg,39.95236200,-75.17206500,6
IcLm9Z1zphLnzUvrFK6aiA,39.95179900,-75.17821300,6
wopwoiKIllIzcggK7HkTmw,39.94818390,-75.21966910,6
7QfRLE_ti1yA0NqTWKLjdw,39.94801180,-75.16802470,6
34-i9B0d0r0575-x6xDTsw,39.95028000,-75.14548100,6
ZdMr2rrZAYfPVewtd29ifw,39.93632630,-75.14693730,6
I5KZm-NnxYeEQsmp6nK5_w,39.96986230,-75.14399190,6
tl5dthD9F3vGCww-N9kSVA,39.95393707,-75.20287415,6
mbglgx3nbRRPKxh0SxDjNQ,39.95900254,-75.15823026,6
_Q3XmBesceFqn9Dk-w6tlA,39.92641810,-75.16645130,6
NVN_23yYJDf_RAinqFICDA,39.94195550,-75.15323730,6
S21Myaj831l5rG4AKEyekA,39.95057181,-75.16579296,6
SOsjW1JARmtHUFtpFlp8rw,39.95029720,-75.16615560,6
BM92j54mc-c-6MWqWSimRw,39.94774700,-75.17910400,6
VJpuuNZ8QXR2zTHIhB0yhw,39.95192900,-75.16842100,6
5hvO_zH7B1n2humawoPHrw,40.02426140,-75.22222180,6
o996tDYd0KRgeuY9mDeAGg,39.95539570,-75.19863370,6
hz_jlKOsbQT3bsucp670qA,39.95459504,-75.19510470,6
RGzIHIhOIZzsjLRVDvSjRQ,39.94776822,-75.16017155,6
pCDx24yFgVZ3EwOwDMedHg,40.02325960,-75.20774830,6
C8qLAGhE2UP3NgdShFuOPg,39.95422820,-75.15623080,6
0KEMPs7BD_WHI6zGpDcKjw,39.94825700,-75.17419900,6
rZlmMVYGaf1q6q0KoJh31Q,39.96876800,-75.17815800,6
IS3h8_4gL_IbmpVTKDB3LA,39.93808050,-75.14652310,6
aXr74YWu67vUtWsbmICbag,39.96079265,-75.16984163,6
iVUn8TARiBRzrgvDXpqONw,39.93666000,-75.16123000,6
xb5NsCqvQw2uE5HoQyDr0g,39.97894721,-75.11539224,6
2qVZiMB22YPC2HCM62Gnbw,39.94986573,-75.17339163,6
csfMjRRfr-sku6L6bhEf_A,39.89517840,-75.22797260,6
ZRb203peHsQKibqyKqZaGg,39.95386300,-75.15604100,6
lfIQztu4b_W4b7uCMzmyLA,39.93189529,-75.14623254,6
vrQCClTDrPSbIHO-ub8qFg,40.00304830,-75.22192830,6
peeXG1Ra-DClPQv14jvKvg,39.94833300,-75.17452100,6
BIfo9AKEpC8oIwB60YAR_A,39.95109330,-75.17713300,6
Vnagnur1os0ZduOpvDH27A,39.93795120,-75.15823800,6
p9Dd6AjOawHGGzcUntYr-A,39.95224552,-75.20910383,6
1ENdYUfYzDu9yyI3-MVklA,40.02612161,-75.22460503,6
noBinj5ChHbPCHfqTcUO6g,39.94724120,-75.16828190,6
mhm7pNRVZhSr3RBo9Y2NSQ,39.94990620,-75.14505790,6
MUTTqe8uqyMdBl186RmNeA,39.95394900,-75.14322620,5
HngRiL6Z3DFTDnNsXZ0TQw,39.93024900,-75.16326500,5
ZPjokVSTWDyRMWxaW7z_9A,39.95937500,-75.19487500,5
c6r29yLfVhZaSyrtsNVLRQ,39.92994990,-75.16291750,5
FJl6LCHbqiM9mvSwDjFAjw,40.04215480,-75.12895250,5
DOl21AqtT74dUZ3kvXNNcA,39.94152013,-75.15097027,5
v1msvs2bf_LwGUnIcCgSEg,39.96038000,-75.16935000,5
8LonS_bxNmCDk3FWiG9lzA,39.95192300,-75.14433500,5
wTCA2ZJsssbOCjG0h0ZiGg,39.93013562,-75.16282500,5
KrKQChZ1hwHHVaUK9Zc-Ag,39.95157646,-75.15966844,5
j5IsoB-xT1Kqp8yQjQnaXA,39.91295812,-75.15380347,5
6bmVsTncY7MzLlbraU4aTg,39.95701110,-75.13748150,5
vt_esoDw6HG5ClM12OPkMg,39.95051000,-75.16920480,5
baF2ZFEtsIo2A1k61x3QSw,39.94401160,-75.16899250,5
lh3ApskP-4XVdsQ-82792g,39.94510090,-75.16308850,5
bTve2mwLk5Zc01vRKqc2KQ,39.93855180,-75.14963560,5
wc2XgFV0HnvgF127QHkSNw,39.92794350,-75.16205110,5
xQblY1vBHV8Fp3Xdi3rDcw,39.93693950,-75.16188401,5
xdc0TbKkHMZN3N82oeq2XA,39.94898440,-75.17015080,5
6CpCnFzpyOV4ymhNP1AOGw,39.93391600,-75.15552990,5
Op8RPQBkiix8nDWsFvhnqw,39.94840812,-75.16682658,5
TbjqvdrSBm27arbKbReRfg,39.95587200,-75.17252760,5
6LCZLGa09Qifn6rG7-DNrg,39.95379300,-75.15583200,5
DRMEopD9Td8OoDk-JWm1Rw,39.95341736,-75.15495911,5
dyxO905efg4xDODf-FCzZA,40.08373705,-74.96617754,5
W06QBC9vkxA5CVBNVrOMRA,39.96350593,-75.14278210,5
aNNCjIDnTxn3YXRa4SnzYA,39.94894080,-75.16681940,5
N4UpSKh-PQNfvk4w1QAYrA,39.95221510,-75.17555752,5
FnEkr6LzjuGsg93Z7fkl7Q,39.95439500,-75.16984900,5
rhdzgIxt3PikpHXm_QNCew,39.95512330,-75.16812938,5
yFpOyYTVc2p2I-vNxe4nQw,39.96585100,-75.14413500,5
-Or44IdY51Ukd618kikmtA,39.96417913,-75.14942413,5
xCXGV3wEvYd4xBGx8ZRFQA,39.94499914,-75.17709972,5
TE2IEDNV0RcI6s1wTOP4fg,39.93763600,-75.15808247,5
mUdjeVjdsiOQMBK41x0Bow,39.96883950,-75.13514130,5
HDGTOksawKXEPeoCUrH96g,39.95499500,-75.17078900,5
uHhnnzDTPgjBX-THV_cCAw,40.00892960,-75.19397930,5
ZpgVL2z1kgRi954c9m9INw,39.95392940,-75.14322620,5
I1H5s9cVCGh1nH-4bhsSDA,39.93903940,-75.15922700,5
4SQ5uczVt66-GGGeNQRfEA,39.94848760,-75.14420860,5
B6Cn6maWQ6sLhLwYGLhSlg,39.96307091,-75.16427010,5
NbOWECn3ilz4gWL6dm5P6g,39.94710139,-75.14718299,5
VbGGpt-Q5ZeMxSFPDbPeBg,39.96979760,-75.13180890,5
Jwp0yYMeQHdPaZZA4DQ7qQ,39.95549450,-75.15525630,5
1N7RWvz2c_e640PsvnSc0A,39.97149770,-75.14449360,5
zrQAj03aHI7kpmAiyKcKhA,39.95369078,-75.19333849,5
bgxDswHIdFP0Go0pNfyAAw,39.95434900,-75.20215860,5
NQ01WqVX0tojNHKn-0sFww,39.95445648,-75.16675428,5
5TZhLeZKfuSqrz3rnVIUxg,39.94846210,-75.16252600,5
vufXnNdvRl_Y0wAj_wLzOg,40.07370200,-75.20261800,5
zRjUMHQJ5gAmFhcXZtLacA,39.95632970,-75.15706900,5
N2tq-0lhGucwixmXRHjE3w,39.94865850,-75.16598430,5
J36em-jyd2inHyXC20jtXA,39.97011110,-75.14867790,5
Su_KoRa64akK19myzyK3xA,39.92621030,-75.16752310,5
HtHIZmIOEaEIKaCROPtnsA,39.94918160,-75.16783580,5
dvLSJwmlPAZioS3R5B3Wtw,39.93447380,-75.16942510,5
q4AxwoWQs6rk2nkWJuYZIA,39.93235590,-75.16110770,5
oCoiJ-GBriiupCgpgWfVhQ,39.95372710,-75.14396910,5
_3NZVCWeyFZ1_vWqi2avjw,39.92446580,-75.17930690,5
N1ZXhAVzOzbyCBPEXTaUUw,39.95511440,-75.20245100,5
zucC7rHpXPYBu7aEqj0NUw,39.94689050,-75.16235670,5
d3Mo1nrFbiOPa1_8xs4YHg,39.95144890,-75.17052130,5
DTbKzkWQGWJsHvhE6OcUFw,39.96708200,-75.17748500,5
K9cn-DrPEEXse1s1n-6mMw,39.94111360,-75.14582500,5
JXnatL1ALEIL-0JZbDitbw,39.95057440,-75.14546390,5
iegiacdW0vbAuKjb7FYFfg,39.94871030,-75.16069148,5
BWdDR_4lWAE6uloubO0oZw,39.93216900,-75.14458820,5
-lVEVi3vtQ8_L9kKT0bBwQ,39.94837200,-75.17085100,5
Ldch7Nc5gaZrhcIRd7mcjw,39.95358520,-75.16097940,5
JXYKzNSaK_fznAXvmRdYPA,39.96958885,-75.13433809,5
15JFk0bn7HJ9g9-N7tXl_Q,39.95401180,-75.15628270,5
0R2yKDNMUztQwgo8pG4z-Q,39.94850600,-75.14347500,5
bKaBjDbtwQh_T-3ZpKJxRQ,40.06237430,-75.08367720,5
Wkjt6DUTGX1zKpX0OnsvcQ,39.94904300,-75.16591770,5
tqUQHX7gsWK2d2rsUuUUMw,39.95294050,-75.18690580,5
xmCXx8SkgKOJa-QeayatUA,39.95230010,-75.17043010,5
kn0-Tc4JFnpnlCyqG-3X9A,39.94911000,-75.16309000,5
yG5tkMER9Ftkv4RDwMaQuA,39.95918401,-75.19457333,5
KYPhGJIibu_7ePIX4HNs6A,39.95313680,-75.21866070,5
Gw7UW0E2BguzL9suQnwDeg,39.97471012,-75.18257014,5
wjGV_sRxlhLKgvOBA8PhYQ,39.94300205,-75.14515132,5
IjMs1n7UelI7ev_5IDl5kA,39.93270500,-75.14438000,5
A0F-h3xJm_6gHDKcDQwSrQ,39.95417155,-75.20138008,5
h85b3MFPWyaopMBy8DpBpA,40.04075730,-75.14480140,5
6OTy5-0NdmxgxqCLVuIJaA,39.95523180,-75.15611910,5
M1q0l_VuI6MqRYLWGVhCCw,39.96532260,-75.17253130,5
gczLFZVmpfsBB3uUHEbWiA,39.95026540,-75.16368505,5
jUOhse36Yw56KXxGmva2Ug,39.92499890,-75.15160500,5
Ri_k9eVAKZPn3qH39frvWw,39.95337000,-75.15929500,5
avB60OOVc_YOyfbz2AqL_g,40.12142680,-75.01600690,5
GrRrxHK9dWgibvUpcotxtw,39.95038680,-75.16756290,5
O7l6SYxKM5Skl7i-JsRJ1g,39.95528325,-75.19755343,5
zfn7V7FVH5_J5A9dInfbnA,39.94499000,-75.16124500,5
UBj0aJ6FfMR4tdvRbQ3KSA,39.95434200,-75.20233700,5
IXRSMV7U5D0sYJvArEbm5g,39.94974200,-75.16057800,5
qiWuEwOfZDhad1kdyCDAIA,39.93756960,-75.17882000,5
S6q5t-TGc_je8ssh06zTYw,39.94786506,-75.16063996,5
UfNta35H6m-z2xN9XFI77g,40.03720060,-75.04212260,5
q9Pupuw6Z2b8WaYK-MGt4g,39.94894870,-75.16953170,5
EI2_OgANt1Mb_83cNnpPwg,39.92798810,-75.16587010,5
XYwx1tsEB3_G0tgS6l-0PQ,39.95482460,-75.16406440,5
m6RGfATGF1aL_g7oYJ-mbg,39.95373181,-75.19781962,5
9U454aiscZzLytBdFXLMBg,40.03004661,-75.20634950,5
5E7Zk3g6kLsB72J4EX4YkA,39.96184281,-75.15924633,5
UiuYQTP-oxhEd01qpjQszw,40.07516270,-75.20449980,5
kxX2SOes4o-D3ZQBkiMRfA,40.07984806,-75.02507977,5
QQGyPctWtd9WOZnMKUChUQ,40.05974500,-75.19085370,5
or_WcjWELDsssk2JruvJcg,39.94659580,-75.17960660,5
U3Bqo_gZ0sIHMqil2fUlUw,39.95175840,-75.17372450,5
BiSdlIuOlf6MqyEZ6aWhfQ,39.95602000,-75.16779500,5
g3xvwZPyW95KThnc7tN79w,39.96887310,-75.13349100,5
gB9c_OMjvGrn36XjHArAUQ,39.96291570,-75.16316140,5
aa0xi7fgFJyA4qWux6vz0A,39.95327354,-75.15933752,5
LY6OCkHEwfZtdOoQawNkWg,39.94884510,-75.16126130,5
-v8dtO9BZmKidXLMohiQhQ,39.96702450,-75.17295440,5
EdopUxxfxqEA79Vcy_dT3g,39.92617350,-75.16756860,5
8JcdN89xv4AqAVRSDLLUHw,39.94872910,-75.17443130,5
HS5CfzQ_gOJHgqwtv9rvNQ,39.95027860,-75.16696450,5
r-kln94enJMMmCWmzbXO2g,39.93941854,-75.18030480,5
fYSaoJMOj7-r4XWEuYjRxw,39.94937560,-75.14388650,5
ebuycCvuqc3kn4wSBBOxVQ,39.96656110,-75.13998990,5
BPBTCvmUfRnEH6yyABzOzA,39.97578850,-75.13393800,5
NOBXu1eDYKFg8P3oys4LGg,40.02988720,-75.21875740,5
vq73W-SHrwBgXzQ__0yV2w,39.92618123,-75.17309214,5
hT9weRMZuJjl6Ca1EskmNA,39.95634820,-75.17475050,5
_Bde2pfPu-Uq9wlQhGhjEQ,40.07958190,-75.07742670,5
t2vxEpIP8ntB4OBHrNAcVw,39.95284100,-75.15705600,5
NjD-V9pdH7_V8Y8PGl-csw,39.95109700,-75.17654200,5
L1xIj8vAvZrZdfEVbH4qTg,39.94040370,-75.17585620,5
0PDe8TxXHoROxpu-jH8e6A,39.94979920,-75.16041370,5
sV6up2rehuTegmfo3uYUtA,39.95253300,-75.15624393,5
bK0j7YtVyN98UnM_8fUONg,39.94911880,-75.16484410,5
-t5dx3X0O63jCUuFEd-FcA,39.94907790,-75.16485790,5
vpLMV6pHa1oI71jYaCVFzA,39.94832156,-75.15245322,5
UPD4qX0t1lm7G86mrj889w,39.96218260,-75.17218970,5
8yGZhBwFFLtOVLY9Do8ohQ,39.94966020,-75.20266720,5
YajautTNwCHcMFKmSkabcg,39.91159645,-75.18263594,5
L0zMk5SXnqR0JLEe0XY20g,39.94883200,-75.14406300,5
3UBG2rwjgP-6ifTAuKl3Gg,39.97444020,-75.13294700,5
ngvE1G9IckUO-ljZBFo23w,39.94720700,-75.15725150,5
w9_EQB0SuAFYxPMcfY_P_g,39.96747800,-75.16956900,5
aQhn4CcEJokY6ADxUbzTaQ,40.10115150,-75.00812390,5
7xckZSLRWf5uf3L1IsF1Kg,39.95188860,-75.17180340,5
vI1BG1dJx8DPm4a1ljkfMw,39.94990251,-75.14813095,5
jc6PRKXaOwQeKtQGXoG76Q,40.04951100,-75.06213030,5
-T_lkOvaK39R-Ufg6VUyxg,39.94399210,-75.16958630,5
EekwCjDqa9VT6Kq_aVE_0Q,40.13324769,-75.00988000,5
DwEHeY-1Cs9GV-S97wzVhA,40.03224660,-75.21413040,5
xhAzk9qYpHR-nu_0sZIcWg,39.95536500,-75.15662700,5
C_EtrXTygRX5RTUOKtO6Dg,39.95155860,-75.20325780,5
uKAbrDSJJzZliY1Yqu5KxQ,39.91934600,-75.17103300,5
W6k6b-bUaX0goySzl-zgTg,39.94122519,-75.14549268,5
UG5PDzdKA2n3jd854QJpiQ,40.04421992,-75.23202564,5
1NMz64NAM9ED-x6-dbVxdw,39.94819000,-75.14330000,5
I79keuDOkqf1CFjYDMRMNg,40.10850872,-75.02552600,5
tVo28-PBAuXb5BPS4NBGag,39.95099797,-75.19342818,5
aROWvF8ltWk6LLNO62haag,40.07430400,-75.19870100,5
eblnR1cQsR_aeUkNu38VkA,39.95631170,-75.20227240,5
1e1qCk-tKAkFn-or-o-h0A,39.95544700,-75.15483900,5
BpIwDr5mG6wG5-Pxu3yxSg,39.93747330,-75.15044510,5
GVZUe3iXg75_Zp9ZS91y9g,39.94810000,-75.15356150,5
asbEI02GRGFPSPM97hrIaA,39.98167390,-75.10903068,5
-_0w82rV27l51N3ABkCI0A,39.93609300,-75.15863090,5
4D_GsaRoqk7P09VOcgezlQ,39.93087470,-75.16241610,5
qCpdeQYPf9i1EZhTnQgjtg,39.95058430,-75.16936970,5
KutdYfcmNCM1qggUg2QYeg,39.95330840,-75.15643890,5
dHFEcHJG2LmPBJ0X2cfj7Q,39.92676879,-75.16735823,5
ldr7iDtxFXX-q7tJuXqlGQ,39.94970820,-75.14393490,5
K0lttiVfWWP1u5JmsVp4cA,39.95315930,-75.15909840,5
lFs4LIQn_kbsLozQzk-4Qg,39.93890554,-75.15785315,5
y6FxggLj1xnJ0ArqV3UoVw,39.97748040,-75.12840100,5
Tozj3jTcnclmQKlNViY7SA,39.94679350,-75.16529700,5
W-RVZSGas8B26O-kx5MD3A,40.07686340,-75.20740630,5
wDsyh_29ycKVC3pefiqO6w,39.95232879,-75.14531583,5
AwvhobfqOJNBnbXQ_pB3pw,39.95247508,-75.17353166,5
v61wRXqmrsBjoJrKkIHj9g,39.95777237,-75.15847183,5
oIr50siZDtDYCE_p5K8nYA,39.94779100,-75.16033920,5
3ZynJ94VpIdDlaArmEp2Rg,39.94779100,-75.16033920,5
gHuMBv4kPMZ_TP8FhN8ySw,40.10119044,-75.02886553,5
6c8eIawbCBu3FLp2kDraBA,39.94860520,-75.16408080,5
HrIEc9gVWWnjqn9OiglrVQ,39.94948360,-75.16066620,5
G4y0HxePBgAYi3iJS_tUPQ,39.93449840,-75.16103450,5
6JFMbFYVbl8ufz74NSDgOA,39.95160000,-75.17454800,5
m8O_40RlYTs1rk_AOnLjFA,40.03432800,-75.21655100,5
EAtdpksdWfWAaqh3XdnNNg,39.93998040,-75.14925620,5
OMHZ1htcmFQLuTp06hLe2Q,39.94516407,-75.17916307,5
oXw9R3-fdgAzv0K6d35lkA,39.95371200,-75.16805200,5
sEf8VsIbhGwSnKte1IBm-Q,39.95913840,-75.14539100,5
rK4MQ-vybY5KXI73o-0mlw,40.02592500,-75.22418180,5
4ZKAGQ2U8M4mtONcAg42cQ,39.93631340,-75.14689930,5
K8b2MQ5Az59-nzvqUfjJEQ,39.94493500,-75.16067590,5
GROg6x3Lf-Tp3TgiTtYsoA,40.09173811,-74.96098480,5
Qm8pSLYuVS7eIyOx5YsWBw,39.94817920,-75.14354460,5
nFFCuRvcmvStV4Mwl6gFBg,39.95639400,-75.15709600,5
4mygX8lbSgi8Et7Dl2F37g,39.95332700,-75.15874000,4
c1v7KERdB741pw7d53HGdA,39.95156629,-75.16987964,4
4x_DhrjTcrpieMkbrrCU-g,39.92020806,-75.14174704,4
s_RStWu76oxfAPhmqmUMMw,39.97285330,-75.13434450,4
EzQpL3jNNGlUzeR6n3uevg,39.96855080,-75.17487430,4
r_oscENLKdrF2KNyWP4oow,39.94915481,-75.15555803,4
yYwZWTgSoweD0YNh2p9QRw,40.07401830,-75.03615290,4
T85Ck4uybby0-klUlxF_nw,39.94765470,-75.22270690,4
KHe6HAqmyioITwTvg9Bbcg,39.94844140,-75.21711630,4
v-qDdlIXikYyh65Qij9fpA,39.94196253,-75.14925610,4
TdrNka-oPWf4B-jN9rKltw,39.92550950,-75.15921200,4
-kYESienondGaj9TFadkUg,39.95426200,-75.21159500,4
2SevIwjgGdDdkIfs3Peu-Q,39.97037028,-75.17953668,4
P-wxKPAdWaU7tsCdA5ZfGQ,40.07302288,-75.03502866,4
cNfeKIYIv07oxqVozMbjpw,39.94848600,-75.15734770,4
Al8y5FTs9tW5VsxTVy9ZMg,39.94140815,-75.14906320,4
EsQZIf_5Typ-plWtOr0DgA,40.08544091,-75.04746689,4
xW6nJmGqY-lq4i0xKtBMCg,39.96640920,-75.13866300,4
YdsPB-Wl4CEo56qaFTTlGQ,39.96016190,-75.19720500,4
IBIp-yVFl2PxYS-rgc19Yg,39.95097612,-75.15001269,4
LSh18uOYKvYUtVoRXAsrtw,39.94975630,-75.14806230,4
hZyq5_bP6AHCPxGWapXS_A,39.94635427,-75.16352592,4
hgyKTNWEP8eeTdUm61bUrw,39.97921370,-75.16099080,4
Tkx1AiQarmw0zc50GibtTA,39.94811010,-75.17261880,4
03cvVjbkCOtiIt51M-MLFg,39.94626120,-75.17968100,4
O3S4jdMvdf1VCPDoLYtqaA,39.97661500,-75.14085400,4
RNgb844JJbo6vO1iUod8vA,39.91941210,-75.14119390,4
_RwlMTw9uFeOkfX9Ctf1HA,39.95400480,-75.14549690,4
n_EpP8nXoE36_D1720GXtA,39.95297220,-75.15958190,4
jGot3Ktq9kA7GDH7WwRq_Q,40.12058300,-74.97987900,4
DytKODMqcvQ7MWA0NN2uNw,39.97135753,-75.12758868,4
fBOoOWHRWPXIrMvVVkZqMg,40.07631800,-75.20629500,4
fixjFaCYK2yDz5F-L2ASeg,40.07820800,-75.02719000,4
ZUp2DI8r1ro5iY3ldR6x6w,39.94917980,-75.16356510,4
U5_T9hDfdYFWS8ahj_1Dvw,39.95175240,-75.16983730,4
cWu31txqrvLHMCUNdmnxfQ,39.95027080,-75.17051390,4
qDoCzQxqKBYYlijWgv2TvQ,40.04515890,-75.12337790,4
dXvNGmR8gGmHheK5gLHvkw,39.95599190,-75.16736830,4
41LEg4ZgFDVnZfToxGXiGA,39.95355360,-75.19317680,4
Z5rqRyZ4-iEBRVXCRbysfA,39.95308000,-75.17497850,4
e_lqKAWIiE8wU6mk2HPI-Q,39.95020000,-75.15762000,4
F96zZwm8zAMxUB2DvLkmEA,39.94505380,-75.17736260,4
FTD2hJ53c0NbfKFvVQxAhw,40.02577960,-75.22390110,4
MLJVuIFEEziEVdKuGo8q4w,39.94896230,-75.15935180,4
xKPf2mNMmhm39CArujn2Wg,39.94891010,-75.16241590,4
LiENf54-IvO7aSSI_-j_Qg,39.94988928,-75.14405399,4
vEgKBcuZxPsaExMXBP0SgQ,39.96231280,-75.14073100,4
XX0xyWDpFc6Diq-XVHUckg,39.99391726,-75.09156534,4
u-8sFq05DQ6PYCR5HiKZ2w,39.95533650,-75.19460970,4
2Wmvi5-7LS1iw5UkOuLWlw,39.93332932,-75.16202845,4
vdZx3b6EFdzBUefn5sEnrg,39.95233500,-75.16378900,4
3Cqy4d5KcGVmgiHFi4O4zQ,39.94844128,-75.14309373,4
ErcLBEFjqr4nGbF4ozrvgg,39.95278600,-75.21212584,4
L4G5ABxhYHQAKIcT0818_A,40.03291900,-75.21426000,4
r5yb5JfWV4TryNZlMBHPng,39.95279104,-75.20314360,4
fU_PgV2qca4dEo2ZPmivPA,39.95835870,-75.19539340,4
bwgK5d9oT2sUcvyBOsTREQ,39.93658220,-75.16265530,4
1NCUTTp6rIyXpwUDVv9qOA,39.97277510,-75.17898709,4
tLgw_VI8yIgiJJ9-1VcL0g,39.95497409,-75.20255665,4
B92uCw3374cpuHZSACv0YA,39.96682110,-75.13991370,4
PuukXxCe1V7OhG-pcViC9Q,40.03380690,-75.17569900,4
lPOS2nfG4TuOFQmBEOiNwQ,39.94859858,-75.16469993,4
ROeacJQwBeh05Rqg7F6TCg,39.94322300,-75.16256800,4
qtyNbCXut-RQnnEQNJ9UzA,39.94964180,-75.20693910,4
yypfHgPJw6V65cLTOZiPSQ,39.93951310,-75.14596050,4
oHiaVt8SG3EgVyyJlzhlwg,39.94102600,-75.14740200,4
cdZf-iYQRy5D18gTM95aew,39.94911880,-75.16484410,4
cKLrTvokOdcgoEoHOXkfYg,39.96299000,-75.16373140,4
nWpIXaVS8VuAsHZYID4Lww,39.95017100,-75.16213000,4
4PyqPHAiFopyZZlLcLQuVg,39.96723008,-75.14098083,4
Xkdu_37aNqJxilh9XQSmEA,40.02168200,-75.21597670,4
ZMejgg0By-DI2wyQWezBbQ,39.95729774,-75.19204372,4
l8VedGQFMLtTz2zRmpTlxA,39.92843590,-75.17126550,4
OH7EpZrKPnZwZDNKQ5S8iA,40.07796840,-75.20836510,4
w-4oUyYk-0wN3Gg0YN4M9g,39.95546060,-75.15483900,4
M6qDX8HZS7gOJ_pBOAih1g,39.94875830,-75.14408270,4
0xIhMfCFH94RXTFGx_Mhtw,39.95066860,-75.16965490,4
Gf3szNlyQWst4v49S-W1lg,39.95501040,-75.15559840,4
Cb85PgiOfcmHza5GQFTB6A,40.07192860,-75.16140960,4
cv-SmPhbpwQCtlI2Q7KJIQ,39.95547710,-75.15729870,4
hc7I_QpCszT3mlIP9uW19w,39.95312200,-75.19319800,4
W23Gvu7dJDjPq3PC8Q-f6A,39.95705000,-75.21114450,4
yy0n5-SHXZWgK8sy_0dHpA,39.95316200,-75.15910000,4
1vPSY4EA-fTRIZYz1Ruzow,39.95159300,-75.17217100,4
GaDeCypnvJKZBbv35hcpyg,40.02968539,-75.10054333,4
rvbf15JuvNJyhO2Q5zIapQ,39.96747600,-75.16942890,4
EmQQkn-kdK3bZI1cpHRQyA,39.95560943,-75.17293711,4
J3nx8u-uRRejlfyP9KjFhQ,39.95890210,-75.14359690,4
qtg5d6UmDVFeUw5ZKVBl4Q,39.97672760,-75.12371850,4
4d8p7qsNfWOxUxmjNXR5YQ,39.97896690,-75.15890013,4
jK14ZI9sfjOsWcPrCOQBcQ,39.92559590,-75.14280209,4
tngXF4K4cojGHn-4PUpBLQ,39.95400100,-75.15718400,4
GGgYoWnKOpRQ3S0Yl14uDw,39.95322300,-75.15888190,4
hoYHhfn4w0mVjI60eHDHzA,39.96563700,-75.14068100,4
5AGVyIa1_XVUqXGbQXRmiQ,39.96459490,-75.14082960,4
Wl7iw_u4WeEreF4ZZF1oDw,39.95518880,-75.15562120,4
5dIS6fNq-t5tdj5X56rTzg,39.94373080,-75.16471512,4
wPi7p5fZyGTOjDU28IlTqA,39.94906400,-75.16241000,4
kimOwpoIWzJJx7NHTAj74Q,40.00008404,-75.22841799,4
tf2nzjkP8XGIeU-lg767XA,39.94980380,-75.16205810,4
D3se5JzK_90jCX6i7UqNUg,39.96108642,-75.14354671,4
qnlupHx2Oyle1fQtxDeeRQ,39.95244610,-75.18732060,4
T8NWs6flR26edfhhwJNhNA,39.94917980,-75.16356510,4
BOq6aYbFAyCYNv_7O2mIMg,39.94196430,-75.15138950,4
vP-qZ48IT3ceipA2vg0wNw,39.95551500,-75.15558600,4
4IrGZzglUUDgxfBBJKbnZw,39.96145708,-75.15414745,4
0pnIIgi4sm96CllW0DhXug,39.95160000,-75.17454800,4
lXVJLzBNEd5qWuoX1d1okQ,39.95831550,-75.19287450,4
r8rY6hJGtmVkJw1L--EDwg,40.08595950,-74.97115210,4
7Y3RjSc99a88oTMEgvazoA,39.94957961,-75.16728512,4
n_RGE_Wn5L7phnlkQ919kQ,39.94266557,-75.15201844,4
VdpwcM3GQ2AjzSm5-9ZuTA,39.95097761,-75.14578801,4
7OPFjS9OsPIYX_wm0hbZDg,39.95355900,-75.21848170,4
hGb-yA-llJ7hnw9NyzE52A,39.94820378,-75.15930802,4
kT8IlV47kz1rz2lTuNyO1w,39.96308093,-75.16936027,4
0Z8ps_OfcR9eJaV2JtxigA,39.94716911,-75.16239379,4
0yNUjszQ0kOphvZs_kvvqA,39.95066234,-75.16200648,4
qHe8EQyf72nWO633eGxG7A,39.94975220,-75.14448060,4
35jNPbB_-8oh-LHb9GEIQg,39.95553100,-75.17095100,4
F48wjJ_jjEz59Prh20XhRA,39.95916929,-75.19841873,4
InawP3IfShNTJjSeLMDmGg,39.97830910,-75.27245430,4
IzyQVIJG8JAnOiRQPb0-wg,39.95204340,-75.17563870,4
EYc-VtaD12M38OBnqFS32g,39.95580288,-75.18195180,4
oXjSx3T9NeWRKMDBFt1ZZQ,39.94118280,-75.14916210,4
sxBJ4-kvlc5DMj2qakOUzA,39.95326004,-75.16080152,4
JPiSCbw4-BK1oCmPPs09hQ,40.01616900,-75.21061100,4
9JSv_XGIjTt_uwE6fVctMQ,39.95041960,-75.16355660,4
y44MbCvvtmg1FpkNGSWisw,39.87732360,-75.24367218,4
MCONblFmdE6NdZWN-BoDpQ,40.04363923,-75.14366182,4
nMDteyIwo3zLbqm45xBwFw,39.95534810,-75.15405920,4
TpaWkW4eazEBNZkDeIYLYg,39.95613500,-75.17556720,4
FGu7K0mI91Q0yW3orPY99Q,39.94962931,-75.15535472,4
Ukkr1N8UApmJsOzbX4XnRA,39.94979940,-75.20907890,4
3f-acmwXPLnVd2UKfnk1xg,39.93548880,-75.14540780,4
ILvJAuSP0sYWJKAQ-Goh4Q,39.97050280,-75.13469930,4
uWJiesUyImGEPYYxkZ3Tmw,39.95647070,-75.16547830,4
ijnCPsMfWWcxGlzwOzUxIg,39.96887700,-75.13344300,4
nIlmZLuMs0JuBRvAHSIf8Q,40.07249950,-75.20240300,4
waafKhA-LtJSZXlECyfEXw,39.94869400,-75.15895750,4
eZ-t73r7ETHjyclRB7SnwQ,39.94859100,-75.16470600,4
QgDsoMYcLcVcBQ3UgVay4A,39.95325990,-75.17269500,4
NQSnr4RPUScss607oxOaqw,40.06038630,-75.08458970,4
4JTY29QkmdbmpMms3Midqg,39.93435590,-75.17774330,4
PmFBiD-KW4U_L1MS9qcIUQ,39.92358000,-75.18257500,4
Zy5IZ-3C8s4iHw55LPkKVQ,39.93884590,-75.15810650,4
lQTdARrqdKMAcDp1PWpQ9A,39.95304948,-75.15947182,4
d48Xrx8MhGtdaLvhcYzNWQ,39.93624350,-75.15667000,4
efxiiiwXpF2pEsCfgeQc8g,39.96194370,-75.15564400,4
QUSctIF_D2yv_NJeokhXFw,39.95246370,-75.17122800,4
yeLtEpR34PtBeUFrDVbWFQ,39.92603710,-75.16762570,4
BgQOm2TuoF1UmD4e7BOUjA,39.96510940,-75.13890690,4
ekxvAyD2T5v3GS7n4X_3dQ,39.94655331,-75.16247345,4
45N54l3hjvR8IhSrPNVcPQ,40.06344696,-75.23645183,4
3yW8-dUi1wwCEf0URxUA7A,39.95349000,-75.15674800,4
AlxnbBd2JNkozNvI0OvRLQ,39.96893970,-75.13343330,4
UlckmYD4vBcd2GBI5FXy0w,39.96306000,-75.16414800,4
9m6GQp45QBEydlyE6DywCw,39.95097721,-75.15834683,4
RoUP3lcY4wEtdASLNIcmSw,39.96876653,-75.18369198,4
BOUmrR6yo4cjeDJn-l_zFg,40.03438505,-75.21611713,4
knp4GbMlIQZAppyEVnUkQg,39.97797200,-75.15845300,4
Q0pFg3ri7kt9xIxxXh7-RQ,40.02508740,-75.22218760,4
q5v3wowN5iqGHSUALGF5Rg,40.00910716,-75.19418210,4
LNRyU5-qWpJg4F6546a3Dg,39.94563280,-75.16580610,4
CY9cIgT7EU0ot-3WyiOAiw,39.94810710,-75.16366380,4
5-8iEgimW1wgAqF6w_zYJA,40.05898302,-75.07540315,4
JofztY500JID_vLJxtyVBw,40.04024990,-75.06611130,4
w9hS5x1F52Id-G1KTrAOZg,39.95099586,-75.17230868,4
_dTBUYA7qaXCOn3TomqI_w,39.96308510,-75.16446100,4
DXYhpEv17mWqSqFjau7vhg,39.97495147,-75.11845317,4
C_lyUPmRABHpE0K8C9TxFw,39.92345400,-75.17116700,4
wMQkdK2aNMvq2xoojC98Mw,39.94105121,-75.14540452,4
7HE_mWkvZ8GxsP0sLP-_ng,39.95157860,-75.17061250,4
JbVtIpb0iKnSzlPT83KMOA,39.97962556,-75.13331171,4
jZGqAdBlDnrP-J7--vdPxA,39.95100370,-75.19806561,4
R49ZLFHn9fhEwPCh2FQeDA,39.93806750,-75.14852970,4
RI33oswGDkIsc0fuQ8GzjA,39.91579000,-75.16538790,4
MOy8qGtBOoJzRnHnv3Y3JQ,39.94190980,-75.14923660,4
WDm-Z705Wp93k-46PN_g9Q,39.96884720,-75.13699120,4
dAaWxrY4le8xvTMqNjIRtw,40.07918903,-75.02666295,4
m-mAb_m76Esgu3rlSkGMuQ,39.94595850,-75.16720810,4
hiP3H0wW45I0jZI7KafzZg,39.94894686,-75.15923794,4
CnL9asvqi5hwXc1sj7bqig,39.94830910,-75.16420730,4
cmETClmvGoUZZwBXRtv6kw,39.95139200,-75.17062000,4
ex8RrhAhVVexndFhmNfG1Q,39.95220110,-75.17317270,4
FIFi_8eNmc-jPHZVHPS3NQ,40.04159200,-75.05500700,4
1RUStfReoIm_8NzWXKSbCA,39.94572288,-75.17500665,4
CxXYiJBkq9kqsgtdagqVgw,40.05414090,-75.19444740,4
l4YoHcvnsK7ICDrTqL7EEg,39.95530700,-75.17112200,4
V5joRorS5dBNDXD669n6jg,39.96625800,-75.13825680,4
g7CaY9XKhwcWV2K-zM47Lg,39.94111490,-75.14908840,4
DO_op-iq4qoaOBEhJH6EdQ,39.95534445,-75.15571378,4
PzAYUWwfZqUOoL863k1gMg,39.96300010,-75.16395940,4
_Re2IwkeFUqUsPMRZK8jng,39.94975630,-75.14806230,4
m-5N-fwCIGK5NWMclTqOUw,39.94927840,-75.16177750,4
y4VFp6qk_EFgNy9yKFlj3Q,39.95755300,-75.17403000,4
zAxWNkDWBvgNfIwTAyCBMw,39.95009080,-75.16174990,4
xwyRa1tu9V3_JGHMiCg8Og,39.95529820,-75.15450390,4
amgCBbemSn2b1zUOoUbjHA,40.07408700,-75.20318410,4
b1pdnbYvBdtTxJOOom5WmA,39.94504624,-75.17744396,4
HzKZlWwxEGgGjCL7M1Kacg,39.96406320,-75.13277060,4
1CTNhKEqGbmG5r-sBbDoLg,39.95180970,-75.17573890,4
b5PFC7Uatlsr5AZqSZyCpQ,39.97471989,-75.18333022,4
NDIiNcJZpdoQpXGXl7IA2Q,39.94080500,-75.17977300,4
eEKl9ZI-QB_p4XcNPXToHQ,39.95095640,-75.16313820,4
x5GkG0oI_S107wLlgdBxVA,39.95453674,-75.19439600,4
9ggTidLF9LPNdyWdCGtrYg,39.92531500,-75.15071890,4
wiI0GYhfuIjrBldrQdytWg,39.93915170,-75.17031610,4
iOKdzs-arrM9Jv4TKz5M1Q,39.93741080,-75.14996420,4
3NsTKp85H2FUjr1SURf0NQ,39.94648840,-75.15957720,4
TozkPEh-xhts3qfVeRFeRg,39.96862900,-75.17688800,4
5iuo1kvv0XZMS0bUOoLz2Q,39.95359199,-75.17942269,4
Oz7c0QA1C18Cb6tTdoehwQ,39.95923590,-75.16174330,4
hxh1ongobphqXq30V13ukg,39.97047100,-75.13472500,4
1CCG0WYSoR8ejdgD5-Gaqg,39.93026670,-75.16594990,4
4rG4tJF2EC2CfYvBu_uqpQ,39.94061272,-75.14757201,4
cVwr3l3WnGJEMX8NhxcY9g,39.96745010,-75.13973320,4
Oh3Q3QfhMl2DArFiLUrT9Q,39.94205900,-75.15341200,4
Yu_QofgDAjn__QsMi5Wudg,39.94910574,-75.14240211,4
LBDIwmGed02sn5Z5CFIyPQ,39.96315670,-75.20264000,4
IH_ZeeTh13jQURbh31d1Kw,39.95129030,-75.19927680,4
3jm8wl6bt1sytsf_xH0l1A,40.08028440,-75.02591290,4
NV8fdSx1BHtwP1mC2eedSQ,39.94867400,-75.14581400,4
SFuedHlHzZAl_0SY75507A,39.94796070,-75.22067090,4
WEyscOTFMWXEAH5Mloh6AA,39.95309710,-75.16735210,4
HotEtVKhb7SVb7AFgp4O1g,39.94518390,-75.16280280,4
lAni_2IBdJOUMGXYXSmU2g,39.94883000,-75.16591900,4
NjSLlXCI9s_I2yCgPLBb0A,40.00735500,-75.21237100,4
u3aN2A8Lo9odMCYjaphjLA,39.96723439,-75.17532116,4
cOaw7LOj7yjCH9ty8eIJDg,40.03088560,-75.23014170,4
nFKATkd_j1iwFK9r6s0duQ,39.97752900,-75.27268900,4
1MbwLxXrQk7H1FOidg8hoA,39.98375100,-75.15705500,4
TFnGJlA5l_HDdzGDkNTdTA,39.95224860,-75.17169200,4
5ICrDkwtX4ykKOLVJ1tFJA,39.95686400,-75.21040992,4
OTNPMzKPb8LVQxX3fXJaqw,39.91895480,-75.18359260,4
3j08Cje2YWUuRxV60BiVFw,39.94946670,-75.16052480,4
849vV4133tI82lNWCZinOA,39.97033161,-75.14578499,4
up5Czl7yXI1LpZ_6Ys2Ahw,40.04160400,-75.05433840,4
mlrYh-m3Zlqp9CTeSvdOsQ,39.94899390,-75.15903510,3
XPwT83sQMlVCh8_ztbyCFw,39.94964134,-75.14279801,3
zvvl3c1FO3O3BZdhusficA,39.97601400,-75.13375200,3
6VPD2WrgtD8h5UzjqaUnFA,40.00437900,-75.21819800,3
l2AIWFZ3ILuS4ovhdp_eeA,39.94133180,-75.14803970,3
X1KTKksxwFTg_t21iWPMMA,39.95083618,-75.17829895,3
h5jnFlvF55kDWC_GGlKMAQ,39.96186380,-75.15566130,3
qM7Uh41I8wStZMXeoyDTYQ,39.95471530,-75.20209520,3
laXWQMgAW2kUfAH7Y-xH8w,39.94012300,-75.15784200,3
HcddEbhaQ3wgyEFoEZSeGQ,39.94123840,-75.14467000,3
rOh8NovXVn48p8I-ZYEpQA,39.95186770,-75.17117400,3
4vy8j-L9zXXFH_wh2sVzAw,39.94655600,-75.15758400,3
nDWDC9JyQSMGnyrMxeGmwQ,39.95843623,-75.15834320,3
VG54JsBaDIbXU29HI9jiXw,40.02433220,-75.22075170,3
Y-phVflbb6RjFCDPEH_DoA,39.87604600,-75.24315700,3
pQNkUQwI_YXmoukFlu3YoQ,39.94576550,-75.17506070,3
fFY5pda8iTCUQmEfhyMa5w,39.94934630,-75.14234880,3
lkQP24RF-W7Hvb2WOPJWAw,39.95433200,-75.20335850,3
d8FgfM31dou00aYDqfx9Dw,39.89020690,-75.17729250,3
9D0aKRGsutg8S0ClIanmrA,39.94655770,-75.18053640,3
5vAtunQlPFkfdTI9zn4TIw,39.95835870,-75.19539340,3
ubeDltaADmtgyxkrObkOfw,39.94855030,-75.14473400,3
7NITtPelRe_oQRsWACI3yA,40.01262103,-75.18367979,3
OOfY8bhTuC5A4qbdn8wFBA,39.94914340,-75.21421520,3
vEfA3V3pCrnigUFlLJ3gLw,39.93892900,-75.15790300,3
Fc_8eLlcq5yy4DzrEeqEaQ,39.95515670,-75.15620260,3
mzJ7BxxhLtm-TD1vyne1yg,39.94089230,-75.14745800,3
QtST1igZAi0q9LxJr6srIQ,39.95329800,-75.15907100,3
vCHNWdW-ys-nWUx3Cpvk8Q,39.95074520,-75.17016790,3
Un6UO11mgLC6oRgozaJAKw,40.04787554,-75.05825054,3
wYJxaGAGhSaAf_6UG7bD9g,39.94112600,-75.14414330,3
hdBlIBo_iZozNTfhoG6tqQ,39.93953350,-75.15595740,3
69k7MF2-nXq-tNNHrJYONw,39.95410100,-75.20079500,3
18790ccUVHejWqCmkoSJjA,39.94967810,-75.17380430,3
hFbDsESgeSV-lN18i7BQFQ,39.96297140,-75.16365660,3
dgm6jrUZj-vAWa1OU5rbNQ,40.03234214,-75.21425400,3
ajGUFDANNSnqUoLvZPCcPw,39.95592010,-75.16831680,3
S8obO75HdAxvT0QPAMFqwg,39.96740133,-75.14140052,3
97SR7RQPL02t5J41UcZ4SQ,40.09561141,-74.97525570,3
RrrqJ2XY0CXNBot7zsdXPQ,39.94320150,-75.17553210,3
AbtYqoBGuvlWmR1gU0c3XA,39.94481218,-75.15830508,3
oTTx4ObLjOWVCtGXU_8AUw,39.91396571,-75.15705191,3
IhtoO_V7a9iNOew2cszvZQ,39.94404120,-75.17001970,3
M3XidaggiVRg2g0miuBn-g,39.95196000,-75.17471100,3
by2wRASwOKpCZU9KtZ3MHA,39.95080020,-75.17030507,3
IV9Zoou8edeyGZqaUQ2c7Q,39.99273200,-75.10024200,3
vAfuyrsog38dv_q3z5YwLA,39.99552800,-75.12976210,3
E-DcL1u330qwvoxXhipmUQ,39.93883160,-75.15798463,3
geEGL5YODdRIoIYfFcxVPA,39.96848100,-75.17691700,3
aaqm5vJvVj3vyMeGwPqxEw,40.05460820,-75.15451530,3
D4DZztR7vkbiED6txGUYFg,39.95535150,-75.15622830,3
K4iDK3cRduiaJ6eL5jHrgw,40.04455300,-75.01757500,3
PLn7sTtwMxnSBrSg0t1VAg,40.04768344,-75.07012259,3
ArNDRug3p5zngNHiLivnFA,39.87501600,-75.24391300,3
dVC2Rg_BGW3XOIlvEFxh9g,39.96921310,-75.13632570,3
ZJGo8ch9AGkl63hdbgeEkA,39.97729900,-75.14360100,3
PsNsxahhRUIf6EEI_5n64Q,39.98221000,-75.15598600,3
yxBS42yCi250PXY31jhoiQ,39.95128764,-75.16412203,3
X-sCb_2Q46W5H2wbXmlK1w,39.95313680,-75.21866070,3
DKXeB-JIou5XPI49CzITuQ,39.91903720,-75.18369880,3
kPuwg0Lx1RVa9TClDl5Ocw,40.09532680,-75.01554630,3
HxSAlo0GRb4JTmDIxNw68Q,39.94971200,-75.20937400,3
i4uxP1u2a-t82ELdNrVCKA,40.06044970,-75.19151540,3
HgxY_RnJFGqqSVO32nxS4A,39.95641517,-75.20673397,3
sjP6Zylv_Xbpzjx_tI5_iw,39.92620980,-75.15561700,3
ePs4Z_Nqsm5-kQk_hAp2Dg,39.95086250,-75.17402050,3
wFzRHd3HJ6m0g2dUW1kxlw,39.96747600,-75.17116600,3
zURelxN8KhAmi3uxuQtC_g,39.94919510,-75.16151520,3
1qciFQiO1RJ83Oh7DRioKQ,39.94794860,-75.13973915,3
fWR4Rpw5_zU4g1SbZXEeNg,39.92289950,-75.15251990,3
_3j8rQHUviV55AqsSSzK2w,39.98861100,-75.22764500,3
JYmRXNPd9hlp72ycpl4dtQ,40.00895270,-75.06408060,3
ZForVw2ZTiwDGfZ0XvZsXQ,40.03401500,-75.17184360,3
8zaercyYIECy4ySW6iIUhw,39.95643041,-75.20695184,3
Ktg3ahIxk0JIkJwXAqu2ew,39.96740160,-75.14115290,3
Io5Mvd_1bSjZpa-dyjOZbg,39.87550400,-75.23812500,3
uJvTBGksfErVDSOeBsmOyA,39.94028680,-75.15086700,3
6XiTlNnstoTK3tUPkc0Gbw,40.03516370,-75.21786850,3
UMHuKs1sO-wq3XqKaejXeA,39.92651480,-75.17377570,3
fB_VJEJTIMyWv5hC9T-xwA,40.04531729,-75.11765264,3
pgri9CUZXGy9hi6UMMQR6A,39.95327910,-75.19558756,3
EHOqzuLrwrU_W46sCe7axA,39.94342400,-75.16512100,3
gzJWNwa0dILVYIK7BUFwTg,40.02340360,-75.22017050,3
h2MaP8_ZJ3HqsgSPLeQNaw,39.95403580,-75.20975830,3
B08ELtRljjxnefQ3ayqUZg,39.94972160,-75.14446610,3
DBSsY0WloqbYcPcDJWeKOw,39.96234865,-75.17226982,3
GXJyNhIlZ0_Obeize1Oj7A,39.96076811,-75.17765701,3
tyDEseGSr6NIsk7S63uMqA,39.94891890,-75.15998450,3
xz3z2vqP8XkAsA11HA9pDg,40.00144700,-75.07655000,3
EPMHuTHu46B123ivRIZ-Xg,39.95281230,-75.19209920,3
1M7b87GZXWOTjQTq3cxRBw,39.94487250,-75.18006950,3
ESgGX4_yw6pnVVQA-oyHsg,39.95315930,-75.15909840,3
_xSCB2TZ-s6yTeafRnzK1w,39.95830610,-75.19272630,3
20gJLt2-gr8MNQG84-K-4g,39.96719880,-75.14101330,3
krCwF4raTYvBcCEwcbA88Q,40.08749233,-74.96162273,3
9kFMEa74Y79PKFGVO7dIPQ,39.94941840,-75.14395920,3
KnyuQ1D7QE7X8eMk8T3kTA,40.03173080,-75.16779930,3
gKzFir7-U5_sgvCymGPGYw,40.01314430,-75.19428780,3
GhJ0L2bavp3FjOF9C9ghdA,39.95076100,-75.17034500,3
hKAh9ngwQ4pLpn8KfP3G_g,39.95359170,-75.18717460,3
pX79hg6t0WsaCzU2npdK5w,39.95545400,-75.15490000,3
R5PDWmEnLX7lDSEPfF9ZWw,40.03590630,-75.04207080,3
vpfy4_N1PozCkvk2WDE_RQ,39.96224765,-75.14300370,3
QfBSk7-AyvvGRyHC0ddiGA,39.95629880,-75.15743390,3
S0dQ8Vks0IR-PZPLoBHKRA,39.95135300,-75.16347540,3
lmpjnr3sCLD84lfThoiQ3w,39.94818656,-75.15368041,3
OqyaD0hEytrcfC_F-ugqMw,39.92630490,-75.16742300,3
0CEUpFtaKhxbmrbSdP9MUQ,39.93894830,-75.15640780,3
tQYOAfl33tmP4oWpfyRr6g,39.93581870,-75.16869730,3
dJKg1uEIE7cst91x8F_PSw,39.95395700,-75.21163800,3
8QY974PXRbLFIcJUqz7gsA,39.99926230,-75.13337700,3
Pl_9HzOa8uy_YOUxgonzGw,39.92111926,-75.16327661,3
r4eDzodjjoxk79ydS7V67Q,39.95019770,-75.16663860,3
krWsMdrE_uglWwOF5BcJcQ,39.93869645,-75.14969262,3
KZyyoQ_nxLMyzO4d_Ts-NQ,39.93682816,-75.16021973,3
GYFDgaBkWnxepHoyJ7mWAw,39.96448930,-75.16159492,3
mgyfnz2juUJN4Pj42HLMiQ,39.95049550,-75.16913440,3
u-xGrOvBv1bxtpAHk-SZ5w,39.92219780,-75.17144590,3
nwk7HiUk0IIYftBDF5yv7w,39.96719880,-75.14101330,3
pxmBh8YZ6HLGQfNHvJoHzA,39.94801752,-75.16268826,3
y6-J_UjNk69VNLb39c_5CA,39.94159845,-75.14057717,3
I39Gnp-se1D8-mvv_MumOw,39.95329038,-75.16101836,3
w55VlTgAoRXPnqFte3j9ew,39.95075890,-75.17434010,3
JSMvJtdPVGgq9xfc298QVw,40.07224995,-75.03112220,3
xYm4-lEjgMkQWxrQLWXVpQ,39.99804000,-75.07442670,3
hxPnlWZmirx7neooZykmtg,39.97715941,-75.14367275,3
B-dVKci8McMfSjBC0z6adA,40.03155130,-75.20806008,3
pKs2J9bigGVN1qxnOrDK8A,39.94112470,-75.14650730,3
qmsdbXMG6DCNXEEZJz4d5g,39.97933300,-75.15303320,3
d4QFJfL5q4nguXfWJUphZg,39.93588533,-75.14671554,3
0zWAsCBzvuCI_Ydx7yH1Jw,39.93463227,-75.15517476,3
K2svtoFXk68mFIIwLjG36g,39.95358385,-75.17014866,3
D9_XFaD9Zi1F3REIiyh37A,39.95173050,-75.16872950,3
IW19SVvxiuRlSt3QQmx2OQ,39.98312470,-75.13294340,3
MOzcNxZ-myfX-6H3vAOGVA,39.97028150,-75.18060970,3
ptXuSpg-ScJpAyE2QoLU4Q,39.95951446,-75.16345739,3
CdiIirSjwWzfX7XsSCk-1g,39.88778910,-75.24704010,3
3ut1fzbMfQ1VhFvHpeLOMw,39.94901500,-75.14381800,3
Pb2Gda3L6H3SRefymTtzAw,39.95067400,-75.14629700,3
qDEcJ48kXdWxQGZefgG94w,39.95481300,-75.15631500,3
WRMlifrYLjRY8q5YUUbfZA,39.96745530,-75.16955800,3
2gDkEvBPkl-ATS_eqaMvxQ,39.94117000,-75.14611200,3
5IL3rTT-_LHyvVJRVNKxaQ,39.90428940,-75.16940470,3
aKvowH2UXGvoxJgIRf04Zw,40.02621420,-75.22507913,3
HHBbetQ-XRQYJprT5Qp9jw,39.98611600,-75.10653940,3
BRl-KarobZBNuCvhz5RWKg,39.93245000,-75.14619000,3
NEZOlUKoQWUotatzRp-r5A,39.95396830,-75.15702340,3
KoMlidUMfCLz42ETmlF56A,39.92545090,-75.17073790,3
Yz0fJyBkUF8VZBvwFswkRQ,39.97015817,-75.13609082,3
XuO9tZt0mEJeawrrt0R52g,39.97913536,-75.16053407,3
krTHKI0YOpASr4gz2CVWFw,39.94817970,-75.16605020,3
OTwwIvLkrS0zc8f1lNRstw,39.96915480,-75.17978390,3
zZo62mlKnFgerNx1pXq7Ng,39.95701880,-75.17580210,3
mDd3GFkYQKXhTlpm7SHtCQ,39.94130007,-75.14723216,3
phQZ65kaARzcL1fAquR8LQ,39.93724760,-75.17710190,3
tz5rytGzU6DsZpHUxTRhUw,39.94171930,-75.14929660,3
BO7p6kWPWc9CC3KHukpJhg,39.94991900,-75.16699600,3
R9kExKCPOnCD8vVY_7Edlg,39.98013510,-75.12920470,3
80CuLvezLk7SkkzWbcv1Dg,39.94823330,-75.17263720,3
NAfITNb2HzObDVktNs3DmA,39.92164868,-75.17836605,3
rKggQN5KT6AtOlmuJ8NAZQ,39.98262560,-75.12054020,3
AkpAXXVmnhHzgi9u51QoJQ,39.94951460,-75.15242700,3
yuIhKvOjgDbYCkgw-j55sA,39.96521380,-75.13550530,3
5N9nJbymj9JtOAEx6ZMxpg,39.95135991,-75.18469675,3
qrQV_pWhwPrti3Dlz1WVgw,39.92134000,-75.14514000,3
MIJ1UCPQ0LMh7D9U5PGFrA,39.96068986,-75.15464717,3
Ro7opPbuSZdL1igdatdTMw,39.94823330,-75.17263960,3
0u7UZC-5t_v8AS8AXTFASw,39.94764200,-75.14342100,3
17Y8circEnkMMXKfLo8Ztg,39.93465160,-75.16027260,3
wsyVH0sf0ttt6G7JqmP9vg,39.95654940,-75.15586060,3
U2y7fsqDgxAXskoJNVxbwg,39.94995670,-75.14490390,3
r28TgTsWsmRH7nzrWEgVHQ,40.02497500,-75.22187900,3
_wcOVX6PPvhXGMpUa2Ij8A,39.92500400,-75.17208400,3
qjIN4UbE96Cq6JKwLIQ9VQ,39.93986640,-75.15456090,3
gOfCxAiQmQYywXYJ3KeP-w,40.03063290,-75.21129210,3
Iq5svbpQv05faAs1i4G-IA,39.91797920,-75.17074930,3
n5TNfoXg1i8wX5R3iY4WUA,39.94825288,-75.16662542,3
BFyfkA4u8tmSIvoZmEN00Q,40.01062360,-75.10297500,3
b6kCTSH1kHtfcHxUTm2odA,39.93466290,-75.15421020,3
Co1VRgb5G32AvdKw8BoSmQ,39.95208900,-75.17198990,3
pVHbXwsqLxNzAx9rdwy2EA,39.94973970,-75.14458060,3
RLtlS9CJlyGU3WIOLHxLwQ,39.94827100,-75.14385870,3
BELS5YkYjDFkpbM2FuDdaA,39.93783780,-75.15798990,3
ieNN_mN8qk7MhG4oV7kfUQ,39.95153190,-75.20330340,3
y1HgVnt4K5owmYXC5yXLGg,39.96869730,-75.16061460,3
HI5ldaAiOYY-ii5LsgARug,39.95320000,-75.15940800,3
Ep_jh1Pt4Ggyla21f-BQcQ,40.02470360,-75.22195430,3
lzC5GKuP0haiIz7gOtvDFQ,40.08275881,-75.02580643,3
eX3njv9GEPmr18YKhizBig,40.05989690,-75.19064040,3
ra6Ejpr6Y5nJL1Um6pzTdg,39.94054170,-75.14597580,3
ErJ9NtMXt-WJZV_TVZ08Ag,39.94716630,-75.15739280,3
gU39t80dXx9LkIZHp6cyCQ,40.04357983,-75.05235617,3
e4iAF4nM2I5CUulBm4OrSQ,39.95357270,-75.19327752,3
Ri6-mK1e2-IjQAWBtZ7-qQ,39.91131590,-75.17535240,3
Ld7wYAcFvyErl_RfLc-uiA,40.01288470,-75.19018450,3
rJSLcfePsO1pdNMnauXg8A,39.96308250,-75.16926730,3
zf10JmXNZFljGl3IgWW-Lg,39.95527520,-75.20223280,3
Ytr6wJ0Y6SXOgM0ea9RSXQ,39.96367500,-75.14763320,3
G2oWC7vWPTiTZt--0bUMzA,39.93996601,-75.15776492,3
bKNULviFM4ayuSwq809DIA,39.93483100,-75.14205700,3
pqN11loWgNHqSWxESd4Uwg,39.96895150,-75.13491600,3
EmTlcS9DVL69iDPciczR2w,39.94108600,-75.14743280,3
eLbKuFpCtHEjCkoWkDDk7g,39.94880520,-75.17795370,3
pP4q0Mym-qt20nRqTKbzhQ,39.94960300,-75.16497016,3
mfBbcBaOo7KZsJ5JZBSeZg,39.97753020,-75.18555420,3
Mk2184ZyG1PcS1rMFxvrUA,39.92159600,-75.17867900,3
Aga2sEL7yQSycmx3Txk_XA,39.92523000,-75.17543000,3
nqGjZMGQ7ypfxn2KmyBW0g,39.95365000,-75.16846500,3
k6xc8FiZp2hppWcQJzNVpQ,40.06923100,-75.19975100,3
bzOCjuydWTkgkbZeaec8Zg,39.87816600,-75.23784500,3
JUQG2g3KYK6nbEuKNSxWiA,39.94680103,-75.16247719,3
GYAX9mPGYx9VfwDiuIl_9Q,39.93859100,-75.15653200,3
7QVS6kcmc2vfp3TDCGX-Cw,39.95133360,-75.20953760,3
uIlFxzyoJy7ud9j12aK7MA,40.00743490,-75.21244370,3
Fj1jToh-ChfAOSR8x4wEnw,40.02353500,-75.21974880,3
luzi9ygrx1X5aAvVg3mR6w,39.95759500,-75.24138700,3
n38QafGVzbdjavNHtCcpqA,39.95329570,-75.15943890,3
0hPp_rLhzOVZ0YRbojvSeQ,40.02951086,-75.05838567,3
SzV7Gwiql507h6d0BgT_7g,40.03738076,-75.03969209,3
n6GeIePXC0G3eS8UPGvloQ,39.95478200,-75.16847600,3
Du0waRmHch08QABPLIQcMw,40.02459620,-75.22113100,3
2mkBNO0XdithuGir_qO6Ag,39.93636700,-75.15540300,3
OcWuxEqm_5gTz7oPSHB6Jw,39.96246580,-75.15568300,3
VSVtG0BfSCRIZfo03VgHCQ,39.95493040,-75.20013180,3
zQrVOv8HISzIlwOiZMbwEA,39.94446358,-75.18057100,3
ppgoocYga1HPYL6lsIZvnw,39.95510060,-75.20747470,3
jHeT7dodT4fN1SD3QEFoAA,39.93860720,-75.15265550,3
RVLF2RaStLkJiQCqBHknDw,39.94398590,-75.16744900,3
vxWjLZMn3uzDQyOjAdwq3w,39.96755710,-75.17687080,3
HTqXI5S2XcSlh_ylx9sE6g,39.95304771,-75.15901353,3
xdferXKwbgXAxbtmAShhAQ,39.95043810,-75.17411490,3
uF2HWZ3tTq91ZYdpwTWEzw,40.05460980,-75.19396980,3
U7HYUH8SqZO6OQMNKCr5kQ,39.93930530,-75.18011682,3
SYb7oCytGSV6a3RnSFnE1g,39.94929480,-75.16303870,3
iSSErxB_4XLkrKU0CotYMg,40.04792430,-75.05846060,3
mXCc-htrMH55gdaWF7wH2A,40.06964800,-75.23976400,3
AmbhpZW_Xc_9ngKgDqpbYw,39.96743670,-75.16736350,3
J-ciDDEdIHMcChGIyKZnOg,39.97046801,-75.13453966,3
Mfyqn9bYNL7jVsXjXH_ymg,40.07719400,-75.20883140,3
kDzp5FXnuG3Pwk6orhfl8A,39.98116265,-75.12326248,3
amqruwbDGCcyu55p2pTjMA,39.97758360,-75.18530810,3
IKOIffVmSTZj8HkJbY5D6w,39.94938303,-75.15513081,3
wDdtwWo-TxHifDoMGx5Wdw,40.10546400,-75.03413800,3
I1pRPU_OB8-gzgKOSl9zFg,39.94287410,-75.14552040,3
gdyMIBAitsQubj0OEJoiMg,39.96708860,-75.17033890,3
bi8cQT77t7hOlKbB7diCPg,40.05303190,-75.19568030,3
lra3ButUZm7ZymM1YSnkWA,39.95369613,-75.15786917,3
3eAGbHu2VFz8dVNC_dO5ow,40.02736284,-75.03792834,3
PhvIKjKB-tkC6Lld0gQn9Q,39.94911617,-75.16154358,3
gpyLhszdiZ2_eIXeLIMU4w,39.99335170,-75.15522210,3
3StCmEw7AhBdHKIEkckGeA,40.01788260,-75.15466350,3
uf4gH2bLBox8bCHw30kJxQ,39.95230665,-75.17198045,3
HNI6qvswn1KYybgJVqUWGg,40.04150390,-75.05412170,3
BAf7Wu2Xo8HioALaBLRIwA,39.95105018,-75.16427584,3
hsslqZAVtu093rkguSpltA,39.96514100,-75.13542900,3
7n0qmplNMqPLkcRfI2_ieA,39.94906308,-75.16244004,3
SjCxvaC-OZLnOqAqHTXG_Q,39.94520100,-75.17872300,3
pnDavnO86ecVdnecksUW9w,40.11061860,-75.02393530,3
Q-4tY-IVxZCB6ot3x068zQ,39.95377132,-75.18941840,3
rN3tOWABU_hSBvLdADSb4Q,39.95407090,-75.15768180,3
or1JuxvK2kcrKvM2djYUEQ,39.95312500,-75.21198600,3
WGfnSTCWAzk1xqtkJVB7RA,39.94072297,-75.14797400,3
WeylzLacbhVyhnWAbUJ4SA,39.97792221,-75.15827088,3
zBOy9arp97nuwKuTal5Mkg,39.95510250,-75.20854600,3
j2m_DDgHRAjB0Vx3j8wepw,40.05487440,-75.12596490,3
6PO3OlixvoZMJBlcBW_iRw,39.92471440,-75.17375360,3
4X_-18QYn1mitVpaeua1CQ,39.95089870,-75.17366930,3
-VEGatH4Ea3anbCS4wjgIQ,40.04136210,-75.06438690,3
4hH1lt7mHPbl4r2O7LH6nA,40.04507160,-75.06068310,3
9ciFIt5951W-InCyYqs0CQ,39.93970450,-75.15625960,3
_7V_3b2dSSVIXqVMJwGmoQ,39.96583370,-75.16039800,3
_bWcLKggOwbpC_4Af4Nmeg,39.93477260,-75.16219240,3
iInBHV5h8zQlnau2Fe5OmA,40.02453200,-75.22095000,3
fQbT2skNJPvNDIhLHmcYKA,39.94352235,-75.16613610,3
FonAdA9atQ7dqCkM0IF-AA,40.04845150,-75.06178770,3
OeO23GTZxF5tRnOXsYxCNA,39.94797102,-75.15414800,3
Ee8FPJNn4WHLsBhyFrQJhA,39.94898810,-75.16007880,3
kXmscD-bp90t4QAh0H7Dig,39.94774530,-75.15954200,3
UQLWfOGTF-7T2EQlUT92Zg,39.97090281,-75.13640966,3
R2izKtaTN2UW3bhjBmHJrA,40.03677368,-75.03994751,3
-UJ7ZTb3zfmqZogmy3fnGg,39.94908400,-75.16786700,3
lThz-RFgLk4gZz2kheXQqg,39.94993710,-75.16024620,3
JtAyaKWwnax-Ag20WXW10Q,40.06324290,-75.18810400,3
dPBup9f9QMW-L9d7IQme0Q,39.94801300,-75.14301700,3
lYloPAiaWJwWgno4SdxD0Q,39.95212320,-75.17298360,3
VRnJgj0IvxoksHppE78X2Q,39.95626310,-75.15707950,3
gGC3SvEvxsRkRBIEU0Rfrw,39.87602000,-75.24297100,3
9uU6AGSXncM-hu6lIvgv3w,39.94877480,-75.17803540,3
-nIXhxPvxST6bTuj9jo1UQ,39.95029730,-75.16010480,3
RRIJlZUVvz2CkMrDn2UziQ,39.95218500,-75.17586930,3
ZDdNEwBENLXBT3jjQD5STQ,39.95071000,-75.16971000,3
YpV0DniZQKnG6mWVVl-TSw,39.96891747,-75.13514482,3
bugqlf02nwjIY1F8lozzKQ,40.03448578,-75.21641169,3
AzWwhJD-w91OJxpqUBnssA,39.92508620,-75.17276280,3
bNBtk8F-iiiWp6Z9Zi3ziA,39.95289000,-75.16924800,3
dUzR2vZ6nhuGdrDV2Dsr_g,39.94170560,-75.14926370,3
jYFMSF-AyKrvLPWMW6l5JQ,39.96455258,-75.14245127,3
YuYvesXrRf1PSp37a5IwUw,39.95111450,-75.17157000,3
q-m9__XyqMhuX5cValqS2w,39.95502080,-75.21214740,3
ByMJ2-lGfs7_HivOoApW1w,39.96202510,-75.17223590,3
HW5LkI9qeqVDwHqhd00_8A,39.95043910,-75.16755450,3
5gqoD4EknTFf-39zz1Fa1w,39.93493570,-75.15856250,3
bh85W8Dwc0UUp75H-EYnkQ,40.05665021,-75.08842609,3
pq-vWtG-d6bvzCnE-dKShQ,39.95094900,-75.15703480,3
y3LlrItb8nrzMYYiqQee3g,40.04071500,-75.01547300,3
iSOwZtXQaUBf5tX-MTVT4w,39.94849060,-75.14446750,3
mLdqrqgEXuUrCdgHLr30QQ,39.95466060,-75.15660600,3
4gvAsj8NRTla82aSBzGytw,40.10392010,-75.00193611,3
LaTe2iIyih62D1kCQ0hflA,39.96141391,-75.15602030,3
gkrDiCU_sRZKwuBlhEzv6A,39.94882950,-75.16631470,3
ofjC1sFI2_r-pAvejek0JA,39.92125420,-75.17440110,3
oQ1RYrpB4Vf821L-LXg-eQ,39.95560160,-75.15570100,3
B0md6FVC6Or4jZXCvOv1eg,39.97188045,-75.22613617,3
4Env6uGYxMhXFKPfcuzUuQ,39.87503485,-75.24385015,3
KxccJ1WW9J-I7TxHQazA_Q,39.95639990,-75.15708040,3
GOSVLhjUT6TnrPhkkmDOpw,39.96993900,-75.16302600,3
uAJ_rq4ZQUgERalFBO_zlQ,40.07853700,-75.03203100,3
irolxiYw4pOCM9gGDOhnsw,39.95567270,-75.20024890,3
jGIRx6Ium6U69owDUB4phQ,39.93515800,-75.15318400,3
ArGw19nfPgjR28TTfgb7iw,39.95006300,-75.17317800,3
cEG1r9aRMJwmRQVkh7eiJg,40.01288470,-75.19018450,3
elWsPNrZ62gt8-AZ8V8TNg,39.95217100,-75.17046433,3
B-SiesU4hxIiL7rl7vzayA,39.96921570,-75.24308630,3
7kLE0V9Pid6dx1vD4-jQfQ,39.94127850,-75.14733240,3
C5MdSiVtZKirRghyh08C0g,39.94286330,-75.14562240,3
f88R41qxHK65RkDjn3TehA,39.95539133,-75.15661014,3
Ddupo1zhmoct1yPFbF6ipQ,40.07319390,-75.03526270,3
8-0t76fS3LNlLERzJR9aUQ,39.89662254,-75.17542202,3
WN8wJ8PiBcfSPVWtZZhZfA,40.04134790,-75.22551950,3
cbDPotTFcIBONQH6kFFyVA,39.91852280,-75.17258460,3
btO6x9iGY4KiP4DpOf0TPg,39.94950700,-75.15126675,3
oynwmvwg1CUYCk0-VpZlAg,39.97319190,-75.22300460,3
x39G7-aTCVh-972fgogKtA,39.95079000,-75.14482900,3
WZPCfTRiN4ipajP7gFfziA,39.98498942,-75.21614066,3
HHpkOkPN0sk7ScP7Y7XBXg,40.02508950,-75.22217420,3
qr7meXBoHjezOYUWMj9O4w,39.94126190,-75.14732503,3
F7fC4dZW17muSvE8ixaXkQ,39.95069740,-75.17036060,3
6cthUjghHSevS64rOYjGVw,39.94795400,-75.16588200,3
EBoqt-NMtrKicAfhckAatA,39.96327410,-75.20209520,3
iMw_LReFjEsvhFGrU1EKqQ,39.95514510,-75.15744360,3
8G_S5A-MlOnvqbyVP788iA,39.94862000,-75.14476100,3
VG90jWMhlapW4gfO63jtHA,39.95380180,-75.15845900,3
3BJxm-HnvzdwD1zjmSbmyQ,39.96307771,-75.16802745,3
Ix_88gFalSxSCsz5Fbnl7A,40.02576200,-75.22385300,3
vgNNwYjdZ_waBvgUcwtefA,40.05011750,-75.01114940,3
4gyjrSazXr3JNTvNYOJJBg,39.94512010,-75.17882260,3
GZF6aC0nOhappc70jj5RJQ,40.08805106,-75.03765890,3
k2YJkdLg25xlYjshpeEtkQ,40.02551650,-75.22409680,3
LiHdRXlcj0GDm_e97oiwKw,39.94862280,-75.16476230,3
OBFrA7Xz3cS1JG3xMafplw,39.97043300,-75.23348050,3
C2XaAQrXj5UUWaHRw2CiRg,40.05496980,-75.18683570,3
sxou3KK5uYsRdl2RPsErbw,39.95055080,-75.15837990,3
f8Byv8pegvus-Wud_mf0_Q,39.96532117,-75.14060874,3
Ydo8zFl1PaO--g5zwyVyVg,39.95315930,-75.15909840,3
3uLXZMnm68l1YwI8_FaFNA,39.95196000,-75.17471100,3
r9RdpSEb2-0SGD_UcvnDkA,40.04418580,-75.05294660,3
TyhguONKc8i6M7wP09nTbA,39.94839330,-75.22158360,3
0ak-7uV9Nb7nF_l-mMCysA,39.95327170,-75.15620160,3
EH2yDg_E61zwl-e19XTiFw,40.05697810,-75.04782810,3
PkeGb4MKT2nBi_6w73pa6w,40.02513210,-75.22319820,3
DTwt8_pCuGyQbiIfXNdhDw,39.95040169,-75.17098485,3
PniDGhPSa_bMWA8gU2AipA,39.93880550,-75.15606580,3
AawRT7FMzXfMd0HwYvb57Q,39.94219208,-75.15326064,3
6WVx6tc0LTBV3Ajze9j9VA,39.95501700,-75.19990000,3
7M4acncueqDznH9AwgPjeg,40.04342344,-74.98951485,3
or4yTLBsR0iXUUrDIl6oEg,40.02044450,-75.21235090,3
vA5MHe9LqNQcp8k_CaFkHg,40.05063870,-74.99976157,3
pmnaMretlgmAA96i8Z7NFw,40.05295330,-75.18610480,3
2zSQu6_cLgWAVbZ2LbSLBA,39.91833560,-75.14051130,3
0h4Oo6W8mG4HEYQzZRkoOA,40.03489005,-75.10033714,2
_qgqa4X1OiMLqub1hHaMjg,39.95086110,-75.17836410,2
x8joRxn_TPorP1C2LSdSYg,40.04053700,-75.07697060,2
FwwbaUc7u5nSiLmkF_Z1Tg,39.94590610,-75.16845780,2
jPG_BuIKf0KBCFY6u00h-A,39.96673193,-75.16059514,2
V6nHZ__onRImXrX0u5Mu8w,40.03613860,-75.04046560,2
pTy5tFm9y8uzMjXhjWweFA,39.92994170,-75.15849460,2
5tRxcP-pDVeZtcDU-FkQ9A,39.96979300,-75.17623100,2
dppcN3xQKkMviTR7fkNwyw,40.01285670,-75.19057210,2
DpHiXRM3cxC9c2i4idYw0g,39.95176050,-75.16887920,2
NUExM8_IQMh1csfeWs3PyQ,39.95527050,-75.15662430,2
_kaXQwnlsnfpUsKr3otCBg,39.93921390,-75.17027770,2
d7nNIaYRfD3lPHzV3DZnwg,40.06555040,-75.08303850,2
KnXWxp0DO4043CyWAnAx9g,40.07456807,-75.03168238,2
PZ9gjIi-x6B9_DbSiFT65Q,40.01459230,-75.08484930,2
5tQ_G8aG1AMFORCp3gMPwQ,40.03002890,-75.09813120,2
jTeQqqBmFjEKIP2Arm5UvA,40.08526600,-75.02321400,2
XF7qNhRJktAfLoH5GP4tCw,39.95239800,-75.16792800,2
bRhUak1PMKvQ3qqcmqc--A,40.02505300,-75.22207360,2
sAEf2gPg15otqUS198Ilrw,40.03256790,-75.23242570,2
rV8OE1EeyJiLmBApu9wnGw,39.94961400,-75.14261230,2
iPr31XB3GJFEUHKCHLCDkw,39.92634814,-75.14744164,2
onufA0MixmTq5_VR_Zrx8Q,39.94816410,-75.15921120,2
1el_4ywdqa2lIsI1YPEbsg,40.12909430,-75.02374510,2
gr5eG2ciS_6M-brZVQ-KEA,40.09952100,-75.01041130,2
2N-r5ne3I6rcVyJRcinZdg,39.94816410,-75.15921120,2
VSIUiDAMrrQVsfbLfquo2w,39.93936800,-75.18013800,2
4ux_NVADCjbDmFT8CALKIQ,39.95047830,-75.16800100,2
s8NjvzYuOefJMCPp_119cQ,40.02683630,-75.21633000,2
tmroquufdrXXwFx1qiXNuA,40.03424670,-75.12980540,2
g16aFG2n7xJtFzy1KpPjZA,39.97899585,-75.16171788,2
9v-CkheflZhvHS9QT3-S6Q,40.04494650,-75.16501860,2
MsgWKX-hUG35a0nLcCAKrg,39.87442300,-75.24713600,2
3wxKriseiH9Isp5xmyBupw,39.96874450,-75.17822730,2
6pT7TIyrhpeo-LjTlIZBDA,39.95542920,-75.16645490,2
oZzN706lKoL4faaTK739xA,39.94032360,-75.14929980,2
R9EQOZOoO1a-WQLOq0KgHQ,39.95470300,-75.16849620,2
vejODO0L4F5tcnDkBq1_Ig,40.07519990,-75.20454580,2
c4ecEZS7BEmPhgSqzVz9tA,40.06268100,-75.19319500,2
lnT7jlgdGpn-vppgToIDCg,39.95319140,-75.15940660,2
yBbxaE9I25Ui_EcagN1H7w,39.93216900,-75.14458820,2
bchZXVE4feVx4Q5rhIRCGg,40.00278250,-75.22227050,2
cDj-eJ9VODmTKczeOWNq8A,40.03366500,-75.07206940,2
8HAs-c3bh_tr4ggiYAlZng,39.94832076,-75.15701806,2
O823FiPDepbCKYo7w2uGAg,40.08173590,-75.03825220,2
jNxvJeAUzzpC7zW3UN78HA,39.96925800,-75.13395820,2
hQm7205omFcZQt7wu8vLQQ,39.99728200,-75.09276500,2
k4WBufHPsiz4HgmT_gwK3g,39.95331400,-75.17307900,2
IzTh_D90T7LZRxy1lgAG-Q,40.05735970,-75.06079520,2
WpxcyiUAYYQAnivqz62JtA,39.96299330,-75.14069349,2
8WGx4nyapGrL0p5sKKgPxQ,40.02683630,-75.21633000,2
D_KGxZF6BM0-37pIyCCoQA,40.02268810,-75.21443810,2
fK_Fd8-KmGV-ASIIjJwfdQ,39.96569460,-75.19783190,2
bSehfDoKVeCXIcwcFwX38w,39.95381360,-75.15583780,2
DucrEk1GbKkM18MlKVuSRw,40.00220870,-75.15274470,2
epVHdJqIFN0dtAiFvnVJVg,40.08441010,-75.02406767,2
6jWxJEIoq5RrEAARWmj0Xg,39.95471589,-75.15758125,2
gSw5N8h5lpC4XGw_nthyrQ,40.03878100,-75.14946900,2
nk67HeBSnvys7foxtiANng,39.95553020,-75.15546910,2
hMMN-y22t0RQitwCQHFNkA,39.99957657,-75.20938873,2
0Ae7F98kmeA01VJCIdD8vw,39.96759870,-75.14142088,2
ZhEFPPLta5dBxUKnyqMF3Q,39.93894824,-75.15640788,2
DzzVSYXadZ1_XgfGz_Loyw,39.95371720,-75.15570100,2
NWF16GKQyZNVHo086gIVzQ,39.95285588,-75.15863644,2
5swkXP5AlwqV7s6yvLhQKw,39.94986100,-75.14552600,2
UaDnEIiRNCyLvrQWE4g0sg,39.93859480,-75.15264550,2
y_JZFlF-4fwSIn4RJ2vMGw,39.91776400,-75.16715830,2
WVNw5jRXmaJdP1_r-gN8XA,40.05001800,-74.98949300,2
XEy5AJmx2q8il0oD85ebQw,39.94191440,-75.15018560,2
2XHBmfcPgVBNY2QVDYKUZg,39.95301600,-75.16180800,2
f88P1gIbRpRzsYAHj9hGdA,40.02338290,-75.14835870,2
LkasU7-347mpSm3erAQHyA,39.95220792,-75.18356315,2
qesrSLuacbxAcLz0P6DBVQ,39.95118600,-75.16000300,2
Ay0j65KKb3sOrOFUVWs44g,39.96221450,-75.14138980,2
7sKfrJmjG6unAQeWdQUe2w,40.02646500,-75.22449580,2
p2LfPp--eXZQzKtMdDL2aA,39.94962810,-75.15189310,2
e0M-5mblsuda0syws5R68g,39.95041250,-75.14633810,2
p-MSh95si_sDdih94gyKuw,39.94870679,-75.14539406,2
yne4x3gAUEPoAgbdXzX8iQ,39.94068330,-75.14597010,2
PjknD8uD_0tisZQbomiYoQ,39.94985876,-75.16955735,2
nk9CYmNy0mxuu3dosjyV3Q,39.97042410,-75.17947790,2
u5_y_iOUMjbvqSwWXIx-5A,39.94940220,-75.14241850,2
05J_7mQg7dPuaSB_BBYEOQ,39.97129250,-75.16742050,2
5IEkofnAwaleuGjfBVsrvw,39.92182640,-75.15092400,2
3xqI9xG6MFQYkCPVED985Q,40.02639080,-75.22443450,2
d-wsqenNiu8fkZGpdw07dQ,39.95390300,-75.15873100,2
-rDhWLQJ28L2ttkaftdZNQ,39.93902382,-75.17320823,2
Hy-gZGsEpgZhIaARnaBKdQ,39.94268570,-75.15850100,2
Q46KberieM6ziVYME6CHEQ,39.94364700,-75.16739600,2
4_u6ikFiy1MMwPA9ZDkuXQ,39.93057530,-75.16290630,2
QlC0wdl3pIWnigTR4vDzVQ,39.94193400,-75.14932900,2
XvV9B9Y4YfVVehSVkX6Ulg,39.95376730,-75.15615180,2
3ccAyGhQyN7XOcMNWvytYw,40.02921860,-75.20667690,2
AiByKTUdixBd5vWAMyxN5g,39.94917070,-75.15266590,2
voedsXPlAFPHdvjAgIV2zw,39.97307137,-75.21885932,2
68ThEdiK0eWCEgGEmV9Tng,39.94556870,-75.17179010,2
COMbxg_qdhUAkR7awxkT6g,39.96092879,-75.17115005,2
QJOC6Uz-RCpzPB6aMjtP9Q,39.93475430,-75.17953220,2
BUEx8JCXx5v81EEVAIUC-Q,39.96392160,-75.17510390,2
Bze5Vj4MmcE0KHGy346xqw,39.92182640,-75.15092400,2
xYOETY4C57qgs0ldtDYX_Q,40.02957918,-75.05833492,2
ZVkrLNK2Z6zSeCn4U9A7rg,39.99819510,-75.23212060,2
lIgEQlXldrdW5uw_ceVsOg,39.93861030,-75.15810650,2
WmGSfx0JbwNRT03ozyjb6A,39.94180040,-75.15223510,2
VJjFHQJ08SR_Pl7Bk4o2xQ,39.97154800,-75.14450500,2
kOmhn5Eo6AWzMVL6ALRq2Q,39.94101100,-75.14584330,2
C7diOJxxEOJyGOc41PWPRg,39.95560922,-75.15444517,2
9Mm9xvLfiI72E3Inhmn82g,39.95283370,-75.17034550,2
k_43W3zbbEuvYuLZviSJKA,39.95423560,-75.20119190,2
BnffoBFNuGmNAksel7AX8g,39.95443070,-75.19990690,2
ejRuEF2j8_w5qQbwEQ8GfQ,39.98518180,-75.10674980,2
NbE1Y8RBRwtbpSsqrZVBVQ,39.96284560,-75.16319890,2
kI_8RT6-IoVxD-EgXmyFvg,40.05940000,-75.19026980,2
7W2HqyvW9XIL-TWuXSODBg,39.93441520,-75.15437260,2
6IwF2rpoaiR_W6DzOvuceA,39.95619468,-75.16898516,2
G1q1IeNbiRJL5bReBLFdzQ,39.98644610,-75.10068260,2
M7ZJfnfZlXNXSNgyJbAszQ,39.95050590,-75.19519190,2
WnT9NIzQgLlILjPT0kEcsQ,39.93598180,-75.15866500,2
RL1mug4X2HghyPZwkd8lSA,39.94524500,-75.17051100,2
90LsqLbaoQpz_xNbSQsCFA,40.07636600,-75.20675400,2
egnIRUFaiOFdXYReuproiw,40.04616058,-74.99454830,2
rWA6yZrumwkHocyfXKPgxg,39.94430930,-75.16973100,2
7ooLXitHwbAHX0b-Qf_Syw,40.05494994,-75.13721466,2
t3yrFZ2bCBhWrY8c1zM9CQ,39.95000813,-75.14469809,2
SAi55UwRNKZbVJAXh0PFIA,39.92291033,-75.15964732,2
A4zsfXGNGeOu37dDMcKTUg,39.94596020,-75.15944040,2
-FMI0_EhMjwXaAgHVGuG2Q,39.96417310,-75.16151630,2
77eLvITjZT6P6KNSsw0n4g,40.05856550,-75.05940800,2
tKsawuzB214VPzXb1488Ew,39.94248220,-75.15076430,2
8grIwJYQJ16EUImULDCdQw,40.08769700,-75.03882700,2
B2TRCYPklp7a8Ipcz5y-BA,39.95187000,-75.15991300,2
5lZNaU_zyoVA9tX-yKwA2A,39.98340000,-75.21020160,2
ugSVRAKO6mxvsrElFg8USw,39.92640200,-75.15753740,2
7vSahcMGVWAra7M1RkwH0Q,40.05130547,-75.06662646,2
zwgBxmrmPBF6N2uRTUYXrQ,39.95099200,-75.14488200,2
0ijmmbTvd8fcLclFVdpIsQ,39.94933190,-75.16167330,2
Gbme3lbFUzssuPJsOfDUQw,39.98376370,-75.11555370,2
NBlB85ch_WCxYJ4fPWHxJA,39.95494007,-75.20230249,2
5iVzAXPYqeMx6f2o4AYRcw,39.87640135,-75.24697577,2
cz0sBSp8G2R2dqE6cccbuw,40.03780390,-75.03876640,2
c5kcBGTi_xr32z88o8Al9Q,39.95537986,-75.15663190,2
dIuZ9SDAkiFzg1yuA8RkeA,39.92530586,-75.17329108,2
OQNX0hkbM7fgBnHcGNPPXw,39.96888370,-75.13347365,2
qpdJ_lw-BTw1HaXWIomPGQ,40.05027268,-75.01230444,2
r6urzh91dq72mEREmoE-1g,39.95346862,-75.15924484,2
Fde-_DZdIpKhXE7i9KRlTw,39.93877460,-75.17408020,2
AddC68mgkczAcxHnzgByPw,40.02861748,-75.05841198,2
mXQ5qcjeVZKBbyWrdQ2Z0A,39.93693920,-75.15844140,2
_RRGOrzVgsEE4MlHHZE6iQ,40.02944000,-75.08114200,2
H7ViV-eL_t9XgOA8SeJYYw,39.96220910,-75.14124510,2
aWy4lYji5BOdQk473z_eXg,40.03253775,-75.23241713,2
vUBnjutMeNiBRSB-7o1imQ,39.95555440,-75.19858480,2
7SUOgtE3XmoKbLT5KuUYlA,39.96344384,-75.14680810,2
1Ggw9DE7s9h4q9sRo-f3oA,39.92207760,-75.15082780,2
l0EaGQCdik3sXG1mX0D6aQ,39.95053300,-75.14625700,2
TQ3XTsjmefGlkhFtx1OTIQ,39.98248978,-75.10271333,2
5Hvt4NPyJBRV8BL6U3xMuQ,39.96714500,-75.14095700,2
DVAyUdKXfZT0uhX-T_i_cA,39.95681666,-75.19417068,2
x1CpCXik31TwTtMPMcrcug,40.01823800,-75.21150920,2
SSoN6EHMxzrdQfwf9T74jw,39.94733330,-75.16167740,2
CxzaEZX7Zu8xHBqOBlzqFQ,39.96142267,-75.14134248,2
1klRUBB6LfKCotq75BVmbA,39.96692063,-75.16518018,2
xufzUDqIr3-rc68Sv1zR1g,39.94090440,-75.15111070,2
eX1y-liKYdbpX0urIWMiTw,40.05481260,-75.07279890,2
XdipvXDdsYt_MDtTaMtXPA,39.94088680,-75.14560710,2
GUNpbcLvHZLE3NpOifjNUQ,39.95190110,-75.17570900,2
p8FRvYD-vYAKzAiZgbJdbg,39.96738470,-75.14117030,2
9o55tW2eCwxRvwWVQSzj5g,39.96890605,-75.18103693,2
qg6TJc2izTA52XFHAxdVjQ,39.95425100,-75.16847600,2
XAVsvqv1HWUiiqgJM6zubg,39.95588694,-75.21164577,2
_1itCzaA3bDVdPSwNCNPtA,39.95534850,-75.19869080,2
QMNheeGTdKujLnYgEyFuWw,39.95189820,-75.17366760,2
Oyfuul717X4T5A77S-ASBg,39.95483860,-75.15738180,2
F_ker4jxFkcvfZQf-MDfJA,39.94753850,-75.16732930,2
cSaoPFiZUzaTgnxM91KgXg,40.04063910,-75.17904800,2
XCJ8N1GrV9Gdgbyp1U05NQ,39.92645460,-75.16563070,2
C6cOQD3ELF38AeYgtfw0Dw,40.03948900,-75.17803730,2
UocjABfzi0iR671BQhsuSg,40.04284600,-75.07371900,2
yj0SWZvJ0tGwAywoVxPT5A,39.95120175,-75.16803160,2
_QzlIe0DdxSHBJtbPvNG2A,39.95388214,-75.19755363,2
1fGaY2WlGv2l4as6UkMFrg,39.95882570,-75.15667560,2
UIlrtflU_DOagc4YyrQ2Uw,39.94926490,-75.16177990,2
sk8_333tO0fBXupNjVZ8Pg,39.94405750,-75.17010880,2
LFOiOxKTB0oDELEJ0yjBhw,39.98070913,-75.15140351,2
iX-B-N84nktxvhSwTYSfDw,39.94806910,-75.14303405,2
_zTCeJDF00ssmvBUMY9sKA,39.96122730,-75.13873810,2
hcP48OHgtr-YbdDiQ81qBg,39.94892300,-75.14353400,2
Pjl_bLDq0GTeQpQdJCF3gQ,40.02487840,-75.12350190,2
5x0Qrz93x4msXr29NNRCkA,39.94849700,-75.21626110,2
6JeOgP-NpUedS4u5Iz3qlA,39.95544490,-75.15562140,2
PvT44WlqJLkUrCITo6AjRA,40.07714922,-75.20870701,2
6yUwIic-obMfUiPBDDkTkw,40.02514400,-75.22320000,2
XpTNCVbO5wL1DtDyKzKqfA,40.04101150,-75.02841720,2
K8tLlUcLvCY4VZ-ITQ1sxA,39.95341585,-75.19599765,2
ZYRul0i1bhOjirHED6Kd0w,39.91804000,-75.16870700,2
pQ-oo8Bai2VuTqxy0bhLgQ,39.95536680,-75.15662430,2
Tfez9ZWvwBNxeQ50AAeLXg,39.94192757,-75.15273381,2
p1Y8bMd0ixx1dzj9oTjEOw,39.94399310,-75.16957510,2
w0XIMGG5xwEwFdbXzkp8mw,39.95130780,-75.17922640,2
XZvALUhfZJy0ful-GdxK4A,39.95427100,-75.15485810,2
opjF_JN6Kpr5zWxBhkGC7w,39.97012340,-75.14641520,2
jZxs7PDhUbhg4LWSFM4Z_A,39.95412020,-75.21123570,2
fdNvkw1Z9L6TkLnfX2LtEg,39.94101760,-75.14579700,2
r2Q0R0o2ozazmsZb6EiFfg,39.94922250,-75.15314720,2
bKppmYKQ_-9cpp2yziB-Qw,39.97387540,-75.17942420,2
Njv2-eMDyGEWEPEOVonwsA,39.94824928,-75.15437946,2
jdaKKqnbO5_eaucmUc0lHQ,39.95571973,-75.19027077,2
7pf74oDDqZP0i1L1rzJHVQ,39.95050380,-75.16251850,2
5Md0YaxD5HiOoBmsnmIu7A,39.96330820,-75.16316140,2
YE2sNvh9mOBQzPO6pWNnCA,40.09946200,-75.01035200,2
Xf2bYD_gsKuWiGYZw2qsYg,39.93949600,-75.15586060,2
lOdf3USy1JvVP-1mWjhDSQ,39.93832900,-75.14440500,2
K0JZOvCUgYtbPjcDzys_kw,39.94376550,-75.16760290,2
9PCiyXCG25bOycCR7nXIDw,39.96531000,-75.16039000,2
ZTZjoR3oK0HQLct8sWGUkA,39.93059100,-75.16292300,2
vFDGCmR5iH34PdoBhTYh_A,39.95362850,-75.21895120,2
p1257iwsyKj00D_145O03w,39.95707310,-75.18208265,2
_xp9OJa-ObEMFrsLvjNWAg,39.92562182,-75.16238347,2
JHgfIjfB_C5LH3r7e8hV3g,39.94004280,-75.22290550,2
c-jQ_--GMT_SvyjclyYqMg,40.02303194,-75.21903600,2
VTG4ywxqcw-R_bvRGTYKaA,39.96921310,-75.13632570,2
Ls3zQR47_wmUkupJXm59oQ,40.02646070,-75.22383520,2
a7__VvDjHpgpncosFsYArA,40.02841157,-75.05905778,2
ab5hOCoFF0Jm4UvP6F5QwQ,39.92226560,-75.17372450,2
SwdHTo4A_5eA8QsfelTPdg,40.05927100,-75.18990100,2
j0nfkOogyh43lFcuUMlVsQ,39.95957250,-75.19508830,2
zbd07p4LWd6ty5mHA2F1cg,39.95225842,-75.16813163,2
oHR6VtJaFg2rBSFvoEWqrg,39.97001140,-75.13017810,2
WrBTJTa7q6Ju44d0A7rJyA,39.94187300,-75.15253360,2
toMVWIsPJmS7-LiLAf2AfA,39.90497270,-75.15882470,2
E0AKqwkebF15_hvzNSyGlQ,39.94829400,-75.15195110,2
szdH65mQam5lNncCfJLUwA,39.94839792,-75.16224578,2
Gnn3GHyNiMHk4A7FiGgrOA,40.06430078,-75.23741195,2
hjbWZ7ITHL_1Xr7IAwyoxQ,39.96621030,-75.13789190,2
cunSJWc4s4A2kbbnFoYBow,40.03899700,-75.11864300,2
BIGwAJH7CIvwHu-9Rog9cw,39.96656110,-75.13998990,2
PdMXmOWDRHICAx6SLgu1dQ,39.95152110,-75.17987310,2
fr2qDm_mY1afIGMvqsKUCg,40.06430443,-74.98688140,2
4CBk3DBUgl3V9zbVBKsIqQ,39.95139200,-75.17062000,2
RJD88-WavTe7f-68Psn5VQ,39.94782623,-75.16621682,2
s8P133LRpPSuypuVCwUzEA,40.03020470,-75.11791430,2
XFOLv6Vxik920W7OP-OStw,39.94649580,-75.15805400,2
liy3id4Wj1AaIduwETiVSQ,40.03100450,-75.08361180,2
7w2mvWBmvY-49MmTxQ-OhA,39.97032560,-75.14408310,2
ZtjQub4hsEbltiofZyllRA,39.98832511,-75.10251358,2
jFmS7S0kU5ZQHSm4jqymQw,39.95392840,-75.18866320,2
q6xmmfmt8DzOhbIC0WVbvQ,40.02641750,-75.22561350,2
o5qASktfJmfQ1v6IgLN24Q,40.01083824,-75.13965882,2
zm9aNqkHHtp1f-VT3ZlOZw,39.95405900,-75.20958700,2
Jj4TRoceBE0dNpS1rKHAyg,39.96494637,-75.13495235,2
TFbTZyxS6wN469IyN4BCRQ,40.00920800,-75.19367190,2
dMOv-lIQ9-2TGOfuAyzgOg,39.92545450,-75.17084050,2
MaGuDXpMlv3NhsR2XXNRBg,39.94903260,-75.15462580,2
AY1SyySRyTnBwBdf7qfGxQ,39.94891050,-75.16301550,2
t6v8g8UeNiq3O2GoEc7R4Q,39.94780753,-75.16227800,2
y7WPOc2_vCoBkwK3xPJ8XA,39.96218260,-75.17218970,2
9ZmVhCA2m3yK2mXHDFUlfA,39.91949120,-75.17263020,2
H0mtZ81wzpV0yh11x2iCUA,40.03560868,-75.23588255,2
uHtdM9fh6h4F0Ly3X3ez0Q,39.94908000,-75.15997253,2
8-1vYscR7TNGF7LcJeNZBQ,40.04540660,-75.23272850,2
1pDauBMngzqWG4ZTPMEY1Q,39.94397120,-75.20991370,2
ipRXCy-0ChYK_569rPqzJQ,39.94861603,-75.15715790,2
9nEASTWzpz2MildruqjFhg,39.96290572,-75.17427852,2
aSLURDEj9Kw2YQkpP_ZAlg,40.10904360,-75.02501700,2
5MJFhSLlY4THFDdAe1o2uQ,39.99623657,-75.17143965,2
UVCiRVQID_amNd_q1K5POA,39.94227760,-75.14496110,2
GdqZaRx-gN8IxrmqYTXcbA,40.01168700,-75.18933000,2
93K-xlLwLnwcFuV2r2MI6Q,39.94256840,-75.18529730,2
YNzyPt4RdhDGUDlwxFtTQQ,39.95364796,-75.18918773,2
evWk1epmpumm2OMCdVwnPQ,40.08297660,-74.96547986,2
LzWvZFkxO-9tHfV0kX1EFQ,40.03464213,-75.21665398,2
P8QLcGZZOPgl9w_3ARBKiQ,39.95468700,-75.20218100,2
zvixukO8M4PCmMMaZOldPg,39.93776000,-75.15828900,2
h9c5p5JwhdbMFGTFDvozag,40.01705430,-75.21067730,2
rajhXVhe25WptAZx26UqTA,39.93875230,-75.17408370,2
dSPA4yql9vUwnYRxHiVtHA,39.94668530,-75.16399510,2
xQrzu_DJHwVdokMDLq7KTA,39.95426770,-75.16789930,2
s3Q1J4XEVOBiZy9dYUpqpg,39.97697360,-75.12411440,2
hGRycT06CnsO1kcNwOc1wg,39.98151300,-75.11365100,2
xa49Z4ar0PXDgjZyHrqbHQ,39.97661345,-75.14084503,2
RrqRin8BYGrTlJbCDwtLzA,39.95108856,-75.19899883,2
XIP56Dnfod92fYrrNDOACw,39.94877722,-75.14567301,2
BO4L5vmX7pwwiQiIz7QbsQ,39.95302180,-75.16750840,2
Knt2mnsG15akKb9cjSiuxw,39.97099580,-75.15816170,2
iCVrRHR_Yxr6mHCpObnE1g,39.92394941,-75.16745752,2
I-bZsyEsmlJsqYObIF2V7A,39.93693400,-75.16183700,2
nmeGoVi_U-bbnojJsi52Aw,39.95028880,-75.14469880,2
WdQuggXokCWfYhGylPYhIg,39.94382101,-75.16531080,2
JFjEZFxZwBQx7DkmqzCk6A,39.95042380,-75.14621030,2
9sOHuGGwb8uRVu7pANSWfg,39.94087953,-75.14755327,2
3Wyjm5SA7BxwJK3RBpkqcg,39.93672900,-75.16695820,2
fT0lXvUz41XaZbgtSMqTKg,39.95889220,-75.14587320,2
hp-UUz15tDMgIu_AgFeuBw,40.12934750,-75.02376920,2
yHsG1SuEtB_pTZ9TjvOxrg,39.94949021,-75.16427279,2
wZ6EfAVljGcjT1JPbc9htA,39.95151250,-75.16906560,2
332MG0dFd8d2JUcszdRdYw,39.95328390,-75.15526610,2
yXeTp8BoQUkNHFzYxSEvfA,40.03756100,-75.10806900,2
osqUOYJ1GR833udf6XCSHA,39.94993390,-75.16810410,2
gKS0fS91JQOOTICdc2ZvFw,40.10180530,-75.02911440,2
TrjdAJMdOVaSZcVxpM7qxw,39.94910400,-75.15431500,2
e8l4qKiNMzEOqm2PH18E2A,39.87785500,-75.24471100,2
NJVE37nRqAuTJ3OnBWEddg,39.93851300,-75.17038590,2
XQewVfTaosZ3U-4g_yH7Nw,39.92848530,-75.17303467,2
PQ15SQ4e9Gpw7KpoYHjlow,39.97808020,-75.13392930,2
3ezpA0GTLKClCwiQ8AkkGA,39.95646427,-75.19441333,2
ryGCYr4qNQnDVtji9RmbEA,39.95176100,-75.16913000,2
QFZbe75u5146KeTF3ZmOhQ,39.96284800,-75.15730850,2
qHBakpsiwB0doJ39Oo_h-Q,39.93404480,-75.15829710,2
SYJ_7skUPMHBPIWK88uM9w,39.96789650,-75.16208530,2
BqvKbM7EOI0jXs0G-h2C9g,39.97854100,-75.13009900,2
-V0vIgo6196MDn_x3ZaYmA,39.95062420,-75.16972970,2
I9DCtzUgR4gamBFMVsdY8g,39.97612600,-75.11923400,2
XkJsE4AJJ95vctIkE5kRWg,39.95057210,-75.14543990,2
owwOC1bVQt1XAMdiM1TOzw,39.87636100,-75.24704500,2
xXFSEWRO0012YBbdoJ1kRw,39.93884500,-75.15647540,2
cLlBDZxYJ1dt1JgMuZnXew,39.94087760,-75.15110640,2
GKNknnI7pZgPwjOKNI9NPQ,39.92716370,-75.16712820,2
CLw-I3X3X8l1V80jxPv3AA,39.98958230,-75.12554300,2
c0eRjo4okGY_ppuwTjNYzQ,40.07409600,-75.20255110,2
Z69P_L-gUbZpa6SQ57RuGg,39.96161100,-75.16664063,2
h2kkHQGhtVuFvMBlMY8NLw,40.02500550,-75.22305460,2
D0fanJRjGeSveHiBoWbpeQ,39.95478390,-75.15692700,2
H4eTwVFJvjCL0asz94CSTA,39.95402600,-75.20958400,2
6CsLAjWXFlLpErBZEmGQ5g,39.92088820,-75.17368200,2
qYREpGOZQ_Xio8Vo-a0TmQ,39.94918289,-75.16595700,2
x3jRG95AVMBFcxVovRwIRg,39.94959940,-75.16132780,2
EKSmnS-fup3HNFLR9J17mQ,39.94939200,-75.15905900,2
VG1RKFwh_F8KX38Idnsy8g,39.96442130,-75.14913140,2
HxqKo-FK8L_f_xPpBtebQQ,39.94997372,-75.14455807,2
P6NMy0i18WO9gaaHXXqyKg,39.95148900,-75.16494000,2
LWxC1AisOHQV-cfo5tprLQ,39.94967130,-75.14425420,2
w_JNBcdRer2wZlKMiC4hHA,39.92722272,-75.16632602,2
cAgokhC70lhtn5jyyM8enA,39.94227030,-75.15332990,2
NeY1bH6IKJxnn4YAixibsQ,39.95367090,-75.19495729,2
O17dm8a_hU8zc3gAYkAK-A,39.96242590,-75.14292910,2
u9ZKz1sVVkLr0qTjj3B1mQ,39.94975630,-75.14806230,2
jYi4Gy91Mmhq7WzGcb3zLQ,39.95411640,-75.16679290,2
R62ILQKzC5DMAKHZr0iszA,39.95479090,-75.18877210,2
TUCm1lCkh-usRYRl3U0S8w,39.92396980,-75.23617130,2
LEwyF97d5SS_V4kLwSMu3A,39.97021100,-75.14872800,2
GLSGyWYrl6t2TJl1ZS_tVg,39.95544490,-75.15562140,2
2BeDv6iW6L1BMxjAdDq_ww,39.95758600,-75.19175940,2
UXOji-MYsS0SL_0ccTjbKQ,39.94997500,-75.14605400,2
jLDwSeoQ_kDQwhnUJQO2yw,39.94326970,-75.16349890,2
j-WKXu1uJbB2AvY09we9ZA,39.93888191,-75.15798910,2
WYYdQDjx-DsCanlP0DpImQ,39.94703340,-75.15743390,2
O4wZuA6Im9gQxxddCZ3kkQ,39.95448202,-75.20524396,2
Tg5p9ITJUOYp3vFzw0nK2g,40.02255850,-75.21843260,2
ZuGviUbyXpaEZnZ7w2IHyA,39.95320873,-75.16657572,2
FOTp2JNMj0_SuDSPKYhixQ,39.94709731,-75.16475813,2
BDiY_LD44UO3vplJ6L9fhw,39.95481760,-75.16457950,2
i-Td9gDwz4xLLYv5soGp9g,39.95092132,-75.19643784,2
GCPecqD-FJis5SxrqKwSZw,39.94984840,-75.16276070,2
UQ8UKfNSUT0aKu4naioVqw,39.94949160,-75.17393560,2
bCvUy9KIFP4Q6DwCwRKmMg,39.94375900,-75.16733700,2
s8MTunfjxZslRLcjlTiCJg,39.97301630,-75.18059790,2
twuI1VB2L8_2MrhpswM4Kw,39.96718360,-75.17641480,2
Zjg5nixJ-sTr9B6tsDzClw,39.92901900,-75.16470500,2
GmdKnVxC7oA452WOS8W32g,39.95209003,-75.17199258,2
us7g3OCOFDXjZpmYqQ-f3A,39.96952510,-75.13840500,2
cqzAz9oBzPNvJccZ2MNmbA,39.94430300,-75.17277100,2
w0zKpH49tW6Y-b6ZJzKMFw,40.06141700,-75.08334510,2
piUZEndStsWNnRUwOPk8jA,40.07431100,-75.20290900,2
Br37ifeGL9K3Yt2skPiLjw,39.93689297,-75.16679708,2
hazgheutNivLCKWRGDzVWg,39.95861400,-75.19431500,2
KcTsFk7fAMkciPSakHNVcA,40.03060180,-75.21761770,2
ENhzvzEbixDwE3f5G-shbg,39.95443730,-75.17003950,2
fUKvUex3TPrxH3n_9pR9FQ,40.07049040,-75.15698260,2
_T0cPZE2ZJOTTlYYKMP64Q,39.95639590,-75.22537840,2
JtDZvV3HddxFnNdrwrWh7g,39.93187150,-75.14950015,2
73iEGnaQuHDMS51UAqP8ZA,39.98527200,-75.16153800,2
g3VTofBULAB3bld7IzmJMg,40.04269500,-75.06377100,2
qOCZYVpQ_H0BabYkWcbXhA,40.02976960,-75.20616410,2
jTbOziVO4fGAPCUII5OgYg,40.08306739,-75.23229887,2
T6S3ANFsbrl_1Q6ow-7XYA,39.94335400,-75.16400500,2
ddmwkOVNategY1klPbAFsw,40.07787132,-75.20838808,2
XpQz8LfaxU_-epzBZ48s9Q,39.93549691,-75.15432010,2
MxwBFQoTbNUiyv0NF9KqKw,40.02968430,-75.22859200,2
eFB8nsciED7EupYVyAnTyA,40.01527390,-75.20756730,2
7GX2Xe12_SOuPltFOB6TLw,39.96442200,-75.20471300,2
EhPoBZIeHCfrFPl3Rqcg-Q,39.94963672,-75.15875682,2
erbA3m2FNa6BKMlW0a8P_w,39.98314400,-75.11494200,2
QKCpN2DE_iz5om4tdaWndw,39.97572600,-75.11974300,2
nzMsAREnsFlsCHsBUwL2SQ,39.95524590,-75.15613420,2
Am5wWa0v13NZRsJ-g9f9cQ,40.07427600,-75.20258000,2
nOVUeN4lQAnrwskMMJ4nEw,39.95177124,-75.17372450,2
aDQ-n4B5FAUwEiADAkHoJA,40.08102290,-75.17011500,2
lCetcbxQr52TTGmGmXzQcw,40.05408540,-75.07046860,2
Zwyimxd54QZ_2cykFDJ_VA,39.92789950,-75.16601830,2
5ezrDoezdUlJpUa5Jg6dUQ,39.92945300,-75.16362430,2
rEi5BZ-kgk7zlS9Sc40smw,39.92289940,-75.15251980,2
RFo876v_A63N2JfOTq1p-g,39.92889260,-75.16512650,2
VEsI9_aDFzIrk8wh0QCOAw,40.00434600,-75.21854000,2
dlFdjPUJI1eqRs8WVPE3QA,39.92283319,-75.18467166,2
P8RXed34d07PkQd4NH73VA,39.97928849,-75.12550883,2
55D--p5wnvr0gYyRI_y_mw,39.94063545,-75.15760215,2
6HvlBeMH1povoskopmp94Q,39.95412600,-75.17355300,2
AvdhZ3RgY3xJbW-JMACcMg,39.92774380,-75.15857390,2
yYpU8EWucx32OYIIHqP63A,40.02632830,-75.13248730,2
Xkn6vebYLTY1aCe2J07MfA,39.96305729,-75.16433112,2
A4VzKmiVNuLYPWPpE-49SA,39.97882604,-75.15899420,2
502_oIIGv3G7ZHXUeMiZvA,40.04619100,-75.01508990,2
9bbwPNPYXqP83reSK-hASg,39.95276150,-75.19914320,2
TIeuWmX0lRLkwh5aYv9Q6w,40.02963797,-75.18106274,2
mciSzNKFRZ3HGgeSDuwUcw,39.97469160,-75.18286800,2
X3NS8516o015Z1zcOwrqmQ,40.06270730,-75.19318220,2
c-0PoHHcA6k7y4CxjGH1jw,39.95016051,-75.16193332,2
TQeMOhco0FL9zHrmJHiPAg,39.95544630,-75.18177972,2
eJDUZMLSwYT8QRKbZVTZKg,39.94862403,-75.16464595,2
Bih0eT_lbbCUwKmGYpX0hw,39.93536010,-75.16158360,2
tS6sIazfKc77jbEi2w0zgQ,39.92608400,-75.16820710,2
_05DcCQmCP5aGnfCnI4r9Q,39.95005350,-75.16891426,2
34XCXNeK8Vgc954dl06vtA,40.01067560,-75.17706460,2
WIv5kTb_P3jnngPkMeRRNw,39.95030300,-75.16685600,2
ceSjm0nHamTmAd1tWcuDhw,40.07979060,-75.17362360,2
NZ4BGhQBVw_9MSuTqG4YRQ,40.05720520,-75.04710550,2
TGfPJHImEq6AQL9a1laxlg,40.08178000,-75.02679070,2
0jJf0DNHvYI0itdQSezsgg,40.03874130,-75.03617570,2
Ea663rIHyKXz2VP2DPH7Cg,39.94977605,-75.16045972,2
XLLy-geeVwPF-awhMG8kGQ,39.94809200,-75.14356500,2
x7jmbNVlvKJPW_bOmedWzg,40.05408800,-75.14191100,2
MoU6F7B9bSLG6Ykan-9G_g,39.91533200,-75.15840480,2
MdAO6bEVCYmAjw2IaGJ5RA,39.94980000,-75.14623200,2
pSquMmdxtM5FFQYeNlcGAA,40.05932300,-75.19020000,2
RkSs_qLitbI320DP245Ebw,39.93566190,-75.15867450,2
6F_pMpmU4WDycwY8B8T9Fg,39.94898000,-75.16404560,2
7g6bsvzLv50NCgXgUfjSdQ,40.05996730,-75.05246750,2
5FuQbcHTF_I7PWJzhCMObw,39.99582640,-75.23393400,2
e747H7dlPXtZPo6VdSQelw,39.95524740,-75.19690990,2
_pKEjjvNINYXArJwQSsoOg,39.93333400,-75.16201400,2
cpLRN_Ze8BowhfSx5_urWQ,39.94901500,-75.14381800,2
zGD1PUe6bksPqx5XUqGUIQ,40.03526990,-75.02558750,2
O0jIkgflIoU-PYNydIuMeQ,39.95271400,-75.16053400,2
O2Ne4Eb3dTf8VIztA9qI5A,39.92093240,-75.14655730,2
adlLsuafIDO_OOAr4tG1bg,39.95482530,-75.20097830,2
1qw5dIsQPNGLOwnuP7Wj1g,39.91429280,-75.14715010,2
Zh8X1au_crT9jBs2LlPb2Q,39.95192964,-75.17219424,2
NFU5RC8-UCzwq7RPHI4UoA,39.94364700,-75.16739600,2
g6vwuA7KlRwIolWgDiA7_g,39.96030224,-75.19690005,2
_5YKKrnxZ60H_VqtX3k-jw,39.96300000,-75.17245100,2
z5YxP_jyIU7dRKUA7V_H0w,39.95554500,-75.15547290,2
TPXPScI9kvWsO2i08skxaA,39.97697360,-75.12411440,2
xbaxgLzJEM7AtrNJCPhkmg,39.94676590,-75.16112690,2
HCN3XWVqv04fws8vkC4H7w,39.94724630,-75.16154940,2
StJngGaxDOJDjNmsCcKuAQ,40.03517030,-75.17875160,2
Oj4otn-Wfd-JLwh1dL0DbA,40.05921160,-75.18996790,2
3IDTJXyPKz1vOcJQD1Cn9w,39.98311950,-75.12301160,2
rVUQMiFeHaLbGZYnqVXRTw,39.95472560,-75.19510030,2
9SqhTgh-8y-pYVfJTA5itg,39.94881800,-75.14565390,2
m_5jK3w7t4CS2ReIZI_grQ,39.94187600,-75.15025100,2
Kdq1xfIFIKOdO-qW-_tg8A,39.94865210,-75.17411690,2
utk0M6RZXbtTYTbip40Bdw,39.95427560,-75.21159510,2
10wt8eSXI_PZfl9dRIiWmg,40.11056600,-75.02389880,2
KDWHReUcvNqhvbwhlYYb7g,39.91264070,-75.17289240,2
7k9qGQyytbGxpJTnwxK6Xg,39.97854040,-75.15837700,2
gVWf1FBV59G8ltzQ0Nmchw,40.03484780,-75.21639830,2
NU6SW870hySW6jwbmE7YuA,39.95105700,-75.19847620,2
OtMQXpDXdu0AndeLr2hJZw,39.91782510,-75.17091440,2
FIDLmYEuCtSj_rc8lqaKFw,39.92304890,-75.17807910,2
xrlyoI0SHEFBJa52qQnPUw,39.94474220,-75.16492040,2
sJJD7XjnQOffr-iCrbxvdA,40.07703110,-75.08541090,2
-b8iNhBez0hRu478nIDhyg,39.96673740,-75.14014800,2
BK6In_HrWgAYZjQLTdbg0Q,39.93277600,-75.14455400,2
uj5QvIphe4ZWHBTCJRVkaQ,39.94190870,-75.15283930,2
UhSVDwQFW6mKmaEA5OTU7A,39.95030300,-75.16685600,2
XeDoDjvzfGAE3PUgqhcbZQ,39.94225490,-75.15076540,2
Ek6iqYGdYtyltAxVnhtJKQ,39.95520408,-75.17098292,2
5qVt5XufPXTztxneUzUriw,40.03330425,-75.21517257,2
n-Ff-FPW-9lQfBRTPxNeCA,39.92377010,-75.17019070,2
ncESfuN4AYX9C1T6ZtkErQ,39.95923200,-75.19448400,2
ytJqPKLH6l4mpAb5x0XxVA,40.10221600,-75.00815000,2
u9XTeDl_If4U5Eixl6ys7g,39.96394232,-75.14052120,2
EvYeRMbG9XlEkafCJfnovA,40.08609400,-75.23078900,2
y03BVJQmKIVvIuM0rePobw,39.95628510,-75.16253411,2
OKPUO8zvBBL-OA6-SfDx8Q,40.07788200,-75.20886150,2
dhIpGsx1bMUC2nsV4ckB-A,39.95518740,-75.20263090,2
K_s-9Wd6vXSfnxYFzhE0Kw,39.94441300,-75.17073920,2
N2kFhCeHWw5B9nxjtkgotQ,40.03619440,-75.04124140,2
j_dA2oE0St07hd7bqLKgBg,40.12469910,-75.01552350,2
A3Qt87F7ZaAwCW4CyyB1Fw,39.94834470,-75.21365580,2
LSUa7rauZg6UNErHfuBDKg,39.97071267,-75.12970716,2
Aqsc1lA8-PN8YNMgroyeSg,40.05019059,-75.09509908,2
di5ihAL9VWoctHelY8kLTQ,39.95129030,-75.19927680,2
SruGlT3aLDyqDN3uDR2CMw,39.92588830,-75.16837522,2
h696v2N0hcOOdsg1ebt5Ig,40.06873600,-75.19914900,2
zRnFxKLKdn0ZJ2_DapEQWA,39.96126500,-75.15412760,2
hKvPFno02JUW-sGCkHSnMQ,39.94191317,-75.14921218,2
1hFBAjRLIq82kz5R9kRxfw,39.94889100,-75.16274790,2
6FrR7PxU3h6r4io6sCENJA,40.02072283,-75.13401266,2
wtyRjMk3uwx27_wvnzRkog,40.11028900,-75.02412700,2
kq5Ghhh14r-eCxlVmlyd8w,39.95329100,-75.17364500,2
E8jXRCHPjcUTFboBPQY6LQ,39.92438990,-75.14992530,2
PBjjuAkc9QX2UWMc3RWXQQ,39.93887300,-75.15693700,2
6GePX4W6Cl8LD68zUq_MAA,39.95126200,-75.17233200,2
Lro-qULT-oa4Oz36p1yTwA,40.06188930,-75.08325130,2
EHUNi6ZX3z8KaXFjGtDd7w,39.95351360,-75.19255560,2
QHpf3YP3mjENTwciIQ_m5A,39.94195800,-75.15019000,2
I4TFiNX5gTsJBnEGH2Tl8Q,39.93185500,-75.16847300,2
dD8qp4Ro74EI4DqQl8FFCw,39.95570020,-75.18251600,2
bMMf5bjTAT8LrwhE84ZuNw,39.94956288,-75.16666271,2
BX3LLonrLLLfVX-tNrE7yA,39.92466700,-75.17323100,2
OiQ1eoqXMPyEUptpUX9JQA,40.00523930,-75.07818470,2
ko4GlJ-DPYKbGs4N2YkX4g,40.06722790,-75.19735390,2
5K32Jy_YwW300mAdYK_Zdg,40.03186979,-75.10418822,2
pojLkG9I0ZJaNncNKqIEow,40.07706470,-75.20870890,2
DIG_4Jkj7YxgK7vha3XO6A,40.07594900,-75.03434600,2
rlKk3ynwimKAa70zhpAntA,39.94966570,-75.14327700,2
7y1zIK1ZtkkGIKeRUobThg,40.05774290,-75.04464130,2
PMs7df27DC_OEvywsl-41w,39.96257340,-75.14475580,2
X2JkEvWPO7_dEPHne7qJKg,39.93172320,-75.16079540,2
VytP0omSyIs6cuw_Voy94w,39.93516489,-75.15320499,2
U50T86i8wyNWGWxsP7GIRw,40.07476868,-75.15796211,2
-2-ih3mE8KPyeKVIzpBfPQ,39.95530970,-75.16926730,2
HWTq8bdRdf6feY75Twgwmg,39.94120590,-75.14687280,2
kQCJRWvfpiW1p_4hgwD8Uw,40.07298800,-75.20271650,2
Nt8bwriX3NX249EJC7XUsQ,39.95537792,-75.15534204,2
6h7C53qLfwM7v3zKRqG0yA,39.93520680,-75.15724770,2
gkqfNyv3D84B0WR5GZOpZQ,40.04970600,-74.98980700,2
uflDYdHGrCawgr1JSQ7Ypw,39.95540880,-75.16903520,2
ipaHtb0jzsnzuxkjQxvxgQ,40.06185940,-75.05201110,2
mAEA3VaTrvs64VLP2p_SsQ,40.03104970,-75.17827290,2
TaqnX_zA2mVthoG0tczc7A,39.95491428,-75.18467903,2
G79i75_gXdsw9xlICUBjmQ,40.05685840,-75.04776600,2
xezc32QtS9AAGfA1u6w12A,39.97031600,-75.13070100,2
ZMYMMyrtgl17j0qyfdKt_g,40.02988720,-75.21875740,2
Y7asEgUrJc3W9vD7wxEnQg,39.92190151,-75.23115225,2
Bw0cpnfI-Y9QmjWzqS-oFg,39.92973800,-75.16339630,2
55gCXlWDDCdttR3yRss1xw,39.94991250,-75.17364480,2
6_HDH0EIt2QvX0adkZdsTw,40.03346710,-75.11595240,2
mlS4Q5pZXcY7NgdvfdBuBA,39.97707100,-75.15909490,2
zRLIbiUqmTDLxJUqugBO2w,39.94860430,-75.21345740,2
x19LbnFdSo3LXYqfOrTtBg,39.93867950,-75.15321970,2
SVf23pjKERkedqCdWl6ECA,39.93948330,-75.14583900,2
WsCIwMlDwt8g4i40JS_nGQ,40.10902540,-75.02547340,2
VBONwHcqkxYTHfxmdKGhkw,39.94573410,-75.14131250,2
aRyP578y47vwJ4KFIicjCw,39.94503730,-75.16207390,2
TZ_pTn6SeZwRcnx6v3bREQ,40.02636900,-75.22518470,2
hv9qzqMK9UojjMgc0W6nRg,39.94933497,-75.21269380,2
1uH04sUUaBmtHq89OIXd_Q,39.92933200,-75.16380400,2
6glFzEDwOtT3MQRhtHIpTw,39.97933300,-75.15303320,2
ZQc59L8dyfBi4vZqodBKGA,39.95179670,-75.17226080,2
9hlCvuR5yqPNQZ0Dpgleug,39.96412190,-75.20436070,2
WOOcxuvrZVBIi42xIY1EzA,40.05219150,-75.18553700,2
el71vYwT5M1bc6oFsBdqvQ,39.93628300,-75.16189700,2
gRSMrEF92ZsC2MBlUr3iOA,39.93787860,-75.15953480,2
GRRMLWCU388_tfvpKYOM9w,39.93780700,-75.15794900,2
F_p-pLonAAzzOSnTLdJMtw,39.91971100,-75.16195990,2
90uXOQ0oaEaxiO-wJQkaRA,40.10519400,-75.03204550,2
E3IjhZlqCZG1-HJyWTqw1g,39.92490300,-75.17472900,2
9AxWt9VSp1yg7dv5D62W5Q,40.02274636,-75.21448786,2
QyWxTsVvvqSEpU1KNblRbQ,39.96133296,-75.15506744,2
7BUz7T0CNQ5fQvj-nhxhjQ,39.96210540,-75.14134250,2
aL53puqxtcR1KZrrj4U7Jw,39.95285600,-75.17348520,2
YBjFuFJXKBKdsxx2TlQVPw,39.87495300,-75.24120600,2
4-TKASCNK5-XBWdXmeXWbA,39.95053379,-75.16199372,2
MrB-sRpmzD90ir3CMRlUUw,39.92774060,-75.16577890,2
pj8Y-5vfbRitnnm2xJFH9w,39.94427500,-75.16678700,2
FYV7zb2yau9DzN3AT-n-fw,39.94989720,-75.17616400,2
eubQohkn22b4IytlVNz20g,39.94841840,-75.16237760,2
1UKBAgYxI9Qax3AA4ULw_w,40.04502200,-75.11750370,2
sqkFTos0GDwLY6WWQ0Hezg,39.95000430,-75.17381670,2
qaEqiGzQ67ief_yoKP97Hw,40.03667752,-75.17429860,2
P-a6WMxnBncXP4ZnFXeYww,40.11894140,-75.01677460,2
V_8ReSppc0WFB4hZbh94WA,39.94193400,-75.14932900,2
y04yvFFUW3KdwBOJTn6BGA,39.94774750,-75.16613740,2
0IEn6AxLNFfdfuwd2bQlbQ,39.94193800,-75.15286800,2
paNYNJ-VFDgwLY201IrXCQ,39.94069401,-75.14595030,2
zODRL6SF5Re-8ZRHWsTraQ,40.04418700,-75.23197500,2
YSSYgUjVz81AGZzykEAQcw,39.93392770,-75.16523680,2
CQkbjIY5Jb9qJyHbTADMDA,39.93719640,-75.15481210,2
C-JAsI-tgmf_eRmMXTp9Ew,39.95029730,-75.16010480,2
XPOvJBe5f-gYMdboT_MXmw,40.03458600,-75.21584200,2
B7ACDZ13ObI83HHeGkGLJg,39.95092250,-75.15839760,2
aaILnjUFC0i0uRkg5hYgnQ,39.95027347,-75.16599376,2
gWV1k7XO9DSAodAlanESFA,39.91538040,-75.15838580,2
00AGVWzkxNLGb-7ZrwAOIA,39.95325940,-75.21702050,2
i4ttU3qq_F30WCfzh3kjJw,40.08361560,-75.03825220,2
86BkHfhvm7pVTMUSyJlttQ,40.07563940,-75.20537770,2
I8DHKbMYQDkWyxGMmULlTQ,39.95291114,-75.16906789,2
OsgXjwxWuO6BKz4Lkdv1uQ,40.05064280,-75.06506640,2
-1b2kNOowsPrPpBOK4lNkQ,39.97661780,-75.14084390,2
8yZzf0gdWpSmY6ziyq7hKQ,39.96190350,-75.15433290,2
ys5hVkJiGDLAVzyPbk_tTw,39.94791630,-75.15342613,2
PLOBFil9pv4wiQxw6k0Dyg,40.02576209,-75.22385303,2
NOPk3f5TedR-fw9HO4VJlQ,40.02595660,-75.04429175,2
-Ah-gbZpa-IiQVIrhKRhhA,39.95559960,-75.20266400,2
_OScyXrme3hW0I0eAv0yOQ,39.94843680,-75.16208100,2
CpBuc0aSueBpTXce3fJoRQ,39.93860800,-75.14430200,2
ZSaKeh2-3U9BiMMqZA0z9Q,39.95128050,-75.17922930,2
wOT99C7ZqRf8SIfd5sRVlQ,39.92969120,-75.16167023,2
7rStfblbjKIH1q9eDghF9A,39.97472800,-75.18270100,2
2BRbu3cBbH2bCgzN3DVc8w,39.95409597,-75.16811371,2
kMfWeZIv6g5J1VoBZ_ip4g,40.04043420,-75.01422260,2
G1PbNo1yYxAu7G6b6sXZiw,39.93437228,-75.15147976,2
DKRssfE83bAnqHvwXK5DqA,39.94449279,-75.17261228,2
g0UI4VuBBTvNow0-HW58sA,39.97203250,-75.13542140,2
VqMVXxKZecFmQ2l3fzwwUA,39.95224269,-75.16779841,2
jZq8xsKyCrRRzJenCKKn-Q,39.96733630,-75.14074170,2
9pr6rI87hZTCIAnFGNnvzQ,39.94812400,-75.15282100,2
1DFvkUjtsqNRNlORaUYlFQ,39.94709100,-75.16821580,2
p_jAxXl-PBzfOjuMmig55g,39.95662440,-75.19442500,2
nnj8APV33vrflphc6f50nA,39.94820500,-75.14391800,2
7rXZnfu2QJBfpp44B8lq5Q,40.03445560,-75.21596530,2
AU5C7IX0mogLK32u2EEOBQ,39.95108430,-75.19876244,2
hSbwd-VP4THYYvSKQQr6Ow,39.93734530,-75.15811790,2
coIjWjcye5TWh56KkSwZVg,39.98505260,-75.12421532,2
MTSW4McQd7CbVtyjqoe9mw,39.95550520,-75.15556410,2
CinrOH8rMB2hEvPY_iFOHA,40.14148790,-74.98466160,2
s3SfymhlGFQGh2Z4OnwF4w,39.98307700,-75.24168480,2
2LokHe7GtKZD9Q6w0dRe_A,39.94086690,-75.14554090,2
bmJgvpuf2GBXd62ELK0Q2w,39.96755050,-75.17712160,2
aBIKSaj78U2HLQCH_vl-PA,40.00156412,-75.07955825,2
7MaaaorooHRAqkQXcTqmrg,39.92252700,-75.16447320,2
7YsrfPONeC5VC-n5N1gb5w,40.05869180,-75.14977360,2
n4alafw1npRmVXzfBLUGPQ,40.04853600,-75.06233000,2
bnMFmRBMje1rcGHfrs_5Ug,39.93450000,-75.15760490,2
vs0uV4vwkv0eKB5FIyI3ug,39.94911880,-75.16484410,2
I4Szupt_YHzR9dczcNzfeA,39.97176480,-75.13549750,2
oHxmQ83FfYbxA_AA72aYgg,39.91725270,-75.17316120,2
AqX_5srdyAS1tNiqC3mDvg,39.95208900,-75.17198990,2
CNVC7kz8xTaRMOiE7XdEQw,39.95097760,-75.14560108,2
dwh4dy4zyrf-NTqaCYjH6A,39.98417170,-75.09874380,2
L0cREFNSrDZbozJYWwn5_A,39.91118950,-75.17010000,2
vWKTTbYHSi2tGA6hksCRkA,39.94126288,-75.15402634,2
w-DEeeCRDlKoyO2P7nTKdQ,39.93702700,-75.15492570,2
2wqXY-eBHUeMIw_f5VHHMg,40.03305000,-75.10639600,2
Wo4JAP8XQqaNFUauDb2aZg,39.97387020,-75.13336530,2
Jno4HLrVJ08zkMIGqkaU8A,39.97979090,-75.15467810,2
A55glg6ynzqjNAbRyTI3ig,39.91578110,-75.16477570,2
yP1IBeS0hPYqSTB5bzxxZA,40.04260140,-75.07476890,2
NYj8uB9-u0SmRMNDNktb1g,39.95025310,-75.16680640,2
sHUIEFqs6cxXg3CxvuSORA,40.03626380,-75.04243940,2
NswyW1E_C9hsKdW5oOF_Tg,39.95293012,-75.20280947,2
3CsBRtDT5WOUu8IY0mHhXw,40.00965370,-75.19547320,2
fsCTI3UO1AB1LuoRNOudfA,39.93166697,-75.16913395,2
ZfAILO2iad90fCDtratcKg,39.94999240,-75.17373160,2
8iXOCgIvyCWxoE8gnX3IIw,40.09961490,-75.01003000,2
tjjVkpJSZj6ZnzcChezCuA,39.95390553,-75.15632037,2
BaSwNEingTmrBw4shffK5w,39.93783790,-75.15948050,2
ZGChyjzwb_buWTT6Wg-q7g,40.10246050,-75.02876410,2
fWRWzBfQnMcNiaOi5TJVdw,39.94335400,-75.16400500,2
edglJsudUEULkxm-rLtQbg,39.93051100,-75.16282200,2
AvzL0RmCg5YrLKlBit664A,39.95048747,-75.16921308,2
RFYlmTjgwhOsm7qJwW1G9w,39.95010410,-75.16951143,2
5nFoMJ2-tljaFFKIK3EyOw,39.95240840,-75.17556960,2
UrWsPqcJFlf5sGVRZzsuYw,40.09313580,-75.03204550,2
tCLAeZsjXFG9RumJ4Hn0Kw,39.94679490,-75.15770250,2
LUzv72OXoXKxs6Tbz37L2w,39.93776000,-75.15828900,2
4UVsJ0CX20rmeC6CfC0reA,39.95122881,-75.16576537,2
REns5fQe45Nk_D2UwQyr0w,39.94881800,-75.14565390,2
bn2jWrB_aXdQP4YoyUVVIQ,39.94668930,-75.16397770,2
7p56URlyNtQhhkr83RtN4Q,40.04163000,-75.06483000,2
j7z0VfA0BjEG6dIVNprH9Q,39.95081790,-75.14531950,2
YJS-kqID-DoVboE4fTEGlg,40.00969650,-75.13653870,2
wRlOL_SMq_LT2lnTpxvPzQ,39.95527582,-75.20018544,2
nP4LqTcK1USiw5WnbOjW7A,39.95671550,-75.21003430,1
lAGS4ujbBQiSX_WL1GPkIg,40.00373980,-75.09466080,1
Zm0rXfbdXHMuj1NR4tr8zg,39.93549319,-75.15874400,1
B2MKYwShNmBiaQ3EJadR-Q,39.97841345,-75.15734992,1
P3bw4h4kCaMaYqGGNLt3Jg,39.95560819,-75.17086223,1
t1eYAQHJXgzj-g-iZF0u_A,39.94716980,-75.15945450,1
_km1lWcqrx09hh8DvgVtBg,40.03483200,-75.06607200,1
L6oy16zB52ZkaD6N8-D-Yg,40.03614200,-75.17473400,1
YtMgMdZfjlK6ogDIGiOJSw,40.03328380,-75.17755280,1
kc6GEK0fCptiqKy0l4l7kw,40.03575690,-75.13030300,1
sJUe1pYicJ54xOXPDNT6hA,39.91957100,-75.16390100,1
l_FzESKdJPs41Ll5y35xUg,39.97731466,-75.15929835,1
2pMdDOWl14rU4jdAH4oZXw,39.94951370,-75.15299590,1
AhDF9uub_RaIsACqQJqpeQ,40.05528920,-75.06278020,1
W5Xn1-IYuMf_0ZimpRs_LA,39.99652500,-75.07441530,1
c5m3fkLzQZjGoHSERlXW6A,39.95947150,-75.13948820,1
tsqyVhSaI72JTNpy4u7QGg,40.03647700,-75.17448830,1
ZHmRENQg4r1CfzRGIQENkg,39.94898798,-75.16007882,1
2hCIzMXhSbgObLS4al82rg,39.97685600,-75.11889700,1
Hgqa3SSaNQbNTbniScCR7Q,40.01926293,-75.14956020,1
xuC4UNdSvjZckNZFqOklkg,40.02623390,-75.13303460,1
NR4ymv_qlMVzsC6CKiq8fA,39.93832600,-75.15977310,1
UVlSniAij6XBb4xrh2-emw,39.94498090,-75.16531290,1
8iiI_v2E9V4xXByGce05QQ,40.04527874,-75.11727839,1
BHOAydya5hkpHVlcmHo_xA,40.06055830,-75.08440720,1
XT1xF_7s3bJdm2UOrTMjPQ,39.95431809,-75.17125949,1
Tbcm5d3KYkRi7V5viic7eA,39.95841580,-75.16383580,1
kmKHBCTec-e6H4aK7fD8Ag,40.05774290,-75.04464130,1
zXgksmhdzgL4Xx5FylbP3w,40.05390690,-75.19423080,1
RT2fWhDWXZvfXO9XOrXa6Q,39.99733520,-75.17947070,1
uWJx0gRuynGEjgRtxUu-dw,39.94967856,-75.15482279,1
Y5bhZvSbmRU5sO3aEzIR_w,40.13397390,-75.00957410,1
K6VliqaqiQqaVeaOXQv4wQ,39.98694590,-75.15641920,1
zMLA0-Qd9_4nHvovBaAMzQ,39.93182480,-75.16841230,1
j4DHb4tmK3QlK0gqpdnMeA,39.94046030,-75.15610910,1
UJw-KnIdnzwbvxzNvIUhgw,39.95911590,-75.19046920,1
KTl3dH_1t4PLts01K5WQeA,39.96574592,-75.18104518,1
arLEOxR9BG4pORv7oRUGfA,39.95044690,-75.14518000,1
AxcyIxsjJbRNG2RFTguavw,39.92238060,-75.18692890,1
ExRxjqOGmkWjArvM_qBORw,39.95091490,-75.15959635,1
pKg4NleedNE_SxkfN_NlTQ,39.95542780,-75.16437670,1
HQYCwGVhgp2sahAATJbnFA,39.92177990,-75.14658130,1
OTyqnhVR-ZWkLMlVnCPoCA,40.03558706,-75.07114649,1
uCBEcUgXHrKH72fB8TwKAg,39.94892527,-75.15135460,1
wJAzMFdnvEAOAxQks4jwuA,40.02449060,-75.04650090,1
zM-FI9KgcFF8cO4ivQ44uw,39.94494910,-75.16073430,1
jf-jOKJ0rzFERNOfqS74Fw,40.05314160,-75.06880280,1
_O_KBH1MStcUkS1xk5pxsg,39.98356740,-75.12938580,1
0vfmJXYVLZAMpUuNJx6ejw,39.94821792,-75.20688806,1
YtKb_4jugA6VQaTxtQv5nA,39.96911068,-75.13662581,1
MN-Em6pY0ZXZQsLv6uBhrA,39.95760830,-75.20363650,1
tIrRQBpPou-WfYc0XkLVfA,39.94982460,-75.16043250,1
hljCyVrQuuYtMj2D1g5DDA,40.08555800,-75.04549380,1
pxdliCtWkCuXW9uHYk8Y9w,39.95315930,-75.15909840,1
wtBnhvQdCsiqwUFW84qfdw,40.02593160,-75.22427300,1
nbxFr2d30dYRWXy1rc0agg,39.95379000,-75.15583000,1
mNjxBK9j2hNAdkEV8b61jQ,40.07409600,-75.20255110,1
zHsgyjMWWMyHTGsc2UjTlQ,40.07756700,-75.20908400,1
v1UZ0rYgVr_WEfLsK82VPA,39.92746650,-75.16378960,1
Ww8DBKYd-NSRMfDRuddrjA,40.08603120,-74.96497130,1
WRckwZQdiw8QKh0UY-wJnA,40.07305780,-75.03373490,1
xC9O7QDsx3o8oTENWVFMvg,39.99874700,-75.12898670,1
gKAKnXmvkj8ENFIFMhEGlg,39.96255480,-75.16349360,1
GCLk8y_i_1BLHf27NdFfhQ,39.99762340,-75.12013790,1
fkfqJrABHQWsFWg8z3UHJw,39.96192120,-75.15519020,1
45WLhjZ42-_WL1FcDXErsQ,40.04231380,-75.22654520,1
ObGjKm_zRPzCbpq1x2jEjA,40.00275760,-75.21358970,1
kPXsRJKRRE5wmMBMBqkFbQ,39.94931210,-75.14760350,1
-qpFT-RgBE2QXVcSjq57lQ,40.03489974,-75.06625073,1
9Vn3m5EafV-Oc69DkPyt3A,40.03002310,-75.18032470,1
-BLVl824WRLFIm_uiHmkbA,40.01152500,-75.18862410,1
LQZdcwfqneUIrZTy1VvWfg,39.96719880,-75.14098400,1
8od5TSdUqiFTWCoyHC99YQ,40.00687770,-75.21097210,1
pg6RCapqdBVRGMg2kjoIxQ,40.03766210,-75.10732267,1
xdqIB-PWPv6JUhrGHyKdOg,39.92134490,-75.16515190,1
utUdOwhOK7bnleFIT8lxpA,39.95019210,-75.14474680,1
iZ9fg8Dm3SsHa5BqXktGtw,40.03680910,-75.03990050,1
AOaCT7MBizYN09RnP0FYtg,39.94508200,-75.14108100,1
auwFZzfhe2pvFw43OfsAfw,39.92520489,-75.17472770,1
mDYwdadADWY4Ln5SZF10cg,39.94046030,-75.15610910,1
Nsh4KiDEu5xWhPjJftSESA,39.95074369,-75.19564536,1
FBv7DrM8M4uFoclwAL90QQ,40.05041430,-75.05132950,1
CVJsqDS_XmI0CGbLC1EclQ,40.04171460,-75.06473400,1
5css9Tl6TwMVe8GDLorJkQ,39.92747854,-75.15571252,1
JQV6iAVa5_Fqojey26TjOA,39.90919120,-75.16466170,1
vBwDwbU52z6Daw29McXCCw,40.07342100,-75.15479790,1
sixH4iwDJPWAPSId1qpxNw,39.94886200,-75.16236500,1
PtbIGfw7zq2yJgE2oy4sDg,39.90329000,-75.24063700,1
-xov4QrIEkyNrSArhjmjZQ,40.12164600,-75.03526300,1
IhkMaYrHMVfV9CRjHc5ZBQ,40.04835790,-75.01213440,1
Vru0RfOG_WoXUcoMwyx4Nw,39.96131900,-75.14457300,1
4zEqYybRD1FQssLGaJnNZA,39.95563600,-75.19896500,1
01mP5a06zQpaYOakfaVBOQ,40.07279119,-75.19494704,1
BTnkLg9-oy1YFtAOEt8WGw,39.92974100,-75.16339700,1
0m5uP9SGYT7w6liaBROwXw,39.92606080,-75.16817688,1
SstJiAug8H5S20HB44i9UA,39.95470300,-75.16849620,1
tcDpEgmd14W4szC0DU3Pgg,39.97777530,-75.15830540,1
Rn7nEFp5Vj-Wa6SdRONIFQ,39.95319305,-75.16694824,1
6YTyBjO6M99YgIRZztaRZg,39.95519700,-75.15685000,1
l4AjbrjS91Z70AYQbABxvA,39.93395040,-75.15814690,1
LCXRkGG1RhisKLVTHH3jiQ,39.91676250,-75.16900510,1
mqGtDoC2zgjcRZJ79iiBJA,39.96013690,-75.24049090,1
wddI5aXd5CNkuHbz3n3hRQ,40.06450540,-75.15295330,1
_zIs2Rzj4KQpnFRxKrT_sA,39.98232710,-75.23938310,1
Db-zoswXyyBz7CjXW12Dtg,39.97052200,-75.24541900,1
KjdGQMxhgW25Fn_A-DNY4w,40.03383110,-75.07194010,1
WHzeDa97M_eU1FEZaLJ_tw,40.05568800,-75.09040500,1
8OoLxv91ztELwzfvG26xjA,40.08675300,-75.04443590,1
N29UW_f0SUXEBWHB20hwvw,40.03480330,-75.12143920,1
T72tpiOTqLPOwuXTgDWxnQ,39.97936137,-75.26852421,1
ZXXCgGKY1z1An65yvAQ5dw,39.94131100,-75.14850600,1
y5PBPekernnQkwwUuTzwSQ,40.03773000,-75.12978600,1
YXTtLxhFjPP8IgB_iEEucg,39.95069000,-75.17422000,1
6y3ieaio3N5I157dwA2IcQ,39.95176200,-75.15978300,1
28W1WtQCD5X9GxR6A7q8gA,40.07985900,-74.99375500,1
L-qu3bjkz4Uar55Fxa5JZA,39.95444010,-75.15427988,1
N3jXO-f_WuQAymvqpyUqQA,40.02647500,-75.22456100,1
49wcB-ofwY20ggk7Kd4rfw,40.09570200,-74.97504930,1
FV130V7ArLHiNRtkCPbEMw,39.95311120,-75.18467980,1
ZCzLoEwGR7M1sNxgHmlP0w,39.94842840,-75.14930960,1
i-clumHx1gMhf5B8MROyHA,39.95125540,-75.16609800,1
RPbnYfEoQ6UEziyMD16l2Q,39.94138718,-75.14842224,1
p5o0ZaobvVtlk-eJVKWIoQ,39.95648400,-75.21128200,1
Ifg91Sp981Io80sqMBr8Ew,40.05659820,-75.06141120,1
WZfyxxWi6ZiperQ1Hfy_bQ,39.92624880,-75.14928530,1
3zfWE7KagyyFgmr8MCcYBg,40.08593360,-75.04639290,1
KgozvZ1UFfXuJToqe8CfQg,39.94440605,-75.17288062,1
sg4zySgp0Al1WNk-JhTbHQ,40.05583788,-75.15785962,1
l9U0fpXrdJ2WDgKI4MGuOw,39.95003150,-75.16235890,1
bNAT7mJmjQrTNPFEWDro1Q,39.97984330,-75.13313840,1
WxS3pZs7Edtar7FkBaOqpg,39.95110090,-75.14023970,1
kvRjzneD1FWh4Szb-trL4A,39.96832477,-75.13566636,1
HiKFAocRpRHvZ-Wpg1ZjJg,39.95317300,-75.19286510,1
EIj6irQyq2Oeq219EkFynw,39.94814240,-75.14306840,1
IoeHxi-tXbCUS47M9Lagjg,40.07212720,-75.03083820,1
muu6xdNuHlNA9iShXFvjcA,39.93437490,-75.15874160,1
DW2aLprOpZfW-35l-_aBcw,39.98368620,-75.15711840,1
mI6IKRJ-Q0EsexiCF-C_Eg,40.02494094,-75.22205198,1
qU04_z622p49wEIFB-9U5w,39.95471536,-75.20209529,1
799eRxVni0-aZ_W628moDQ,40.03323600,-75.21531400,1
ppFCk9aQkM338Rgwpl2F5A,39.95457300,-75.19489360,1
x97g0iKLKZD96cQmRlQGKg,39.94877650,-75.14567260,1
uI8-q_D1pADZy8g1R1UP6Q,40.06255920,-75.08503160,1
SYt5vLiLkNCkYfN5CCqVFg,39.92800190,-75.16929010,1
tJPaPZwRqFmDSEc8VEx9hA,39.95572000,-75.18190720,1
VIYvcX9SScnqmoI0so1KZA,39.95236268,-75.17501771,1
yeYnsfWaWxtcDpbTcBgPTg,39.97335970,-75.13361740,1
bACIZGdHRFfNtrufH0wMbQ,39.97970040,-75.26808460,1
EpFFiPHKx9yP-WqOCuxRCw,40.03744400,-75.03822940,1
DSG_T9HfKqdWxzwMf3DS0A,39.97474820,-75.26131800,1
jMYwBxdECwJWB-5-yvHyyQ,39.94475300,-75.16489000,1
CvDPDrGIMUQsZ8NeDWu2Ag,40.02353550,-75.21975700,1
Gy6tBn6lrf4AN2Gr1I8Oyg,39.97435600,-75.18016842,1
x7gEX6dthpJvoOafV1XHaA,39.94886810,-75.17412670,1
dmyPzMRNgTIOBRT11NFcvg,39.94901600,-75.16065000,1
B1lxejaxLL1lCG-syTBQPQ,39.94288570,-75.18322230,1
Qkn7xSYIsKYmGmlhJZQJcg,39.95334600,-75.15556410,1
kvad5dDPLZ-wuKJmMIs0Ag,39.94966300,-75.15249700,1
vz0oI7GR9AOtmJpO5o_Ucw,39.94307880,-75.14540350,1
7WxwNLWCalq4m3r0Y3nMlg,40.00851680,-75.21024660,1
D8NEBGvh1DVHbyEs2cWVAQ,39.99938569,-75.22944041,1
I-VOMeptMsM3ooF_2zWO0g,40.02568460,-75.22421960,1
tJxrkonV5iuVZUNJev0jWA,39.95426765,-75.16789947,1
mcC5K0YNP2npx5HSyDgofg,39.94231060,-75.15358290,1
U7XK2Ki-PGx87IgXxH55IQ,39.94078140,-75.17966940,1
YDisPepPeWeELiVGycxOlw,39.94870680,-75.21409630,1
INzXxeWaJD0dXM5mi6bP3Q,39.92895900,-75.16470920,1
VjiPyjyk6_fr-HO85u174g,39.97053300,-75.14570990,1
8Wq0LZSuHdPTlleQD5sU_w,39.95351010,-75.19249850,1
te_3sFwC4hdNJN-HtqCXQQ,39.94896570,-75.14360160,1
IbfjmW7svGRQs7zIBwx-EA,39.98507216,-75.10679908,1
9VHPGvPfEtu-utXkoJmL-Q,40.06458140,-74.98709660,1
YSQkA13M3dVSrWynCqybaA,39.96656110,-75.13993450,1
wqpTOjsmogJy7syELpUE0g,39.92558876,-75.15926644,1
iEOd2yZQERtdOOlQjuukPg,39.94111830,-75.14908840,1
cYU-9JM4x4ra-aCxbgtxfg,40.03843950,-75.03686030,1
oDKGXVSQfegQt1QU9KLiJA,40.04447860,-75.05335666,1
2f3YghoMYzd5-GFMh_kvwQ,39.94852240,-75.16407490,1
HxX6dXDeAOpkUPT4xT1wiw,39.94886200,-75.16289500,1
QcSUVRH1wJW0qRuZ7A73Mg,39.95757890,-75.17410885,1
_5pT2HdDs9rKiIYvO_csCA,39.93830340,-75.15979560,1
gq4zw-ru_rkZ2UBIanaZFQ,39.97209554,-75.15880913,1
CNSvf0y2fXeOXF18hKxCNQ,39.92467179,-75.17112943,1
WW_qGCrcNqACvA8NLK5AMQ,39.86546570,-75.27415570,1
5Q82x5hIwfWSF3XEeINkgQ,39.95377300,-75.15907900,1
hxc6TmLzsENk4xsjm497qg,39.93337931,-75.16221589,1
saVXla5i8TjE51S5uCaf6w,39.94728600,-75.16519700,1
n-WO5netYEXLiC6bBJrF4A,40.03389550,-75.21544640,1
TbDcfpPLWD4eJEtn8AND7A,40.05157690,-74.97891340,1
WcWgva3KHkD2mcTFG-Mw5A,39.98187850,-75.13594220,1
zXL2yGMLOvc4X-Phorm5Fw,40.08768681,-75.03960591,1
D78Bs3bESvOJzpdnL84tLQ,39.95415290,-75.19660820,1
qHPGk86iCuRrX298x4kjmw,39.89977080,-75.24152530,1
3MIsXwx5zVmlwzRx9UnuFQ,40.08695132,-75.03904849,1
SStWxXGmE3U25aP48WveVw,40.00208210,-75.15300930,1
NMtUD873aWrNjljt3VOcFA,39.94406480,-75.16532730,1
uNh3Eeucqrd07qJ8hG11dQ,39.99360660,-75.10084230,1
AAYzFH0HjSUNL2nLScutxQ,39.98371790,-75.10075450,1
mv9uuDPJDaxl0zJ5cEhpXA,39.93631100,-75.16201000,1
o6-sdAt6oTC3A52azk6FBQ,40.07821817,-75.20824224,1
otm8R7rkCtCNM0g0TC55-Q,39.94419380,-75.20970870,1
VPfbGIf3ieDrKuWheOjSLQ,40.04186288,-75.02751250,1
rOZbHxErnT_BRanPVYWJ_Q,40.03574730,-75.04923890,1
VBJenKqcBasewkS7PoLOWA,39.91155335,-75.15010939,1
6tcFFccjwE4twLkrkqVLPg,39.97091960,-75.15697780,1
ngg445E-3otfqSqznafmxQ,40.08014670,-75.02586578,1
64zjcLKeEQ5_oGQDnpsj5A,39.93862664,-75.15804599,1
IL4DTuh0IcO8Tq-tGUx0lg,39.95231290,-75.17207500,1
hQY2yKi9OUGLgVApsK4h1Q,39.92093730,-75.17317960,1
Zxi0AGG2Dh-SeqHEMtuUYg,40.05504550,-75.12641590,1
9PCPV34KV1B_E3v1IUi4tQ,39.92551693,-75.23452102,1
9YxqrKuDxwbMqcbKmTQFtQ,39.92357440,-75.24528540,1
JDIhiL7qjOoXdysO7xxvmg,39.97917050,-75.12529220,1
hid9ixP7Rtoj2pR4EBrcGg,39.97423600,-75.17994200,1
_RK29S6rmOUG8yahuHYpiQ,39.95325869,-75.15893107,1
LopGlCZ1ANqrTf8BqL0OWQ,39.94809290,-75.15364340,1
EP7GpUM6lGWOpvkxG-9C6Q,40.07523340,-75.20459130,1
3LzUSNKw29s6NEpMOfkJdw,39.93012100,-75.16282630,1
lHN1ljK30dCRgV6de1fFPw,40.06751970,-75.14712730,1
yjYOdci9mTeZphr-WD3H9Q,39.92153390,-75.17677492,1
-Bhoyo7LL97tgt9Hze0Saw,40.02709086,-75.13277577,1
00rIcvqmfci_oJWkOqPqmg,40.05716650,-75.23573670,1
ZWYup7u2YhhY2JeZNSuESg,39.91921090,-75.16686190,1
eoooZrFnFZhRVuBH_LGcQw,40.06387270,-75.15242940,1
z6sg3yLchXyZqUmanvECYw,39.96092190,-75.17064940,1
MQx5FybfhdY8T989WhTl_g,39.89519200,-75.22797300,1
MNv5nQf1KgTUi7zFeDEazA,39.95170780,-75.17371310,1
mNWHsi3VipOX9voWrSC5ew,39.96640730,-75.13867330,1
hh6t95hiS-RqRt6bEz1SPw,39.94998800,-75.16459630,1
bfiO0n663Ej36svzuRuVtA,39.95022100,-75.16658300,1
QS884ZcHmkTaWAmjrXyFlg,39.95155770,-75.16905220,1
z7GXmSfRl92A_NWB7Zz4Og,39.95633810,-75.20234600,1
KqbwtP88sAENx9mJk3wXTw,40.06804070,-75.06898510,1
Q9T9PKQZSs571tS0lQLoIg,39.93835020,-75.15316800,1
7rUaXU8_IgnOrOMnN7HPQQ,39.99601382,-75.23424625,1
jk3Uoq5yOqU9AdiFsjkXdw,40.03013526,-75.21127452,1
msQaMUQ6l2I6E_BzjGXeEw,39.94809830,-75.15923260,1
lX-H5mJYzs9i8UsPghlvCQ,39.94898987,-75.15706635,1
1ZgE6rlUr2YD697vFjVoQg,40.08207360,-75.03724820,1
NDHgJsy-4Lb6WhERPXPs0A,40.05137410,-75.18494120,1
ydIiHK4TE_wd7gAyifNUAQ,39.95383920,-75.15632930,1
j64EU44IBM7PzswAz6fPoQ,39.89156790,-75.23271600,1
lwN9FutfBq81GnGWhj5Mng,39.94492150,-75.17996470,1
QSmuCHi63m8zEJvUc6SDAA,39.94676119,-75.16224021,1
IbJqpgbMZGPcFDR0DNiaeQ,39.94837330,-75.15374830,1
kMfhJIGdpU4rZeogFKdr1w,40.05137090,-75.18494120,1
XBdaG2kQ2Iz9VNGPZokjYg,40.05671710,-75.23635210,1
P0LuuY4gbVRWhUQ1wa6BrA,39.96772508,-75.13402451,1
AqKWl6spTCjmIogvCSf8rQ,39.92491370,-75.16015140,1
ffG3NisSX1FN3GuG3T1EGQ,40.02591190,-75.22430720,1
HCIMrCc5OBJyTwicV_7GQw,39.94281870,-75.18324280,1
4ethI9A0jaG7bhJmHy4gow,39.94991900,-75.16699600,1
ulr3YRJDkSJ36tEQrSgUng,39.99552380,-75.10574630,1
_XM7-X5Lc-e_T1S71ri-GA,39.95429440,-75.15592900,1
JAwXfqM-coveEnxOpKhEvg,39.99366360,-75.09769812,1
KiUa4mgYeMGXT6dwiDp04A,39.92088150,-75.16355590,1
N5xoEy9GLtHDvCLa8dMgyA,39.93881600,-75.15236700,1
IZl9xDTwW462FKkwEg7EDQ,39.95440580,-75.19005910,1
YsM1qDjivZvf-T7BUxS35A,39.95079210,-75.19530320,1
8VZd61Jo4WUdacQuRjrZoQ,39.91700690,-75.23655720,1
-Om8XgP9GZ4UUFbgTRI4YQ,39.98222160,-75.12810870,1
wAUkOyvAoyE6F7zuQ3g_UA,39.98190700,-75.12701200,1
WXwRcHGaV8W3twAOJtWlew,39.94245082,-75.14203057,1
D7CBOXSfm0RetkuMbJ0KkA,39.97666313,-75.15778263,1
K1SsvIPfFcHniNSPc3IG7g,39.97071969,-75.15775166,1
mLf2ly4K1d27Gd81UHtBbg,39.91807930,-75.14922520,1
Tt5B90zXup6DdmN73x5opg,40.08893361,-74.96467618,1
1FCxJuEH_3tmxUDVPv1qfw,39.97730290,-75.14360180,1
oRLG5fJrGJzzj4AO4yjqMg,40.03953380,-75.05642610,1
5H5MGKvvG-uNa-r271IP8g,39.92101050,-75.15839500,1
X3Qa-dXb2DFdZZ2UnAfSVg,40.08733500,-75.03998900,1
mqJ5wiIbrOfEpbahzTIl5w,39.95325680,-75.15645950,1
6KBU6sk4EcISjTEKIy0Yew,40.00551879,-75.09622900,1
6vNOkto7t2nKHQeZ1aYQFw,39.98634890,-75.23173710,1
w5wfWE6skJDi_-mS56DB-g,39.94811180,-75.16076200,1
RtmrqFKEtcJJdUkQEiSqDw,39.95015020,-75.16835540,1
UHsSmMt8fGRaewOpJ7OsOg,40.08596900,-75.04636510,1
IA4QzPw-IFXwqgTg1XMN_g,39.96213000,-75.20510300,1
aPI5KpboojbTqLEMH_oY7w,39.94154450,-75.21231840,1
Rwirqn9cmt5xhTUZ5V-idw,40.03462710,-75.21667840,1
sDi4t17ttgcIVZqd48EECA,39.95150167,-75.16563334,1
O1oZpbZNDMH_gz8DhsZCdA,40.01214100,-75.11501480,1
WJ_YtAWCo7_BZHm2wdxSqQ,40.04913500,-75.09571690,1
rAm_joyUPB5H9P_HD4TtbA,39.97547760,-75.12069930,1
8kvrq98-vEojtSETUsDamA,39.95233500,-75.16378900,1
6tggpq_s-TXqz_CfHV-umg,40.01168489,-75.18932965,1
UtibXZzwJekiDzwys4I19A,39.95089080,-75.15875930,1
2ykIi7hnAbg5ohYQ1kIRaw,40.11954700,-75.01814790,1
oFv9-wwifD3u8FFx6fPRYA,39.94377587,-75.16736420,1
xnmLIzRZEzOod7LPY64elw,39.97597000,-75.12615285,1
1mHwt5rp9aKqUcFsNTBVVQ,39.95198600,-75.17492000,1
hyrITbzxrU9WmVjstt9MwA,39.94005210,-75.18673346,1
dTL6npuTfmM-kieva8U43w,39.95441960,-75.16995290,1
obUkySQ_XH8eqvypSLDt3Q,39.97933800,-75.12541400,1
D_jS6w2j1mFzb2KoYncCaA,39.90429860,-75.16940470,1
Gm1DYE8Ko0IaYnpfvKhCXQ,40.03566330,-75.10062560,1
y9Jpw5Koli_-dGL0S5RI0A,39.94853580,-75.14419720,1
hxEo_CKsmSMGXcHNLR9oow,39.95010190,-75.14516570,1
C8_zQVh3L7-yFazQs76fzg,39.94955000,-75.14285000,1
z6-Nxhr-JX4OBOpmknkkgw,39.91966280,-75.17153200,1
84oFqFilO7wbs2iVsTy3eA,39.93190330,-75.14954440,1
GR7eQKhHRbVWpzRsCAMfEA,39.96204860,-75.15742840,1
vcyyzUqEiCTSrFmHgqvxpg,40.05127970,-75.09430520,1
Enl56HI77hB3wyjC7RXKeg,40.09075110,-74.96470770,1
cVV8GWVIe9BwyCOKwrFgPA,39.97233733,-75.12904046,1
-MkngKKkTIVfnUbq2S1ucQ,39.93922381,-75.15298542,1
Rt-J208w2fzPit4QZhwlVA,39.95070800,-75.16032190,1
y9XVl5058TPjHcO6O2HBaA,39.98893190,-75.24981830,1
WqfseuZYHYWrBmQE9Snxrg,39.95176100,-75.16913000,1
bxffbg7kCn5iHxtdYp7gJQ,39.96033700,-75.22758900,1
DGvkU7CkdBs6lNbncQmF3A,40.01100620,-75.18906200,1
qHCfhWPyb1GXpzq9Wk3Vkg,40.04003680,-75.06629360,1
01YFYYmevGER3VJ1xFtUcA,39.95317300,-75.19286510,1
UdHM_g-JbjxQvGaHKykKeA,39.92117230,-75.15839610,1
rnecTemi_wnY5fjBng77Kw,39.95549428,-75.16893088,1
dFAHHp-_MpKNz6PqaJYVjA,39.95163375,-75.16838722,1
REt83ozDeIl6fCYZuAjNrA,39.96009000,-75.18948200,1
nB9dev-4Wzxo4NHJkQQmUQ,39.93780870,-75.15794220,1
bVLyH2WfOrK4UWlFXJzs9A,40.02353550,-75.21975700,1
3NNKjjMkjYQwkrlRJ__VGw,40.04325770,-75.05270700,1
03Z0iTZ29-Mh02OXE7sPBQ,40.05104008,-75.05727008,1
IBXxheRBebb5lyrPGIWshw,39.94820340,-75.17102300,1
5EkkPPA6ZOltPFKo97H_5g,39.94875200,-75.16130300,1
pYyShHmDznH4b67OTuMmWA,39.94917600,-75.17347650,1
Iy0CmHZ16A_XCw2nST-Fsg,39.95004680,-75.14488070,1
h-cUfr_s3U7XP2DpPkoJqg,39.99812260,-75.16728370,1
o1yg25_uuQ9lCSEUsIIeBg,39.96952510,-75.13840500,1
iGwpAmEWTxattlhkuG6eDQ,39.91740520,-75.16600730,1
AAvoBxeUwDnD5ThE9Cz6Fg,39.93947008,-75.17119993,1
0SWqECZ39P2MlmeXbKnUjg,39.95574040,-75.16835530,1
dWoYU1l6t7_VB2LHYLHxmw,39.94972600,-75.14407170,1
Mjboz24M9NlBeiOJKLEd_Q,40.02246620,-75.21831400,1
8NCYYDGGPtmL4NxQxKUKBA,40.04424400,-75.10180400,1
7dKAP8tHeeL6SDqZLxpnHw,40.07409600,-75.20255110,1
od_hjW02Xy-TAhtUdupBsA,39.95053088,-75.16919694,1
IAyHcNx5IHoLf3V4dlgFCw,39.94744968,-75.14393423,1
ci-kujWfHzsg5zCcqYZLKA,39.95067100,-75.16339420,1
eX1E0J6uh8a3oVazer1_yw,40.07292006,-75.15765645,1
mQO7LKZ1LHq0LLBO_Kg_rw,40.05729280,-75.01381140,1
kufU0ChkDC9hZABZoUebIQ,39.96142600,-75.14432700,1
yhMpYBlu_yimn9sT-cIayA,39.93906006,-75.14959004,1
7hnr6S6FeYaO7z-8wt2NfA,39.95470300,-75.16849620,1
Sip4hzT-4ybbzElDhCNcqw,40.00304010,-75.22181960,1
SURg4L-_Wp7LQkPk17ZgoA,39.95197394,-75.16800944,1
bJJWjoYM8SMB9c4l1VKA1Q,40.03695800,-75.04159510,1
SgQUBMOJglbjvssPHD3uhQ,39.96060647,-75.18919587,1
ZsA6o-uK1984HaEdP_qO-A,39.95220110,-75.17317270,1
dfP7vEVqcgFWmObIInwFzA,40.06263520,-75.23727000,1
imd0v6mixJCBnqGr6RV3hQ,39.95295650,-75.20283850,1
J54i6cg5rVVFq9cwzKhk8w,40.03828000,-75.13045900,1
91MKqVpXVT6kFWgd1mHYXQ,39.92014500,-75.16795200,1
CVK8ENkVyoxfIHdrupIc2A,39.93598180,-75.15866500,1
uKKRHbXXAIuGxOxs9miwOg,39.95074240,-75.16357760,1
zG8xZ-X3QPt7KucfYVffCg,39.92557760,-75.17009020,1
uvLWDDTcBRrVeOCnv9DrBQ,39.94797560,-75.14260490,1
oSdgCWWlUI3pv1DjAADmXA,40.00579485,-75.10576576,1
bj0zTuE10-knRtHeoRkAJQ,39.88056700,-75.23731200,1
wYmOLW9oiuwPbk0H9u5_UA,39.94268799,-75.16407776,1
Rd8Gb82UQcPPWC_yY5ybDg,40.03716930,-75.10846990,1
IaIgyHK4q0Gc0Sc_-6Myrg,40.04400910,-75.01858880,1
1JTT6PBYcoVwiUdhsSLDEg,39.92634956,-75.16738616,1
Dw0nQsVS_2-vlhLUG87Gpw,40.03249100,-75.16919400,1
yOAZ47U67aDUwDXMrnv8UQ,39.96140600,-75.15534900,1
CcHbzM4bTBCHXe1YiAwAYA,40.04032400,-75.07621340,1
68jYcCg7p8zEeArIUgky9Q,39.93887720,-75.15633270,1
bvg9CWsF3FIA-oq00MulAQ,39.95538860,-75.15497600,1
kPaixPxjX2qC0Z7ASbirPA,39.96052200,-75.14546300,1
rdS9Uy5sDv97k6phZTceWA,39.95799260,-75.18897870,1
Qhi17dmb6XCvP8axcJMYGA,40.04786700,-75.05940600,1
b9sLRv_j1eijFIEso8-RQg,40.09631900,-74.97421200,1
OCR7S1ymLXezUwUB8N5TCg,39.97407850,-75.18384690,1
o6QW19rG1Xsy_ySsxqkpxg,39.91863600,-75.17115300,1
ZQlHbQTrDTTEZdWjf6nsNg,39.90685063,-75.16672268,1
Bk_1vsPtOtO0bojfQZQIOw,39.94504000,-75.16203400,1
b1okJ5qEPCIHbIgQ1NGyXQ,39.92607940,-75.18204590,1
I7reDf2Lh1wk2LzcoUFK_w,39.98501670,-75.21622460,1
oHOb3HK-caYzXq3JOA9NKQ,40.07628014,-75.08491520,1
A0ynYx0BlHr5wiUJKhQFjw,40.03396050,-75.12193840,1
04vmwMgr5bmT8tGokHrLEg,39.91698650,-75.15281650,1
bbWRELNpKXXnFgQMkGVT_g,39.94966020,-75.20266720,1
rf0jA1JNEBenyjvJhgr08Q,39.99309090,-75.11922570,1
esrz2kFPZB7oPiC-Pj9ZiQ,40.07387965,-75.15697702,1
fUmXHW1iM5WUvdUuz1BxIQ,39.97957610,-75.17073790,1
hb5-Usnsu2AEkOUyqCitcA,40.07370200,-75.20261800,1
MMmAjGRH4KRXrGbKO9cseA,39.94795400,-75.16588200,1
Bmh7d4yVxpgLPQ8KLcy_4Q,39.98876270,-75.24979300,1
8CbJAKgVEALPbYcQTzhkvA,39.96650000,-75.14540800,1
tzcryXhKROS0PTXopJc6kg,39.95383790,-75.17815890,1
UiVGsdrU4_eJhmFRubwETg,39.94570400,-75.21387970,1
JCFoc-tILAHIf-zqSatBdA,40.09628500,-75.01790500,1
W1jO-SCmarsu6Swr-IELqw,39.97016450,-75.14758340,1
OjM_Q540jV0AHKCLOX7gHA,39.95370360,-75.15969160,1
y0bamNPKpnciqIgozYxrLw,40.03621040,-75.10864090,1
DeOpnBrfkFUZTN9-VoXEtw,39.94975630,-75.14806230,1
A37C-01zpQty9FmxvZrxEg,39.96063600,-75.18913590,1
5Gdz1b4bffTJAWXENGtQPA,39.91151130,-75.17466000,1
1iE5POC7JT8fKs2tZ-CJnA,39.95337587,-75.15772338,1
e2l19ABu1xIn9hnvWukJ3Q,39.95332590,-75.21755500,1
kJQJ3eV46tJR8sS_KdDKBw,39.95263490,-75.14524540,1
XIR6VBtBm5L9CzNqzEPKng,39.93212520,-75.17230050,1
I6Y02PJiMMlXMluwXuU5pQ,39.94724220,-75.16155470,1
Zvm8Z_wo8mVcP0tH2AwxdQ,39.98025510,-75.17176460,1
M6MgV7UZB1e8kOHz1ZJmog,40.03517030,-75.17875160,1
p1PQZFieSwQVd3PPtuaL8A,39.94106674,-75.14623260,1
K00KiknORCOQdIhMisBjbA,39.92947420,-75.16366170,1
l02jjfbmaLhHKCX39FOrBg,39.95496040,-75.15733130,1
cjiQAJNjeiuYB8PhydOxTQ,39.97785590,-75.12952030,1
5UjINogSwLL6SKRM5mEZng,40.03766020,-75.17318880,1
Eni8nf_49XDbzEmaaCOQjw,39.97725300,-75.15932700,1
U_bggtYOkK-teWol46LHrw,39.97476010,-75.24917670,1
fLXVF7NB09d1KCHQCjTaYw,39.94972800,-75.14882500,1
e3fQkykBr9V9jr1g9VWliw,39.93738860,-75.16166470,1
7__20lI7RsC9J6C-DrTzFg,40.05295900,-75.06489800,1
2daynBPzdkiqdW1ecWAZCA,40.02969640,-75.22860220,1
NWThkWV2w9WqWsXIf9DQuQ,39.96016330,-75.24061830,1
f8xDi3rajxvIqS73N93Afw,39.93837100,-75.15010310,1
pXMxvdHKzCuSQhZu0MEOHg,40.02129790,-75.12581500,1
6lJLT9H7FjXioU5yCu-x2A,39.95106529,-75.16641479,1
5R3-eCIk4dRBtXo0A5MAzQ,39.96656400,-75.13999100,1
5xPeWp-SR7RfRju2NWr8EA,39.95209900,-75.19515400,1
45ClmqPAagmNvdUojFULZA,39.95405710,-75.20103300,1
WglSxOOjnw3pGpHWj6Poag,39.95346300,-75.16819200,1
nxjY1CEz6S6iogenYhlj5w,39.95687932,-75.19406911,1
gKHxy8chDJCZb-Y12h229w,39.96871700,-75.13650090,1
hBTLjGexKiVl1sGqRjgkbg,39.94709960,-75.16678540,1
tpmXakPzEw-AapddjxAx_Q,39.96197400,-75.15595990,1
xtpXx1VW_wa6wCLoXhgA-Q,40.03044084,-75.17969769,1
1DkolDhbc0kydORZCIp7Fw,39.95426770,-75.16789930,1
yhGRai3h-Qt_co9-zwc2Sw,39.95399410,-75.20428870,1
Mv2eEAuONsyKvJGGaVTIAw,39.95185960,-75.17287010,1
aIp7D41qhB-FgfBmYUgQTw,39.94966300,-75.14813400,1
JxRSBtTNuLULDfKI3YGQSA,39.95400190,-75.15602830,1
iuRf6DVjkS3UkPwHjEb6Wg,39.95946050,-75.19496170,1
LTSlKMxPKHmOCFluV-j17Q,39.91357000,-75.24283000,1
utzJv6jAHhsWT3tAz5kesw,39.94195800,-75.15019000,1
GtLs9oOfNzBlR7JUehCVrQ,39.95693230,-75.20246670,1
3S_g61xUct3Rmmx4rJS_mA,39.87544401,-75.24717958,1
xYfX43qH2bLNKpcqINdS_g,39.95136440,-75.17506970,1
wnTVzPN7A6q1FZHI6a3FyQ,39.94504208,-75.14116279,1
etK5pTCprPuKJCtiU-iLKw,39.94659790,-75.17476000,1
ZyDCgfTgmfS8R0yjdV1cjg,39.94061610,-75.14767500,1
voI5HNsL96_s5vlCpa-Q-A,39.94054897,-75.15604008,1
tH3T3QZ43l3OPZrzlhsGjQ,40.05980209,-75.05206202,1
uuYanMLNJzdpaYB83szcEg,39.94979899,-75.16108159,1
zgX8sYCRGVJ9M5LETpJ60A,39.95157050,-75.16800380,1
TC0SkzAqSdbmX0bYyvoJ8g,40.05636400,-75.06051510,1
SYi3fXcXl1lxUmEEsrXR_g,39.93288800,-75.15945200,1
HuDNHqKv9n1mWpe4BqCnwA,40.03523510,-75.21679298,1
CUIPL9NOTvrMTmO2tYeiBw,39.96494520,-75.13468060,1
5lyrEQeYPQcOJ5p0fhIcKw,39.90605720,-75.16649520,1
U_2SVhHWL3yp5SnV3yD6Hw,39.94965380,-75.14483150,1
ZfTKaJXHHA7YAKUGeEIcYw,39.94086800,-75.14951490,1
NIGOOuEGbv98qjyw3NiHfw,39.87877655,-75.24236298,1
fAKJLkzh71-K8ra82xZJWw,39.95382309,-75.17698669,1
YIdYc6tQIFRJPNIaPBupYQ,39.95506500,-75.15418460,1
UDD4X5TLUMARishbXUQA2w,39.90117990,-75.17197160,1
mDX0I8AQfro5st8IVufp-g,40.05767000,-75.05250170,1
4HHMx7GSl8-C4XSuflVv0Q,40.05817661,-75.18947705,1
C809UuprygJyEgJw4wr2Pg,39.94205870,-75.15451530,1
kgMEBZG6rjkGeFzPaIM4MQ,39.93944020,-75.16680490,1
2LfbIS6K7jusVVgYYFtNIA,39.95539770,-75.23417560,1
S0TBIuX2tkMjM0SCILJrtw,39.93872670,-75.19238440,1
FBof1_DJG-IMRdk6WmY2IA,39.94674550,-75.15755930,1
Cwz2B0bXZXwCZ6Ru9-P6UA,40.04285700,-75.07373448,1
rjioWnWXnEbPc_0ocmoQEw,40.02665800,-75.22612044,1
RxrgGdjVD5fFY7DnJoj3tg,40.05467910,-75.12602700,1
tUcZMaE2XPp6qJK5dbZlpg,39.92159170,-75.17676820,1
Vvd12n0sYII8rUgPhq-XNA,40.05487398,-75.12605499,1
k_mIcCFvXWuN8I4ofCta3g,40.01225478,-75.13548850,1
flfkAssP0LzV3f0HSUhQAA,39.95816520,-75.15804950,1
ds4Vf2mPGm3NXb0IvpsNtQ,39.94975630,-75.14806230,1
gyOiiM7g2ylYK_WT5vLFyw,40.08786834,-75.04415911,1
4FHXsFTyvvxc-pISdYkoeQ,39.94849880,-75.16310930,1
nsZMsV91PfYQ8w2lbktpjA,40.02224800,-75.04727980,1
SOi_b2_SezhGxml_6_Ym9A,40.05686300,-75.02753000,1
tzWFFdbwFxmEvO2TAzTwHw,39.94845260,-75.15322200,1
F6KGWi35Y79rC-x3LiISiA,39.94415683,-75.16899642,1
RhLoQa81h-Yt-MblI4MBJg,39.98223300,-75.15330400,1
LD9Zw55zDpA3CD2wJfhSLQ,40.07372600,-75.16716000,1
poa82qNZZZlBMr9dSuMn2w,40.04424274,-75.14318781,1
6HG26o3ppHS39xPm0jYwBA,39.92531620,-75.17618880,1
Du2BdpVqty9eC-NPDkTUpA,39.95575900,-75.19474760,1
NEa3QfKlbLI-BFh9_DCPzw,39.95916929,-75.19841873,1
1TMkNxmaJuMCZh1osxizPA,39.95351100,-75.18839000,1
P0QE-Q6kUqU_ydmHCIsAJg,39.97953320,-75.15350480,1
AQfAhiVYzRDH9h0t1TiIIA,40.03004152,-75.18078333,1
-6nQZ-QCkAyNHdtaxOxDpQ,39.96319939,-75.14082626,1
_l2qMhWrwrYp-HoiBkfi-Q,40.07095910,-75.15788990,1
e4InIycH2PAJWccBBj0tAA,40.05471780,-75.12605010,1
TuLKUXkCvPYCbmJRzzh7Aw,39.94093000,-75.14743000,1
Cvd57Nek1j5Qm-ZJn2DSVw,39.94088600,-75.14743790,1
nHsVsOms41FRXcFQM9mGXw,39.94888000,-75.15324300,1
YlaS_HO1KG7dHKqaBgeFoA,39.98384560,-75.24510250,1
dLXkx82ZMsR5NLkCRtg0Dw,39.94195850,-75.15317700,1
NaRqFZ_l3LCHnX9j2TND-Q,39.95278480,-75.16991100,1
RU0UTD_beaENcS5e9EXH-w,40.03036000,-75.10488000,1
di8vrP8Hpz9ueTdPg7s66A,40.04775064,-75.06970846,1
fG6Wg3yrjY5Wm7UL00y3fw,40.07662000,-75.03356500,1
bGBK1r0I46Oc8eU8fNc0bg,40.06888449,-75.00520625,1
q9tRbDIim_Blb7DmAo6Gow,39.98414000,-75.10262200,1
VD4Rdyj0tauBckrTYgIcpQ,39.95472080,-75.16895320,1
6CAP_o0s_Wfd8vQNWGf4OQ,39.95532878,-75.19752673,1
KOGYT5fzVLYRkrn3I1t3CA,39.95333680,-75.15800390,1
CgweZJAp5Fz-2XzjPE4Htw,40.01845487,-75.09733867,1
jgHrwlWf6IzmtHcsuQOq9w,39.92591940,-75.16846830,1
m408YCnvuIywzZkJX3K9KQ,39.95403800,-75.17437800,1
_jRB9wKomaO1W3tfA1sX_Q,39.95225980,-75.17403230,1
K0f_P7b6ADQagwunK6YcPg,39.97870340,-75.15948600,1
zuEdIZKAYBDfPjyFg6B34Q,39.96896976,-75.13462913,1
-3m_nXlyvdKAVNNmVirpGQ,39.95831550,-75.19287450,1
Sh92jt5l8UtW3Gs-RbbK1Q,39.92747850,-75.15571240,1
Ipx423BSHRNBXuMwUHBxqw,39.96074120,-75.18934100,1
Je10gqBQIqSvYNS8XGrYnw,39.95072082,-75.16893439,1
o9a4dXSNgvbsbaIHNvP6qw,39.92887080,-75.14671610,1
L2pmVQMrpY-yZwZkZoRt5g,40.03347950,-75.17585620,1
O0fPPPMQYSFZIaUBnkGXFQ,39.94145000,-75.17926790,1
_HjSeGPK9XTL5SWK-zbHOA,40.05715820,-75.03224772,1
AwJRVQ4tmQFWNqQL9pXQgw,39.98091580,-75.15328400,1
_woUO4WVK1istX3jwBMyvg,40.05503278,-75.18696883,1
VPb3USr9Nm7JjtmsHPRo7g,39.95575010,-75.18198890,1
zMy3Pr6j2ZndQyD0Q0ToIw,39.95332820,-75.17177640,1
tVDGkK9AVU0ad-24Phrahg,39.94108600,-75.14743280,1
BJjyhlURNnsOlizLQXMJmg,40.03412120,-75.17489790,1
UhqHf5V3_jJ1TNu_PSMcKg,40.05172330,-75.15651040,1
v4GEm31U0iNmz7VrJiYirA,39.95317500,-75.15494200,1
VZqrQ1dEOUWp-A1hNsdZBw,39.97385870,-75.20454570,1
7kgF1JYwZQMUrHpBsULC2g,39.94972470,-75.20937400,1
lPhKez2cp4T5h_fTWiTJZQ,39.95100960,-75.16743210,1
XASfdnU1Ewfh2dnfv0jFqg,40.08278000,-75.03830000,1
MJCKZqLXluoRRYuAT-SOCQ,39.89594340,-75.17396390,1
OFzOce5dfz1BgayT33KtjA,40.05972925,-75.19064963,1
_FlhRk9KjdXyE0sLxUdEBQ,40.04186000,-75.02756630,1
VCTI7doVpU094lugVBP_DA,39.92175437,-75.14627947,1
ebnrEK3yNKkZE_YMVWzlvg,39.98368830,-75.15714890,1
ZvOZCvLeAKGFzwnyu1aeKw,39.94941840,-75.14395920,1
BDUwup1sk3E28DcKB5NPMA,40.05078330,-75.06676400,1
Cz4YI2kwJe8h-VgAnR7X6w,39.94448630,-75.17285740,1
uXFt5P6nmFjoeGQqRmLVLQ,39.99749140,-75.07341150,1
F2VLDCdsb8ewXyleu8l1rw,39.91442490,-75.15132300,1
g-mnsod42xN2y_LdYpoORw,40.03208160,-75.04975230,1
7V7cxGLM-xZ7C44-1DfvSw,40.04164230,-75.10587170,1
U06K56fiCWYTtktwQkZ9TA,39.95124200,-75.15668000,1
wUiJDkB_YUZEgTQshpUZZg,40.03546130,-75.08087780,1
Nre140uX7xbHK2W80kzO6A,39.87425300,-75.25131900,1
hnGqJ78Y4Ph9gyQmtqnhVg,40.07689500,-75.20636920,1
xrUtLEFyxzfjflTC2nqLXQ,39.95366310,-75.16958650,1
8ZU1N9vxDsJvyBY0fCi4bw,39.95558500,-75.14371900,1
Z0U0sPwogMRdbhNZzx2wgw,39.95039000,-75.14633810,1
T6P9oKS2V6KflrWxiW4-bg,40.08882530,-74.96795610,1
jmVr98niBB7IPnQGp5UDCQ,39.94137960,-75.14670250,1
ZNlTghz93wixdR-ixvXyAQ,39.95341600,-75.15749800,1
zSlWMn4h_7tKP7ErrCD_6A,40.03210440,-75.21303640,1
yRMwyKHYmZpwtoJ7alPz5w,40.06207750,-75.05630060,1
n9laTguU-iYpQZhgCmra8g,39.95102870,-75.19727450,1
HBk165NRJcLWdPHzuSkAEA,40.09276824,-75.03310326,1
ws8ltnaTw9MJuF6fZehOVQ,39.95370090,-75.15610450,1
4TRaSx4vcKfhm9Jx-heiqg,39.95637120,-75.20612250,1
z1TyupB3dqGlAfijPyGryA,39.92353050,-75.17949680,1
AJzAO951NR1LFaBHojeudg,39.95562390,-75.16343920,1
sMd7MbiEjf-9kGYgCFqp5Q,39.96338056,-75.14680088,1
ijIeHwnXzYW0DWAO3KLDFw,39.95152300,-75.20328430,1
bZ1Q106Bmt6tR3Y3yiAADg,39.95230720,-75.18739480,1
OHplb2m_dKPXY46mS0CqJQ,40.07706470,-75.20870890,1
iakga716_hy0m7svRNCLSw,40.01020590,-75.08882140,1
aZNiVR6oAMQX5__yGPvYsg,39.94932550,-75.16670430,1
4Do_B7sfhfsn4TQV1h0psg,39.95402720,-75.15739970,1
mprtNLSD_AQ7pTb1vzbSdw,39.87403442,-75.24380408,1
pcy24IuPvHpj3bHvP6EitA,39.99441310,-75.14780000,1
rjYVuidceTNQGUmjZ61KQg,39.94595850,-75.16720810,1
Vcn_cuQNKRF0eQ16TXVaXQ,40.06832870,-75.19784840,1
Em0k3l76cFj-A0tqJbkWtQ,39.95233990,-75.17155860,1
c72aNhUfFbeJsJzGRsSqpw,40.00519568,-75.10402275,1
jCxnMudvJWgc72tSHJx-_A,39.98706660,-75.16088800,1
lUHztzYjhD743ZuOQvgyMg,39.94701566,-75.15760623,1
wH8fxWLGeByU8W3nABHFrg,40.00930720,-75.19379960,1
fHE7blPUyQQwzqmaaquGwQ,39.97243230,-75.14102350,1
96xaSiiL2G9owvfiR3pleA,39.99270088,-75.09757505,1
F1s6Ye5pYOiBYBXwys4ExQ,39.97388846,-75.12063226,1
HDFpIdD3BFYrrTIJuQTnVA,39.95343200,-75.15919300,1
ycm91tre_R4pRoV0STawSQ,40.08610730,-75.04504610,1
cNbwhOrfltPDjmouB8xJfA,39.93815000,-75.18363500,1
ZI8RohniCgda_lLBemR5gA,39.95470030,-75.17182080,1
Q8UJnXmY-_tuxdOaJozmFA,39.94481590,-75.14118661,1
SlfJo2ebEtNxcPGlcOx79A,39.95915430,-75.19083440,1
Bmyp9E2iedRAjv_oNmFVsw,39.91918420,-75.18860010,1
WsRGsuPeb2Oom5gNOg4ZqA,39.97074992,-75.24113014,1
dwkI0-b5PM2-yn-v7j2Agg,39.94808530,-75.14293160,1
3WgzKhDmH5nU946Yk4wbzA,39.94987410,-75.16687330,1
mzFIAmpX1Ef83Djqs19vZQ,39.95835870,-75.19539340,1
PrYSQ_FVZAXB46KcscmLrw,39.94938310,-75.15513090,1
HFuAKE0uZ-frIMjroeA-cA,39.96714930,-75.14042320,1
X0lCvXEahUA5HEPP3SZjeA,39.93068035,-75.16994460,1
k8VM6pZwoMSY6cwYd-B1SA,39.92168300,-75.14252200,1
T8gJyppKf9GWogFTkead-A,39.94193960,-75.15059318,1
WkUbPCVqTg3RnZ7noYsU3w,39.92374550,-75.18022810,1
99zoELPcbwRBUqiPoaPqiQ,39.96997720,-75.16392470,1
peg-QfuNihvtk4P1jpuMCQ,39.95096740,-75.16149160,1
bwlHQiKk7EACbEZC5T3r7g,40.03946830,-75.05630120,1
ciQrHorElL1_ekMewnsDXg,39.94192940,-75.15318420,1
1hMteDtsI0JMNBCtKpb24A,39.87601100,-75.24296500,1
_gaOrkYtODrxY0JlWFe-sQ,40.04617160,-75.19591080,1
W7S0G6eLDFSoxVBpaU33Rg,40.00262200,-75.21344660,1
zVmW-ohNzhOPiBIeUPL62g,40.02748890,-75.06118310,1
eFc0rv7SO5x34xivOqrvYA,40.10307200,-75.03057300,1
8qr1cXhqYGOXFNStgcMvhw,39.91984309,-75.17340200,1
d0kjsERgstlfSBfkFyhhcw,40.05939430,-75.19011900,1
deJd43rpViQxkOmn-gz-Lg,40.08090100,-74.99501900,1
-KWel73upKHxstRCr9JGLw,39.95379150,-75.20302390,1
VSc5hpsT_CCt_Hvj92mbPg,39.94934520,-75.17787860,1
sC45E7YvilOD4mAngrr3dw,39.95033430,-75.19171580,1
UIyDw8OqB17EkI2p3m7-EQ,39.93753540,-75.17882700,1
4S_yN5o0EvXvV6GNvesTKw,40.02282621,-75.15909143,1
9XpU6r6ATXSWYfbU7kibaQ,39.95420120,-75.16746580,1
WX1x4UaiDxl4o4LfpFG8TA,39.93972777,-75.15776854,1
6XMZkKUrDOiW9aXW4oD8fA,40.02969630,-75.22860220,1
9iBlpXwgBFLVnx6RmHsiCQ,39.95487900,-75.16447040,1
RAucBixPYsidSxjtl6VioQ,39.95616599,-75.16637297,1
eNeVdj_VqC3p5ofo7SKEyQ,40.03910440,-75.10774200,1
Y2naFlnZH9wk-l5Ro0fReQ,39.95092370,-75.15698120,1
e0KzISSDK4b4unzirf3cYQ,40.00468700,-75.17882000,1
Cz-2ekKVyKheFccKtYP1YA,39.95527050,-75.15663190,1
Wfg85U89qt1OA7aqw5trFA,39.95474470,-75.15751807,1
BtXXYIQosyO8SbO718tXVQ,40.05717306,-75.03033801,1
d4QDtxEVBncaFLAxggRoqQ,39.94967070,-75.14312030,1
ol8pa4uP3mu97ii5gvw9qg,39.90631278,-75.16570810,1
v_LOlXjMbIwqUbK96Nj14w,39.94660810,-75.16510480,1
TQGYBIz8LEZPZCnhkCuisA,39.93888000,-75.15248350,1
YnKBXCCp2bORMz3pKqqMkQ,39.97067100,-75.15785470,1
TdMja0lg8l5kdTc9qtZoZg,39.94979948,-75.15621810,1
YQD_Gm999Cthin64uLdOdA,40.00475731,-75.17984033,1
WA2dW8HafdFte-dEWStZzg,39.95157050,-75.16800380,1
zwTmOj4B_OVPMTMYijQiKg,39.94899544,-75.21354899,1
j9tIldJfidEFNEMQM9vANg,39.95350094,-75.16588790,1
GpEEc2ErQ2TgQk5sGYx9aw,39.94800770,-75.22187350,1
E1gf1YIWOo1BgzMUwJtEZg,39.94956880,-75.15896150,1
OX1eFYQwN1iYdFd0fkNpqw,39.97591780,-75.18633020,1
hVRebPv7EKMUGVV2m5IKaQ,40.10219344,-75.02943948,1
DgF4_72z6UkiGxtPnSJCfg,39.96310590,-75.14112680,1
FU6CaKb9hePVMAsXO5W6pw,39.91506300,-75.24004900,1
z3RdarkVy7JIwIICn-eT9A,39.94158630,-75.14765090,1
hr5dfDGnO5GuIHKcLi4PPg,39.95384780,-75.15737299,1
NpWGrKnmm44CzpZ1Wi1bLQ,39.95960550,-75.17102360,1
fKDV_dlDhXd7P5kZi97Kng,39.94837490,-75.17448860,1
IpUlqml-oz2Izby8Hsx-lg,39.95437996,-75.22633977,1
j-Akv5AL-z1vuM04oJRc8Q,39.92927090,-75.16390930,1
CQhY6tuC5lztz-7uosT_5A,39.95215335,-75.17316912,1
qSeAn4hZV7QzpdqyHQ0ZKg,39.99516760,-75.11260540,1
DT3ujxJgs_OTgC-ZYf14Fw,40.05414090,-75.19444740,1
19aqkl42CAi2V0vH8UJSfg,40.02502100,-75.32500000,1
-lT5o2BF6ZvSsh8PvpVOgQ,39.96292941,-75.17398652,1
cM77NrFZx2z0d84AqEpmMw,40.02595110,-75.22430720,1
6JVHcQBnyA1DzK4z65cJSw,39.95210800,-75.17047700,1
tuBPp6lhttLhCPZ8zHh-og,39.95210800,-75.17047700,1
eeKJYP614nNnDwnjKpl7XA,39.97364359,-75.13959076,1
pCjWFP6aC0hE9QugVCTpiw,39.92561180,-75.16842460,1
x6__XFxj5KQY3r2GNyc8DQ,39.92151100,-75.15827500,1
7EIvsWIjK5EXhu-XURuTRA,39.92161980,-75.17675480,1
9-W8_gKJ-tRPr52TFKFNWg,40.05436787,-75.07213132,1
piSFtzkXxkpU1q9a66ot2w,39.87307203,-75.25210058,1
No_76chEpbjTWS-6x3xGXw,39.97494510,-75.13456650,1
VSQjT5mn45JKtSSL56jNPg,40.05579180,-75.04551970,1
eyNbnEMvQ4LpUar27N_2XQ,39.95581500,-75.16573200,1
rSV7D00UpdZyQ4CXu5OWBg,39.95240200,-75.16821100,1
xWCERoeAakW3OiA4DR9iqw,40.02619950,-75.21580570,1
Vy9z5-Wf7-A9X9403eUzaQ,40.05955030,-75.16588150,1
IKXaAODca0KYqr8Fo4sgjw,39.92822460,-75.15684130,1
EMp87GsYkVdwHftE7Ar2_w,39.96958280,-75.18763170,1
tOOVfgPDKtt-YauqIIUx4g,39.94120590,-75.14687280,1
aFLM_Vow8OMcMK3NJWJ8pQ,39.97171875,-75.15989481,1
D6tv78balxSAdiUjuM8dGg,39.95379960,-75.16662130,1
IsmxvaMe2i-eWnHDyC0WJQ,39.94932900,-75.16072400,1
LyguE1WMUm35dW72n65Xnw,39.94991900,-75.16699600,1
garSfHRFg9fASfWcBnMMEQ,40.09446270,-75.01835330,1
_pHMElutAeebkqmYYNeI6w,39.95673690,-75.19526200,1
KPPyh-vQI3IbbQJUcegBjg,39.94227760,-75.14500630,1
HAUzjmv7YWHulWLsgdgmIw,39.95164090,-75.16934820,1
xZ8xX5epDVMqD6mklwtP3g,39.94026190,-75.15611210,1
ctOOp80WBFPj3wPZyFw1tw,40.00252960,-75.22270040,1
sa2aTTqsZ9OkiwMYr5K0Hw,40.05293240,-75.08066570,1
P1DkSlegzHKdxJAXe0QevA,39.95715691,-75.20800952,1
-TW-0EqgnzUNHzV9VPSLoQ,40.07965736,-75.02723647,1
A73hMO-Ireqx47M88FWYTw,40.06210740,-75.05620930,1
VTjol5UWd1hMwldC3wFXTw,39.91312660,-75.15542620,1
WdW_rka38TeVxhh2F3nBew,40.02458640,-75.22104800,1
5YBvmgi0kFkyCTXj0AEFdQ,40.09033290,-75.03261810,1
7UJZQyroV-TvndJabqiXqw,40.05688750,-75.01546640,1
6ymcSkX_yN0zOopSJKA82A,39.97961683,-75.11954494,1
nFiobSfZqWmoA8LyuVK3vw,39.95670430,-75.16970470,1
BcsRUZAeUiU6LSj7Ovtwxw,40.07701160,-75.20854600,1
XVBhNSpKCMz1yJcFtgL2ng,39.94167853,-75.14946131,1
24xx8ju_U_uN1zJf2YtKkA,39.91654000,-75.16777390,1
GIAgyEwEQITK7wZI_vhXIA,39.93837400,-75.17107100,1
51DGUAxhAw5Tg56Sg3QLvg,40.07248900,-75.19448100,1
SYWEMv9i_Pmc9AIfxHWl4Q,39.94853890,-75.16202590,1
H9YalVFugskHF38MfJWT_w,39.95047590,-75.16771842,1
W_AouNLoGZ7OPdyb7qUg3w,39.93608500,-75.15669000,1
hA74tGz6pYD7IxOxL9NfzA,39.95074900,-75.15146000,1
b8zYL8751HJXc0XlUw5K3g,39.94224310,-75.15291910,1
kypOp0miYsMvXhuSFXs8dQ,39.89461170,-75.22929520,1
NitglJNDVoAM_Wr5q_mM7w,39.94824030,-75.17282870,1
Og32VlJ-InIa6y_O9cgR8Q,39.94842630,-75.16525450,1
70STxTke5G_Y5e-W9xcGdw,39.95565630,-75.22550380,1
WCLexnTQmylse_p0kQbz2g,39.94873529,-75.16607258,1
FLTh2pLIPvWzDybfPbjg_A,39.88518800,-75.24866000,1
3XEOkGgFi0T5IBJBHEeBQw,40.07587940,-75.08537900,1
7Zv6DTlcUZvBjmTic6oqTQ,39.92619640,-75.17449970,1
bgHVKRpZ6xotlAuw9VSLZQ,39.95565100,-75.18214900,1
dIwOZoxwSpPUV3eMYFzPqw,39.97979090,-75.15467810,1
EiVt-BHRX_VAFnwu_i2BbQ,39.96242800,-75.14294720,1
9St4eM436810TH4hE5sbSg,39.94806920,-75.14303420,1
HUp0fqvl0XbZmrCp5FfBjw,39.92054400,-75.18806600,1
JtcwxCtg9Dc3WfNMIcIJxg,39.94205240,-75.15317720,1
FImeJg7pVG9K7wjuexmV4Q,39.90599290,-75.16664010,1
RXItVN-qOBgbp_vBalAkOw,39.95307400,-75.19258500,1
Npb5hRxgF0aVqAlex3VVPQ,39.92948500,-75.16137800,1
JxKgwQUWG-RUNklb-ZJgSQ,40.09089770,-74.94072900,1
2-8Z_qXHueAy2AgLNknEdA,39.96340800,-75.14679800,1
pum7TsURcc2NKcYKpId9gA,39.93506420,-75.15161940,1
6M5r34Sk3mC6kCVXLYKrag,40.04589552,-75.01595199,1
LB9_i89g1iUIInJ7cK9EJw,39.95349890,-75.16587820,1
Isw145X5g5kpZblQ4BxE9g,40.02986800,-75.21874200,1
TywTBjUpo4J3TXvBtxG1MA,39.99985480,-75.20891070,1
jM9eNs-zXQ9iPpKskv2kgA,40.03484660,-75.21703000,1
DZxyXqQSmR59wFOTT7UJBg,39.94424860,-75.21031520,1
ps0bd_rZ-IVBoV_ayQizCw,40.04368590,-75.01787370,1
OPYFZTmRJwE4UnLppEZCHA,40.02151698,-75.05442300,1
HtEd7ZDKlR0nQZbc_QWn0A,39.94356340,-75.16605250,1
YXqqSPG3M3-pnJW9FjQfWg,39.92161120,-75.23158480,1
CB7nXPd5h_YLzcgfDo2DCg,40.04572900,-75.11891000,1
8-CnBPjMxQj195wDxZrHEA,39.95317500,-75.15862100,1
2kXBqCeNyW3Oe9QOVUjOpA,39.95458138,-75.16847008,1
l2H2TDEpnAGSi9SG6evqww,40.03459200,-75.17370200,1
Ugoyu-TIppruxRTkbej3lA,40.02860516,-75.22752799,1
FsVo3IKsjTC-2vhuSlvz2w,39.94784300,-75.16168700,1
DJJtybSWY0BygESsSrabqg,39.92433510,-75.17081760,1
9YyeoqIBSEL_uikPBTZZUQ,39.95571920,-75.21172040,1
BnwPx4GPOfxXZk2G-6oDwQ,40.02928740,-75.22349810,1
TJhQ9wS_nuLE383nfWXnqw,40.00909630,-75.19400710,1
115Vnqj_18yog_PWIV0JzA,39.94951930,-75.15260900,1
LSGDvJrw_sWQQ9P-fFPhaQ,40.04987210,-75.09502580,1
cOKIKCLuUiWMUIb6Fp5N4w,40.10778100,-75.03684900,1
HHWTWs8sa7cE3ksH3_BCTw,39.92806960,-75.16023420,1
yllrFgtHI257pODXRsUNQg,40.04989480,-75.09572150,1
GFBuCSY2jMRzg-E7Zhg1SA,40.06935480,-75.00849420,1
W5e4UAY9PoE3ydedIcc5GA,39.89007450,-75.17763450,1
x2xQUz1YfOzy5A9FRuCpMw,39.94895110,-75.16304310,1
2ISww4-o249VMoy7zKsWBA,39.96538680,-75.14069860,1
q0tB0ch5cFQQBSp5nUXRCQ,40.11157075,-75.02348925,1
fYUeuKAPBFvQ3YyyZHrj8g,39.95108120,-75.19874600,1
HdbG53Bt29qyqYhjl5NDOw,40.13199900,-75.01237420,1
K1h9s1n2679DxUM2cuMZXA,40.01195200,-75.18397340,1
0Nqa0zPHoB_GVucVMd9f6w,39.92539690,-75.14487500,1
7J81xJFlMM244_f05k2egw,40.03746920,-75.04178370,1
Apg6r-2CGinmTRFnt-5Zow,40.06130690,-75.05617510,1
mGhwxHsvPiFa4nJ7zh7pYg,39.97502240,-75.11839320,1
f-XoS1T_myjTKwE11eq9sg,39.98003270,-75.22110950,1
d2Wfyih3EdRJnOC6qEiPOg,40.00297700,-75.22178490,1
fpde_5H6mH5ufv1tUfBAKQ,39.95368660,-75.15617420,1
m-EmxI6FmscRNfyA85layA,40.07466507,-75.20504761,1
ToXXzuswqzq1gRq1wbFdiQ,39.91257720,-75.17635930,1
HgjHiBZtYXgpsBhEITn-EA,40.03248519,-75.17853210,1
HG0Djdv_hQwFeE_-R2XFaA,39.95100700,-75.15989800,1
UlSJow4H5WF-HHkBW9aXxg,40.07698840,-75.20749970,1
Ryt1Fhgz7sixMQSJiLyP_g,39.95842220,-75.19386610,1
D2gONomZQyRjxR3TMHJovw,39.94923300,-75.16407500,1
5oiYQkCMlJ2nZEjttjEd_A,39.92868180,-75.15194032,1
C9Tz2xr7kozygfeGSb4GsA,39.96121210,-75.14157080,1
rsUBdaoZIgZLUwKMQAPnzQ,40.06424160,-75.15393380,1
zN1nWYBHTL4T4onTRoqE6g,39.94892000,-75.19386800,1
jsZU7VLbyn50MabU86zI1w,39.95089300,-75.17478100,1
K3oSW7x3LU74viHIbL8b_A,39.90263324,-75.24042161,1
609Lr-Hvo3sr9amdiimOJA,39.95574760,-75.14433400,1
U0voDyTp7mD1poGc1lTcCw,39.95897897,-75.24125601,1
Utc1KFuFQ-wwLiUTj5FvmA,39.91787060,-75.18695880,1
ziMvN9iVXWQJrBtzcEONMg,39.95045200,-75.16702150,1
BIxkykL8meGkcNszRNWSyA,39.93772010,-75.15824940,1
zNi8ceY3sLBXZoTUstjrvg,39.99735530,-75.16697940,1
46_2e1hnQ4csLrYnhn6bkw,39.94087158,-75.15104681,1
YzqhsKFVEV1O2IYfcAnIgw,39.94122280,-75.14480140,1
o45O8DI0MJXYsHnoIkP0jg,39.92090220,-75.17367900,1
oK4108Qg_mAccEbRb41o1Q,39.96877180,-75.18077050,1
Ikqc5tNLqyCafgcOXaZ0Ng,40.06924000,-75.19941000,1
M0NNxVaepbnGSHQEXyxt8Q,39.92972240,-75.16327030,1
8UR3q3wu6UoOHauefSQpHg,39.94453110,-75.17158790,1
RSKvB-XntkiDnMqYqAmtKw,39.94840430,-75.17449970,1
0nwOwZGlB4v6XfuPLd-HWA,39.95450610,-75.19474350,1
p1Y_oc_E32JfTN-ukqOU0Q,39.94954342,-75.15251800,1
jGQnyhGmA6F-uL7TZR4S6A,40.02264890,-75.07893090,1
elefZTz-ufvpB1r-qOjeSQ,39.93990600,-75.15741300,1
Ahiia0mDn0VYt-t6S12exA,39.95512560,-75.19981580,1
EEWjIIs6N-34yaAXI7lHJQ,39.94748550,-75.22298530,1
Iv5of7UP6Eq-OuQzLmIIgQ,39.99359300,-75.09572100,1
h1RQEy-kVBy2T9rMlp5VIw,39.93867460,-75.15318140,1
Rc5F8Gtu-wdbPmVU8DFdJQ,40.02756400,-75.13217940,1
AZsVCKIWWVE1T8IlFVfcKA,40.07798880,-75.02734470,1
8jY6KM_74NZp6yomYtpouQ,39.96201239,-75.20005875,1
GV65vWKhCQcqZ_knkGaCgQ,39.96021700,-75.22500460,1
FYhsm9Efvw8lw7zAOIDUbg,39.94978600,-75.15262300,1
i-FcfJpx8COXHJuj4PFb3Q,39.94867400,-75.14581400,1
_AQEYAyi0o6ML7yuSpQcOw,39.97725020,-75.15932640,1
jIaycjmFK6ZecPx-tMR43A,39.94838410,-75.21735560,1
8Wqjjtq9PAK7EulkmjJtDA,39.95046320,-75.16815290,1
BkzPB-keyU1Ri1Fd8YuiAw,39.97105210,-75.15821990,1
LzqUA4TiUOPVKMoa_y5k0A,39.96847900,-75.16059200,1
sSxMbFH642HAM-NKCfBwGg,40.03508500,-75.12169500,1
n3sRn8jx0zT5ew4tjjrRBw,39.96090073,-75.14515315,1
t5T6NYFsOqnYl0NETDgj7g,39.93474000,-75.15321000,1
yCUQ6csyVOR9krwQH9RIbQ,39.95762410,-75.20379490,1
w4eReKam-skGORjv41A7KQ,39.97944200,-75.26929600,1
tPSA-dvionisI6hEC8J2KQ,39.99619720,-75.09015570,1
LnnWq5-4pTnBn96E3lQygw,39.97904360,-75.15509920,1
kC2jUMTWt0v_cSWKa63QQA,40.02860110,-75.03892800,1
69ke4OmxhjG6-7L_rhc-mQ,39.95755300,-75.17403000,1
UaovDcnP0QzsmGf6vXvg9w,39.94881800,-75.14565390,1
HMFdn_aA3ASTKWqme7aMpQ,39.97459759,-75.14021505,1
IIJD7kVuO9k3VCj4hVjh3w,40.09630800,-74.97579100,1
xJ3aziMabFEjF8X0kvPfLw,39.94805096,-75.19627279,1
ORmx8v2fWefT1Ka54Up0MQ,39.96997803,-75.13599882,1
2sTSM3x0kWafo1SlEEWZHA,39.91436530,-75.15316510,1
UQGl2o3j5p3S5BslkdK9gA,40.00000820,-75.22850630,1
229pgAfC3CBMmIWNngwKsA,39.92346480,-75.17117100,1
ev8KX9xeLe9fP9y-vV81tQ,39.94575160,-75.17942746,1
12rhY0NEtsiy_9S0oug2mA,40.03404790,-75.22089980,1
UkBmK4Icaximp2DY2Zf_iw,39.96644380,-75.13957600,1
-CRjqZ4GxZ6lIa_qMj7-yw,39.96023440,-75.19663650,1
v7ibuvyZutqZ7pjMCH1exg,40.05618400,-75.06185800,1
NRcVU0DW2OGaXrmXpBtLzg,40.03552480,-75.10033120,1
8wQq1jGlJ4hj691c7WLdQQ,39.92198904,-75.18054239,1
ejGvT928AVjXPb84T8hmXQ,39.99572840,-75.11442480,1
EjgQxDOUS-GFLsNxoEFJJg,39.96165056,-75.19993000,1
jztTAvxtscotr6UvBqNQkg,40.03860660,-75.14335000,1
QX6qD3JEopZSH2SQsmObxg,39.94802151,-75.14330622,1
N2g0Com0YXFgRLIR4KLEuQ,39.95538100,-75.20254400,1
lSZEa0IsVPWCT6Ym9NF6jw,40.01078813,-75.18772128,1
jvdIWqRw2h0EtYZz6NEp9A,39.94888390,-75.15995410,1
G2n77sQxr0XqPekhTu6HvA,40.03434520,-75.17466710,1
hqGYH5oZirUFeM3uzL4VuQ,39.94763860,-75.18263870,1
hyFzDuyOWNG2rg5GYJ2wiQ,39.94977800,-75.16215384,1
fiE7T-iWLTFFW5lVKe3bJQ,39.96531130,-75.14056160,1
2_y3riLaNIB2tdRONY7PAg,39.94240830,-75.15089800,1
2m8Gdh2AYepXn0dQBA5y8Q,39.94534098,-75.17842530,1
rh3c8tgPyPXD4vj7nC0TuQ,39.97632360,-75.27770090,1
61c9bfRWNxPZSYiMdbDjbA,39.94844130,-75.14309370,1
-fjIX9bvBKwXjQWfdgiWpQ,40.00740380,-75.21271142,1
tOe1Pz28wXY3vUhc3uPBKQ,39.95381360,-75.15583780,1
QZahNN5HNXZPloHdTHmeYQ,39.93871610,-75.15261540,1
U6Fq-uk9TM5OeiHzg7t6AA,39.94975630,-75.14806230,1
LozA3u1TmiNFJTwwtDEMjA,39.98291593,-75.15439859,1
BsR5RIMJB5P9f0-SDMZHYg,39.98282330,-75.15394350,1
mNu6xYO2bn-rvacN12h9WA,40.07002750,-75.15758210,1
Derr7dcpu_BRwl8OwGQtyg,39.96064400,-75.18922400,1
NKHiFAO78E_ty7xpK_gVKw,39.93519650,-75.16768470,1
77URLWmG54d-PNWWJgytCQ,40.07561750,-75.03333650,1
uWyy81dLJoK0WuxPw2_REA,39.95303345,-75.16696930,1
m5ne44a3Vu7-zILKGxc4SQ,40.02225020,-75.21868900,1
5ysISW_Tc4YVg5VbM1-5Xg,39.99343780,-75.09528810,1
L_sXNadtVHjxMw7Yhvkj9Q,39.95545400,-75.15490000,1
rU1Vsh8WRfOw57_5VpuR8w,39.94842500,-75.21365100,1
wu6SSj2rw9Cc9frUmexEng,39.93818880,-75.15799230,1
TIh6vyxA76xGAg6MbTRqGA,39.95061260,-75.16968510,1
vJ3Jh0vXXeFWmo1PQ-N0nQ,39.96219170,-75.24436770,1
k4_m-ss0f01TTX41WStUqg,39.93039510,-75.14955620,1
n0gsj17k8G_5U2L9hAwozw,39.97751062,-75.15813589,1
wPSQ2EGGlpTpjC4fsICQsg,39.93317300,-75.16885300,1
cSLT_5UIlQ6JKzgYklBNeQ,40.04106700,-75.15798110,1
u858IdTVc8Np_JHXS8JImQ,39.95727710,-75.19142302,1
8VfQxXmbPdn8zvsVpYcBWA,39.94919500,-75.17337300,1
5yeL75bFLZlGB6dUfwCIQw,39.94747350,-75.17918480,1
OWPHQD0tkvnuTy8_8JaMnA,39.91382766,-75.15701351,1
m1fxjwh0aMbeL_A7XiOcAg,39.97103360,-75.12870160,1
JTgckf2Va1qeHA-4iEwSQw,39.94004620,-75.15095420,1
MuQ-irulfi6V8N9Ka6XBHQ,40.04250440,-75.06322500,1
kYdYcTZMW2_GIuUug0Npjw,40.08495078,-74.97061394,1
GZcZ5wUcGcIVAM0_OEmIRw,39.99836820,-75.09385100,1
ApIkL5Nngq0bckgouxiAqQ,39.91897050,-75.18378130,1
j58chGXdwNBjXYGCOHpxag,39.95469110,-75.20218300,1
Mm0_9ASJUhxVbjALMaTw6Q,39.94948260,-75.15448030,1
H3yoQNhw-AfdLIwScR1zXg,39.94823330,-75.17263720,1
sKeSTwY0eqZVSKbh70SYvw,39.92456990,-75.17341300,1
M6ap9LXMEZmHf6NhlNpDQA,39.98840800,-75.12855500,1
JQyF_uBfOKxO90FAehrTKA,39.99229900,-75.13578300,1
e4akHZdEhNWOiaE4hj0OFw,39.94135520,-75.15249140,1
JASlc6gfA2AJ-VaLXgPgUw,40.00265503,-75.11145782,1
z9yUhsLHuqGWtods-8kibA,39.95236200,-75.17206500,1
OeN94byxv7pOOFUxRSKCbA,39.95484730,-75.18327660,1
rDNXWP86KQj13D4aBT8YJQ,39.99929430,-75.22983201,1
ITfY9vBKaaI6guN0ewhD2A,39.96413800,-75.14070600,1
Duf-k9b1xpuK33BGCLWQ6w,39.94160620,-75.16302600,1
H_JO3CNWRTRHmstEyvb31Q,39.95525430,-75.15740650,1
Y0Z13K5KquO0OT3TEuLmVQ,40.03587830,-75.17530910,1
bz3Z6Lj3_r9BWAClE1cHpQ,40.10139498,-75.02860532,1
8ohaL9a02bWZDxOxfZCTxw,39.95126510,-75.16789540,1
gNMAEldBHzkUSKNS9adw0g,39.95201200,-75.16776250,1
xTToUHfG8hspNEn-tVSNIg,39.96306640,-75.16432730,1
zuKnCtZQKZqnvEaKVnwVVQ,40.03961790,-75.07683350,1
t3e6vLLB9ZzVuv0Cz4QukA,39.95047830,-75.16800100,1
JQJIC75zDcYkou6OsHsfkQ,40.02687980,-75.04186880,1
Wlvr5wT9ztlJb4eNVAKxIw,39.94904600,-75.16449100,1
jyBbsc6LrIwdJYD9jFuiaw,39.95478680,-75.16449350,1
b4yoyv8ZwxIILxRz0GRMzA,39.95182590,-75.16968700,1
sZS0tCE8zUk4qmK_CUaDPg,40.12915761,-75.02368187,1
0JoB3ThhI-DS78-1Ks1EUQ,39.92421670,-75.17038450,1
7vLNhkXPzmufC6aKkh3n8Q,40.09974790,-75.03007800,1
CuvEvIkPvYVvVvsWDW4T4Q,39.94203000,-75.15379800,1
0nFhxTqIlkIAJypUkON-rQ,40.08121460,-75.03749500,1
WBV26KTRir5r2FOZlLJVAQ,39.96731620,-75.12937440,1
c0Ay-fVQFMgAaXVR3hhRGw,39.95230770,-75.16130110,1
9Q_dbzylYiWdF11lH8uaSg,39.97147960,-75.12588510,1
0ievJ8EHvr1YjXA1_I-YUg,39.97420439,-75.18154595,1
hCMqbFJyLczPk_qU3Ym2Cw,39.95115700,-75.17071400,1
0zf4KKZqbqoxiuKzeZLDdg,39.94921619,-75.15905223,1
IU6FsZm-1BAEymLBYJ_PMQ,39.93569700,-75.17860340,1
OymuTxYdT9JGi8Per2vTSw,39.95017100,-75.16213000,1
PXWYIvRGnAcxWyPwvXbuDw,40.03502520,-75.12119840,1
bzO826Hw3DCuQ5xl3OEP7Q,39.95223163,-75.17578840,1
Ui5VPcIQzUvYhJ_NuTgukg,39.93827157,-75.21561046,1
65m_3aPnCbDjm8nOd5TrQA,39.94231750,-75.15526220,1
VXFS9fqs7Dgt4WeeBw2SYw,40.03726690,-75.04205980,1
0zwoiosqg2_VgqtOuQGS9A,39.94983630,-75.14414720,1
oDl1Zh9L7rM3o5RNur0kZA,39.96230332,-75.19407749,1
aurl4I40YVQfQ8loOdgKCg,39.97114500,-75.15902000,1
4tgm6KADoZz_hbukxqK7sA,39.94780003,-75.19326104,1
y_H1AXgaFWV1EsetArescA,39.95532587,-75.15546922,1
7tBrFz4n3xtXd6BRk86TFA,39.94193520,-75.15028420,1
S_tnVfkq5pHY_JpO5NfjYQ,40.10553540,-75.03369360,1
qtNCq2sRvDFHZK9V8kKYoQ,39.95235532,-75.16805668,1
Jq65KuNzC_Uee3TJB9Xv-Q,39.92611180,-75.16897090,1
8j5bQ0nDwoGiFaTQDNCQTg,40.02818950,-75.03581060,1
z3JIp32V1eTem1NNVCjsnQ,39.95412220,-75.17100010,1
xBMkvH_qR-LhA-kJ_Gwvqg,39.95625600,-75.20234600,1
qdh-HkVRCqqPghhLagfEpw,39.94934490,-75.16950940,1
umY6N-ON6HD14vPHicFmQQ,40.05162100,-75.09330900,1
QdN72BWoyFypdGJhhI5r7g,39.93982457,-75.15744656,1
G-FrjKHpQVoH_P1saaMNRQ,39.92644418,-75.23351468,1
m7ASFgmWejezvZmPmj6_yg,40.05538850,-75.00350740,1
_IYHl6J9iB3lbeJq27pbsg,40.02202000,-75.12406060,1
QOn9vTJX7-GH7FW_kZ_oLg,40.05861910,-75.07874114,1
I2EK0VsOnF8pFCs28PHPdg,39.95312961,-75.16735632,1
jOgXXZdODiH-drcJYZkDnA,40.05931850,-75.19003630,1
wrlH33d6kVvLvoxTvG5wVA,39.95890210,-75.14359690,1
i-qUPXA8sapTzCCF7YXpog,40.01783510,-75.14864760,1
oLi0Av7zJycNUVfXTRe8NQ,39.96985680,-75.23872220,1
B6qHZCAs7Nka-1zdjCzAIQ,39.97413070,-75.18159030,1
wMSpjI-SmWlhdOyU4vOs7g,39.93915390,-75.15803810,1
6AFzUToxt_6rkhkZgFlPSA,40.04183040,-75.14370690,1
XahxHmkaFOAwXix2VGRAUQ,39.98091580,-75.15328400,1
DQK60HvSqp7hVJ_T77bwxQ,39.98013510,-75.12919190,1
4EXm70lqkCxZ-WtgNon8sw,39.92691300,-75.16660900,1
0v5gedzRunqlbgtj3u1QCQ,39.95318689,-75.20297371,1
AjQGanUkM-SFa7MxwTfMRw,39.96640354,-75.13422735,1
AuOBDegADgRWYDVpfgsgfw,39.87608200,-75.24188900,1
JuMiGeS_i9c611znnG27xA,40.03551800,-75.10039800,1
jfjpExDsvog4CYFsBMmwdw,39.95074520,-75.17016790,1
e7L_WgUY6kXqlkspUkUHzw,40.06186499,-75.08337300,1
IMJhGf4nyvrL58964xB54A,40.07224750,-75.07618850,1
jcJAFarKwZCrDMomXdcz-Q,39.96133200,-75.14457300,1
N9PyXCEUJu3Q8rxRAiS6Yw,40.08726094,-75.03991614,1
fsqlE7jhO64Q62VDI_uRFQ,39.95439960,-75.19863550,1
TJaImyntBu0ebKugcyj6eQ,39.95492200,-75.21187050,1
szXMdFc2VfsETETGAYKmiw,39.99974920,-75.06909150,1
xTpXA1J2Yl3iLB9RXDGwcw,39.97119303,-75.13985875,1
GYn2pPeu3rwIcWmo1m1nmA,39.95100960,-75.16743210,1
18xZwAzzShCRW_d8ZPpV5w,39.95364400,-75.19877100,1
rjdUiKAXXYHIH20zVTcPXw,39.94118220,-75.17413180,1
xoMWJ37LeJJZe3oiK-H6-g,40.03222070,-75.09148830,1
Q81Xj-eCVxi8mttVMn2UiQ,39.95423560,-75.20119190,1
ovWd_lbvnK1dQSkSkQRfpg,39.93299400,-75.15773600,1
p1iL6s5ebw_9LpkqpmhVEA,39.93474400,-75.15325700,1
8uc-V5fIPcsHfLc6wR6aOQ,39.94152300,-75.14886100,1
KzSL2VzyT7bdHd0bhMyanw,39.92994390,-75.16284040,1
C5zdtQSfK_bjWi81MMI0SQ,39.94205240,-75.15317720,1
CczaLGn5dIbkiZ66tlz5-Q,39.97077280,-75.21425580,1
2MZRpN_BaKxsQwkknCk8aA,40.02159456,-75.14828263,1
SapvBx9qgQU46KPRvsqa_w,40.01035000,-75.15121000,1
WkNJ3FnK5WVW3thVUe-WSw,39.92800432,-75.16004462,1
tw_PmFjjCyg0t8Ek_kQz0Q,39.94342510,-75.21049130,1
fhoqmnw5sXzj91-7yBW0Kw,39.96727530,-75.17237170,1
eoj3iAmpgbRIi56yxcTQxA,40.08525930,-75.02325180,1
_1erJ4alN71jOjeoThCfxg,39.94857760,-75.21627690,1
jOhRFAJYBHU3chGwg1e4_A,40.04159351,-75.05479860,1
4viOlb1jGDJUHmv8C5o2GQ,39.98264530,-75.24168480,1
rI8yDXsFbVfc-rw3po5XFA,40.04379000,-75.05347000,1
ZhAPdzBxhvvNInbhEPZ6jw,39.95706410,-75.18253640,1
OstyTgWTBX3pUEBrpeQRWA,40.06047034,-75.05190533,1
8ZhC29t_mepcAQ4OlN15NQ,39.94421789,-75.16918659,1
tDxZHakdC1C67XVC2QUVKQ,40.04078100,-75.04781310,1
2GLQjV1-_KbWDVqa3sVCjA,39.95573740,-75.20467100,1
_awhFQUGJGaFMr38viqI9w,40.06158800,-75.05604000,1
Q5-CkgsvtlRF5GphtoBFRQ,39.90919120,-75.16466170,1
jmgEQ7co9p5aV7l1EPbvBQ,39.95500800,-75.16798900,1
TrkN92GvXWtsKvxu4l7leA,40.08725740,-74.96175260,1
XSAAxFlV5XQq3m3a91R4vg,39.97720050,-75.25129040,1
aLJN5-DBnNM2C7FjPPQA2A,40.12354500,-75.01461800,1
75pheRYoJf0hdWs9pqLE9A,39.95192270,-75.17207130,1
p5pQ5PKXiEc4yLxsL4TsFA,39.94789700,-75.16642400,1
Ku2b7oA9s56mHoflb5lJ2w,39.93730994,-75.15801016,1
3966MAWoL1GbB8Zjvspx1g,39.95017530,-75.16904030,1
oGHVDeC24uk0nfdiE7VL0w,39.95040020,-75.16166840,1
nwq5cM5tYtQ7AnCnjVUhmg,40.07410229,-75.20286224,1
wGnBaLvgH3hrq6C3AnO5Mg,40.08653300,-75.03901700,1
8iXVU-DFq1r_a3QTn24T8w,39.95517349,-75.15666962,1
0lFkJT6DqT3eMnpW9gP_bw,39.96204060,-75.14078550,1
hMOo98ZQhKM8XvxshvmtNA,39.95238500,-75.16525000,1
4Npws3Svn4Al4_bpvTMXZA,40.03096571,-75.05482427,1
LF1hK-Q68vY3t7Xrrd6mLw,40.03884620,-75.17763320,1
81NKeedNCrNo0v60QatxzQ,39.95650200,-75.15584500,1
hYWwNKt65xf525Z1GaQsNg,39.93470110,-75.16222260,1
Aiu1Tm13sMXRAGRYFZ0MUA,39.94789040,-75.16942690,1
VEsJqjwNm5jb6xN8BGTn5Q,39.92746270,-75.14897630,1
shmNcjICpPMrbo-sjJ0mQw,39.97764200,-75.26676410,1
q6qZzQbIDnl54kH-4BIA6Q,39.94288340,-75.15202250,1
QvhKhVOzkmHFF_wMP_-x2A,39.95018752,-75.14474764,1
0f4snVRBbsomhoGkFD7GUA,39.92148370,-75.14853120,1
JbKTtN9goxrWEvuGmE4FOQ,39.99146990,-75.09973342,1
iFS7pgju4t2zGovhzSxAMg,40.07380653,-75.03360093,1
qievsN2fQbRZXywsQFf1AQ,39.95356470,-75.19334060,1
DIGW-yEmaQeEq_SJKvbZyg,39.93575450,-75.15871360,1
JP4jIbkthYZVKJCvMiZUDw,39.94722440,-75.15944210,1
3Hz1tjW2YqD5JPJTe2I09A,39.92853300,-75.16034100,1
3VKE0_-KhU_qMYHxcyVcDg,40.02964800,-75.13229340,1
66dQCivhY3mFhjPdKYyVGw,39.95230660,-75.17198040,1
2b6BvccVTtPwElQreRtFYw,39.95493040,-75.20013180,1
aNIqkFQYtBieV7NX3343ag,39.90329100,-75.24063650,1
IKUTq3R9tceSewcsTFxKWQ,39.92434040,-75.17080630,1
1pZ-gkuPzYARrljU3YRt_A,39.98187800,-75.15470600,1
yQla4Xe9la_cSakoqS35XA,39.93492600,-75.15853900,1
TMqM947-Asyd70MPGyrBHw,39.97951870,-75.26835630,1
OmZZS72yQcPyqEDPCA3EVA,39.95384110,-75.17705320,1
J2fh7F5wZ9BwjfKbxqQWiw,39.95408100,-75.20037000,1
AY4SSxu-7OumzF2LA71UQw,39.94887901,-75.16124587,1
kLSEk3qXY1KdtFjxHJ9pww,40.08841610,-74.96501120,1
SPWyzJPFP2TT7x0BsqaBqQ,39.96640730,-75.13867330,1
USleU89txaknVADlMhUtnQ,39.95570040,-75.15014747,1
rQKL-bO8Xup4gCPcj_oz6w,39.94905460,-75.15973860,1
qATSs3f4s2x_Ec8qm-xjjw,39.96871100,-75.13595700,1
RXwaoArqhi_-JnZh5MH_ow,39.95532520,-75.16833250,1
bic8O3P5BuiytH4EaEd0kg,40.00319410,-75.15161400,1
-KoF5X8toS6VBY3DvNeuDA,40.03526190,-75.08179530,1
2eNFk3pP0nKt-VthtZDOqQ,39.98954690,-75.10174810,1
sdfj6S0qzV5bx3FMDJnGIg,39.94832870,-75.17452250,1
JzY3UsaDijXuSflzChNSYw,39.87852200,-75.24178500,1
nkoAfHmdc-YeqX_iUcby6w,40.08084400,-74.99373000,1
FDifzPPJA9aZKxNQo61pfQ,39.97411630,-75.18210290,1
fgfpRmXyM6iKaiX8mfA-5g,39.94724912,-75.17925853,1
fdfMYT67xUYY2IqCEnIS2A,39.94173800,-75.15426400,1
N1xujxx3e8M1R7wX3UAhFA,39.94891010,-75.16241590,1
70VI6reR3oDXWhRRgpTRTQ,39.96879120,-75.13376000,1
Wx2L1IX7pN9Nom6Lb8PqNA,40.04842810,-75.06171930,1
8bDsHNKOrjJEyOFNDidV8Q,39.94397120,-75.20991370,1
hrJYdX8ArjX7CwekX66e9A,40.06242390,-75.02202750,1
pbGPP7lGMhpIpzpoCp9mow,39.94519180,-75.17052790,1
RjISdNawGnpjsewMTSGgsA,39.91025540,-75.18695880,1
ij_dE1TNqe_BHrzEGAWU4w,39.97376230,-75.13882690,1
vXMedaVdLTrgpcSFmKrlJA,39.98577400,-75.10630200,1
byYUYIXVxS6IUXC42THYFw,40.05733520,-75.01485900,1
VbItL6RDULtnw4YvB6EhVg,39.94129930,-75.14774460,1
U5Xuk0e2GZ4TSV_km6__ig,39.95266690,-75.21776520,1
-n_beuzQuajaezPD2PyQvA,39.97797600,-75.15811300,1
4INCRF2drQv6ivUZHkCIJA,40.02247210,-75.07864410,1
6Hn5DT28C59Q1rzFgFhGwQ,39.96682110,-75.13991370,1
bqmX882_6AxVA_uHEQ70sQ,39.95161538,-75.20334572,1
lQqHGyMrCfnPJATp7wUrZQ,39.99444950,-75.09702170,1
FKrP06TDAKtxNG1vrRQcQQ,39.94195250,-75.15058580,1
gXwHMtF-PLNG_9n7t9IxBA,39.95324500,-75.16442600,1
XixKy4AoVb-sAljtEeKALw,39.97787827,-75.13154400,1
P7anLq0I2xzyEpS9HdpkSA,39.95253873,-75.17580830,1
rrOKLSaAF5lMcAnDNbYs3w,39.95302610,-75.15961150,1
bvCP5AUnA63vPzuLXD_tbQ,39.96960170,-75.13889570,1
79cmm_bMkDWHaa7-OysIAA,39.87781099,-75.23681707,1
fPjjGmgDMGstcYJcH4K19w,39.95381220,-75.20284030,1
shbtvcGnl-PEQOpffwYq-w,40.06908650,-75.05180780,1
fh4gkNgd8woStQNQ7MxN0A,40.06183540,-75.05545703,1
YA4OQvZFowHG4_78xis7sg,39.96890300,-75.14146400,1
vrDax0Opr-CFuvwp396L0g,40.07685750,-75.08502224,1
Q61bxdqtRdTyxNPhbgV6Hg,40.06144760,-75.08334650,1
e57HVMhbHJ37nQ363YAaYw,39.95099024,-75.17836083,1
vf2dlfdopFlerxozUwgPDg,39.95555911,-75.19075718,1
vC98a0bIcSDVfX3dOuuAkQ,39.95347377,-75.16605869,1
rpKsCkLKypkHsuwPyxPwKw,40.01021415,-75.17568307,1
lvy7KZ_2FpxLgvsqlADqew,39.97069800,-75.12972870,1
gbw5wqRVjeyCEExrM0RPmA,39.95203423,-75.17563204,1
kmAk-B3e0YJ8LGEgV4Q3bA,40.02382670,-75.22013120,1
uOpUwgX4Xf6copxDjNvvUA,39.98468450,-75.15720590,1
ZkLdxMHuzp9_LGPoiQ4dVA,40.05747200,-75.05967800,1
EdW55E5NZdYODrcDUx8-bQ,40.02298690,-75.16169770,1
vLVl8wvXWU1nYCair-8r6A,40.08729450,-75.00129640,1
8XjxHeV66F4eoIy06rW0pA,39.95038804,-75.16097862,1
6IRlUGtb_PZRR_IXJQ7Kbg,39.96343430,-75.14680100,1
L-Stayf726lSU3eung6a1Q,39.97828581,-75.15779341,1
L4xQO6dGB193NuuY4_PkGA,39.94810400,-75.15940700,1
h6jLBqYsg70klZfcXK4Pjg,40.03551690,-75.04376280,1
mk8tU_q7O771XHv79n-d7Q,39.96922300,-75.13632570,1
h4dbFTNOaK0IGdyOTXuu7w,40.10751740,-75.02700140,1
GaPP9IECXksFDYGoSX1Wvw,39.94840725,-75.20983657,1
zYnYOzhlG9jPoX9ANecEUw,39.89513290,-75.22901230,1
TS7arPiiUIf-TH76J_FtEQ,40.05860450,-75.07847600,1
mrMNJ_g5qF2PRT7NP-ZLjA,40.03929046,-75.10808694,1
NwNGKIf_eQwvr6tzFX6eRA,39.91433011,-75.15311180,1
6g3pHoyXeMXFC7WD0rbJMA,40.10132090,-75.02870780,1
w7kKNELhnc00MwPOQhaZpQ,39.95381737,-75.17274857,1
WcrXzZ5XapK0c6s79MueNg,40.05220550,-75.06734310,1
h19gWCpOaU-oMwfybICyBw,40.01719030,-75.11688790,1
ib9i3cSQ-ZwWSI9dH9JeSA,40.05727270,-75.06095000,1
HSXvx9ajd9cGDzYIScmrig,40.03815490,-75.17694660,1
7pe_s16qSxYytikyOgrzxQ,39.96750000,-75.17607900,1
s9kgpFnusx0hirEYs7L6qQ,39.97217288,-75.13463706,1
EQyFENS3MWYRuDt6Ty6QJQ,39.96103390,-75.18956610,1
4XbCxF93ZK2BwhPbiReyLQ,39.95468590,-75.20211190,1
P7f8_zKyP6uOBdj9vbQpzw,39.95367730,-75.18721590,1
ARWccWepHrbNKUMI7M0UZA,39.95339911,-75.15468185,1
PIaV4xeLf2jg-vfPYrGR3w,39.94998850,-75.17967560,1
Y7bpk83gKWgCmi7yKGTTug,39.91894500,-75.14083900,1
lMRBJZ5dt0c51GizF5EHig,39.94193360,-75.14475580,1
Udzz7HMuk1GSLjeRAD109g,40.03395380,-75.02819260,1
nqMGXZ3haILky26NDAJVSA,39.97026212,-75.14421933,1
GKohndn_sMk2nWCh1jkAfg,39.92193750,-75.15284320,1
4hVeYebIXf7ObiIwalpp7g,39.93206800,-75.18972900,1
tmr5jPAescECoAcsGlChDA,39.90157520,-75.15545630,1
cFtVkdtHZuZvCNvkSG-RAg,39.97131528,-75.16742036,1
2yuwjVRHUCs9tCAYjISaag,39.94840778,-75.22136006,1
3RwqdIWmBgKF3HpKSlHNSg,39.94993360,-75.16587930,1
-HewctWQ0P3HqKCr76bU-g,40.01856100,-75.21278550,1
V4Dr3ragKHKeUab96miyMA,39.93522000,-75.15881500,1
Js3nE43tlBkXvFkD3QOk-A,39.94855300,-75.14395200,1
ubdngRXDh4NwrVvUnpMZqA,39.95338900,-75.17343500,1
WltG6PWu0zRTTUpWne3W8w,39.95491800,-75.15614400,1
Vj0HxkVVQMgM9n1QKGvThw,39.99412400,-75.09696400,1
iuoh6R7yIvKxffYsb5fH_A,39.94371441,-75.16569073,1
Vlf3TF8ZDGp94VGI2OdyOw,39.96050660,-75.18910100,1
TpLyNlRVcXREIw-94yOIaw,39.94516510,-75.17917340,1
gIyxaT9tvxMUZDH9AlmIYw,40.06835200,-75.05142300,1
lEC_8UDzg206jEawykDguw,39.94923090,-75.15074620,1
02nb6CI8w-2EoSEkQdk2Wg,39.93617041,-75.14694222,1
FeHhy-6uPJUMyVYPAwYjKA,39.94403000,-75.16799000,1
SGfnHZzhu1H5fyYOpkATHQ,39.94095380,-75.14748290,1
SeJbg2-vCsEv5MtbKUs6yg,39.92637870,-75.14750704,1
Faog49Gh5vUudIhUqI9m2A,39.91865200,-75.15397940,1
hzXmSzmBqgvEkivy7-Mc2Q,39.95892230,-75.19066436,1
2vWlAJYCF11QmvRWBOQXDg,39.97442830,-75.18027910,1
OXFCsM7_GkJ9KC93_UIbuw,40.04280570,-75.22641910,1
vsjZ6QzDk-gZwh3b1a9r0A,39.95426770,-75.16789930,1
tTzXJ9oXZCCL3Wip6dEoTQ,39.96189910,-75.23843730,1
8VsGdezAKZh8atZ0tmVskg,39.92073006,-75.16687117,1
m0IftALyhD48DUgfRsngUg,40.02435303,-75.22071838,1
zAHzitys-ncDZi0nVW_qsw,40.00915340,-75.19412710,1
zPl2SR6S2-X4T40DQdnoTw,39.93483775,-75.19167934,1
fbkdwbIawWmDhgSrlI8Akw,39.95568232,-75.16897024,1
V-96iACFgPmVjjKACGxd7Q,40.08399550,-75.03549630,1
Rbe567WR_gpGMHvimhLLSQ,40.02901400,-75.05629680,1
RDwBQNJMjb7HQgypdTISJg,39.95421460,-75.16978560,1
yEa_sWqLpmB5NbXyAz_g_A,39.92099150,-75.16439950,1
KnPLPaIimYCzGu4Qxli2DA,40.03176110,-75.05376200,1
zJArQ1uARHmSDrW-ftRV5g,39.93426450,-75.15885780,1
Sxq7qfoanpOcFugTwDGATw,39.94936500,-75.15514250,1
W8JndS-2XMSk-ZGGufKzZg,39.96438910,-75.14101440,1
KPyHQaKR7G0tuVedn4y9Dw,40.02907170,-75.03678040,1
jPbv87mQlX4jZTHogK7_Xg,39.94896700,-75.16114180,1
BCAeju4OGjYbIok7DNNcjw,39.96925210,-75.21169160,1
RYr5LkmPx9N1ZkiYkDe3Tw,39.95969500,-75.19681900,1
uJxUDvRd89bHePJOD0-n3g,39.96668030,-75.16005600,1
RBCtHLVvc230q8zkRWIoyQ,39.92597304,-75.15276144,1
7glaDklehs5KxuoCmR9V1Q,39.93682430,-75.15937310,1
pFBTtrFfJbJY1YTJu1hxAw,40.11962300,-75.01810230,1
ZMJz4ekxrcZdhBcnK4B_6g,39.92292570,-75.15252670,1
60OGVvAALJr7JO3IG2aClg,39.98219451,-75.10326010,1
wCluBbW9nzS7MEMFltMwJw,39.97179410,-75.22619890,1
8fN1DiPUUWAhLsZW4xSSJQ,39.95181756,-75.16410741,1
sn7Tig3_rVLYv0FRguh5oQ,39.97240948,-75.16762290,1
f1oDIZxQ7V44PvzPCQ-tEQ,40.10441700,-75.00048977,1
3pbc89Mbi-L7HjuAw-DQfw,39.97906290,-75.16231600,1
4xqsvnZtjE7FgIMvSXrviw,39.94986100,-75.14850600,1
k9k8KR-HWclyvAWMR71_ZQ,39.94950090,-75.15368080,1
rPvFnIN-xVz6WXIocw0Bng,39.95319800,-75.15940800,1
vq01cN9AW0AoyZ9dyr-jbQ,39.91855890,-75.24473850,1
klkMDRLSe0cLkqKEBsujtw,40.04823200,-75.01196340,1
ktVyJYDAgSxrcuQuSlvIEg,40.00847509,-75.20976539,1
pNf55jk_wLt8KO6yuz70MA,39.94188200,-75.14576410,1
fskPbD8G1DDQbCslHV-v_A,40.02977300,-75.09940000,1
dGy_GFVHQbmqzcIpSY6fSw,39.92285640,-75.16929010,1
EUlSBUUuaPVQ7NftUbyf8A,39.98708840,-75.17586760,1
t2KQa1plnfMoA_LOgBrUGA,39.94389581,-75.17545726,1
XdwaaNJ9VyCdUjuIDe8j2Q,39.95243880,-75.18733870,1
EAF4MLS6x7mzq8CDpOcXXA,40.06235730,-75.08470200,1
UCxfP4Lu3SxSh6U2fE8qcg,39.97167840,-75.12693490,1
shWeoleJWUr7jsMyheAyVA,39.95165000,-75.15267500,1
tm94_vqmMMeAv01L-7FJzQ,40.08617600,-75.04512600,1
jIzN5atQRz9OIeYO-Lx4mw,39.97791779,-75.12941407,1
mhhCYSagskopFJNHlV5a9A,40.01791040,-75.08295870,1
Xtw1Rpqj3IV-TKn19fIgpA,39.95691646,-75.19688059,1
WG23hgY8Ld9yaC2clgfD_g,39.95507241,-75.20247779,1
QriIO0sJCe1dUKEe21gtWw,39.95517300,-75.15551100,1
CMVw6Q4k-k5-ZOhA03AShw,39.95478340,-75.16469920,1
HI9RLpYxQa3IcVZ2wVvJzQ,39.94828372,-75.17455202,1
EAmx_lbvIBPX7wimjt3cxQ,39.94980580,-75.15880600,1
nJxCI5M1-stOtXyFrYhuxw,39.95456430,-75.16749830,1
krC4geEoBG3Y1SOK8i_nug,39.98764477,-75.09206655,1
k3SZAPbt-Kt8lbibHK5pOQ,39.93623270,-75.15861950,1
Laqf1fHOcmqe1yGZrxKw_w,40.05999530,-75.19072610,1
ZLjUCF2UaML7S5pSmn5BKg,39.95093856,-75.15995743,1
ruItzjauKbybM6Sdt9An8A,39.92231660,-75.16486010,1
y3n9Ifww9u5cxZe6oiLbpw,39.98765900,-75.09838900,1
XXWxdyq2QfKF4wpdDZUcxA,39.97769920,-75.27241140,1
LACylKxImNI29DKUQpWuHw,39.94970920,-75.15497604,1
K0Mb7ebSa4DRUpEmfDZVuw,39.95321000,-75.15940900,1
at4y2FFxGBtSrZHYreNYCA,39.91732930,-75.17714440,1
R0hmtwcPsh3EwjE89-H9Bg,39.95113100,-75.19825600,1
X0Dpf6yaN5wfEVcKwB_pIQ,39.94090430,-75.15111030,1
o_6YLXkEWeLZputXJ--QYA,39.94047480,-75.15077740,1
2f6NaQVGTM59OGvsdT9pxg,39.95911674,-75.14565781,1
qnprJxrjwuEivitA8V2aEQ,39.93886778,-75.15693900,1
9rjYYWTMZj2LzDuBl9rKEQ,40.02954700,-75.05848400,1
8QtgPszOI5-4qwizvWi5lA,40.02242250,-75.20900190,1
PfQwlQLn4COxZvD9nU6DCw,39.94132020,-75.15250270,1
JfKe2LI_1F8NhqOsKzHggg,40.03505730,-75.21629580,1
2hCJpE5I2OfEToUGcvdGRQ,39.95198600,-75.17492000,1
dTJRXFxdjmDZYNqe8iB86A,39.93549310,-75.15874490,1
2X3sYDb2wORzDDwNZP33WA,39.95835870,-75.19539340,1
Zxr0o83EgGQcf6wnS7dUXw,39.94782290,-75.16002950,1
3QpErOK9RfahtAfrKSZYig,40.08372900,-74.96612990,1
3kiB39JzdovdlOhQj-nMCw,39.93669690,-75.16140940,1
lne4yuLraZx-W_0f_CvTsg,39.96977150,-75.14002550,1
KZl-0F4hKwhKSLPmT-A6dw,39.98612716,-75.24748450,1
3zEedfqHtCrQEUsmPsDNsA,39.91852026,-75.18277660,1
QciEf6I9aZ2_awkPNGwwkg,40.02463600,-75.22206700,1
Y-yULogxoHo0X9qjx8U41w,39.96876800,-75.17815800,1
vg3JmN8hAiOV1suoxTi1yA,39.96279700,-75.17294500,1
gO_W7JLMw2om3l1NUUlvjA,39.89662610,-75.17540030,1
yxLoc4VZMkD3AeoddRl8Ww,39.94928500,-75.15908200,1
dn7fj6iePzwnvyhtNmiTrg,40.05944443,-75.04842377,1
9ujr7iilByV0mM8N0-DAJw,39.95710370,-75.18223560,1
7LskDbqERsCsiPNKjmNnrA,39.91456100,-75.15678300,1
dtsnh96yn64IT7sErc509g,39.91838630,-75.18139370,1
6jNFUIKiCCKnLCpGJpkyrg,40.03231830,-75.10656238,1
GmJDCmDhtKbjofeO35yBrw,39.97961000,-75.11764700,1
tzJE88QY8OHxiU4GxOSNrg,40.04939050,-75.01239350,1
SjS7bdnS3KAkhq5bWut9XQ,39.98391880,-75.11988710,1
zYty3y2eQZQfdCSzyUUbzw,39.95316862,-75.15893211,1
DUob26H7hiDCM4ubXMsn5A,39.94414920,-75.20969710,1
Oj-XIt4Xj6NSsHzlSt-PsA,40.00727922,-75.21270409,1
