business_id,latitude,longitude,review_count
UCMSWPqzXjd7QHq7v8PJjQ,32.25552801,-110.94349236,146
LZzDvgfpkd4nI3E4L9wF1w,32.22571280,-110.97462380,94
Rv8bW3pkzpi5dZu5ckbgtA,32.27177400,-110.95323500,80
WSx9-iYYyST_umny9sJBFg,32.32456400,-110.97587550,80
tV46IhCfHbsx_af-pMupiw,32.22306754,-110.96950568,77
hyeo7JQr5uLp-St1MibYAA,32.21964330,-110.84332430,73
j8feOxyJqlIJWOi8su2qzw,32.23667500,-110.86502800,71
zZ01WQlcpI1_n806WKV3bA,32.25076270,-110.93413150,70
14QP5lOdrTAVVCDDuHIAUg,32.22152180,-110.93410640,65
wj8XtPyuREj8_0GQz3LZ6w,32.32151772,-110.93060712,61
muxda1cSVtplETqTfYVgZA,32.22185340,-110.96766160,58
jmwasbZfgj3honf79qKsnA,32.22196420,-110.97218830,55
UjQnH-pElJZ9jD51vOt5Rw,32.33545330,-110.97815200,54
6pVVwtFmd7VBsgyFPHvU_w,32.28623470,-110.94245200,52
uSIGgRScZmpWlEcHtoaWlA,32.32474250,-110.92999680,52
u6P6I5PZnSlnILY5nFWBJA,32.22204126,-110.86096296,50
dOOvB4HW-b0mWDpcvY5h-g,32.22336397,-110.96970981,50
J-Go00lYW4f4a3lLLtoh_A,32.25013880,-110.92799600,49
zwrgCMuZyFX46mL3piDyjg,32.22219865,-110.96662646,49
43MDfrU28FYjfpamNfL9GA,32.28774640,-110.94463350,48
iOFbMitGdfU6i5xm4nZ8Ww,32.25441290,-110.94351520,48
KZA_HEOsBXf8dtrk9rqNJA,32.25014061,-110.85498292,48
6Cs52T0ItZ5TQ5Qx-UGaMw,32.26059100,-110.94385000,47
4QMIJJWQOh7zpEwOXhFJqw,32.25243280,-110.84154890,46
U782dba0FoFLi3cmXbo88Q,32.22216040,-110.88737680,44
DVBJRvnCpkqaYl6nHroaMg,32.22770549,-110.93472250,44
YSRM9nWQn40eg49tSiI-_Q,32.19996381,-110.96515004,44
0ghzROkZWKWwQKDt1fkPAQ,32.25189730,-110.97752490,44
4r6N_Fhiwoqo_FqQ7Mm6mQ,32.22849530,-110.96578650,42
OMT709IPPEwN91CAXpe9dw,32.22062370,-110.96840670,42
0kEyHYpI6ixtq87LV6I1Aw,32.22203655,-110.91782933,42
WZUIlyefoUhuH_VkVCEyAw,32.32502500,-110.92849800,42
yjcIKn2T2QY_DjXWACsAFw,32.25216000,-110.88983400,41
5s7I0Khg7ReVzfO7niJtKg,32.23725570,-110.89659720,41
9zlIJ7Q5W4AENjpGgaNSsQ,32.22186050,-110.93204750,41
kjDXbqCihUxgDvQn1n57hA,32.22202860,-110.97115760,41
CA5BOxKRDPGJgdUQ8OUOpw,32.22309212,-110.96662733,41
3aY8m5w6UnxXbRMhEUPUMg,32.25007800,-110.85552480,40
8Vk_2t7hQI02IhpcRnfAIw,32.22179970,-110.96592180,40
BJOGo_upuBElDT_xOaurIA,32.32207924,-110.92752114,40
5P4w4WfPbXzUi6YALfwx2g,32.22139430,-110.84003220,39
OxBZqeYH5xuusEPp9ml7-g,32.15759750,-110.97713860,39
xNd_x23g7wiGAjmm5HXfPA,32.20803200,-110.84134530,38
8Mzu_wczdzv9dU_Gr6OR8A,32.23582190,-110.90293050,38
jwEHfhS7uLK4TJgGPfnWDw,32.25005700,-110.93437710,38
Bq0CQcwk5R8yhm-MGfHxCA,32.31499300,-110.97780900,38
szad9yEwckNw0P3L5FGyNQ,32.26079072,-110.94333762,38
no8Sj8Eflgka2LFdrYFG_Q,32.26192270,-110.94353840,37
LmZWlvPJBwj5WG2KHV-v1Q,32.22114450,-110.92702930,37
3StNEgKAwpCFR1q0urmJrw,32.23645324,-110.92839378,37
q9HeBXQBnXgThOa9DPIhAw,32.21220040,-110.96909030,36
IKMAgK2m6WRIViVFB2vAFQ,32.23540861,-110.94362727,36
tszRCO-RchPXPZlsTCYgbA,32.23056730,-110.84043720,36
Nggy_QUDxaLlrcQAQf7GnQ,32.25057100,-110.98254300,35
LRr-aw58xVMkUu0OSL_BpQ,32.22412540,-110.97182820,35
rwZ_nSNpRtkgzuc2ah27wA,32.22119700,-110.87471174,34
RHdEScVIAQ7xzFFMiQEnAQ,32.25131820,-110.87501250,34
cXAKeC-EgVChIxhS7fscmw,32.27357610,-110.94443485,34
x_OCBGTbSzwslCV8XyvkyA,32.33824406,-111.04949917,34
U3aNQ5DsABPYyJQolsCbJg,32.22107750,-110.96725540,34
8QJTzIaR5FceGds8HBSIig,32.21441200,-110.95951180,33
rtykgAe3cXao_PuzgT8mPA,32.22585430,-110.96544020,33
eUoV6GeeP3GPm9Q3LK3apg,32.25003760,-110.93354930,33
EIKbEHnsVg6dcsWopW4lkg,32.22807300,-110.96540600,33
Eqfks4GEn5dsI4ZGiPrCVQ,32.32406300,-110.92731500,33
gQ5_wcFqhplc9xrnSCt6-Q,32.29580300,-110.97160700,33
EmBa8UWYRwM_3hagkqwtIg,32.17771000,-110.73860000,32
CJoO4HYD0tZRXlZqA04wmw,32.22111520,-110.89585210,32
UtVrrnZjUh29lcZZz7gFmQ,32.23203190,-110.95825440,32
LQcGL4hfJAeK6bk2ZdhmXw,32.28682634,-110.99507350,32
wIXYreqGaO5AEVjNQulbKQ,32.25015570,-110.84299840,32
Z4lwt5fK5-gINuWfI1aiRg,32.11866300,-110.79763400,32
pUeuBWxgll2in2KqKeAR_A,32.32530791,-110.92846920,32
aAyCUTc7y9ZIN1OZ7tGe6Q,32.25675634,-110.94420749,32
BTblqXsOHMXjcgcYkdzuqg,32.22261020,-110.97012460,32
HUhlFVMjZOgj1-N0JmCo-g,32.24399300,-110.97220900,31
OuaqRGlscxMIqUoN4Vw41A,32.18579290,-110.96521660,31
h2-mPUMYJ5pF_gVurDL3lw,32.22227530,-110.90989240,31
WbA5ud4InNWkizW7HE5kRQ,32.22097000,-110.97015700,31
eE5w-7yMOwgL2OPsG85Z2w,32.25255100,-110.94355900,31
w2XdjBApTWZowED4vwilpA,32.21970080,-110.84397630,30
yR_EfNX8NF_JQTo2LURR4g,32.35767152,-111.04437988,30
8wkPLsDbGU3GcW8CoD-4aA,32.22223100,-110.96727400,30
KbSpEQ_54ovgNxOoxKP79g,32.23140890,-110.96430850,29
Zg83olSjsdXAhE5EEy5IcQ,32.32315730,-110.97365200,29
eN-Zrz1orLoqIb7D6mUMbg,32.22859780,-110.96526320,29
HpmsY3JJ4gIuS8EiVHwMJw,32.21999270,-110.98559910,29
5p4p5DknrjuxIUDokYZE9w,32.28776070,-110.97278430,29
zgb1ylb-Ic1sneuOrdEYSQ,32.25213950,-110.84158470,28
tB971SQcyzBs-nqZl1_PjQ,32.35236110,-110.97641680,28
wexGsdw5Wz85-hOBx9r2Tg,32.32461960,-111.01094400,28
H5nMeiXJmLpBALeV8A-FeQ,32.28850010,-110.97413480,28
AnFDd2B4rt3J5fiTg3g3wg,32.28808250,-110.94539700,27
JHxfEDW05_KSTfk-SLqXGw,32.26481590,-110.89308790,27
Tj-sKlbJR5M7Rpe9Cykk9w,32.23638050,-110.93147803,27
Ei5HBqe012ImhqEr2ZH2gg,32.30665250,-110.89197040,27
G98s4QCjcSRLsr9FSJ7qWQ,32.22256696,-110.82680918,26
4Lh3RmIM3scml_9DOxY2Sw,32.22223050,-110.89380310,26
ZIwn-7d3JOBEmUb7ELMr7A,32.21984440,-110.86551770,26
vPSRs9RRGbv4Y4nNWyw5Vw,32.25219540,-110.94360830,26
_9Z3cuZQBOGv_XzSG4ewHA,32.30535881,-110.84392806,26
9tWLiz52KN-S7CFZvBhslA,32.23524830,-110.85867100,26
l_NqE_IHW79Ka-yd6FkQaQ,32.31404440,-110.97688250,25
tkyHFPJ3dBsjE2hA_tk_sQ,32.23593788,-110.90466955,25
67gnSHwFRKgtXlzHzuyGMQ,32.23643111,-110.91336334,25
wYYsmF6begc6ZcnPGwF9NQ,32.25108570,-110.92783376,25
dtWFuvupLrMmPb09uy6wVw,32.22206210,-110.96691250,25
vJdsF2pRH6pZZ16snLHSaw,32.26080764,-110.89217300,25
v3OZ36tMFyAuQiqaY9tsgA,32.24569700,-110.85251700,25
LFUndZacUo5keXKHNPk-vQ,32.26421070,-110.94579970,25
5YFqjdNj7HCkDwYjvwG50g,32.25027210,-110.91808932,24
NLV0ppsHTiJk6JVdFSxVAQ,32.26091240,-110.99595730,24
WAInJdS3M-4JgUyzf_LoQg,32.25434305,-110.96103313,24
ZYxGiEyHD17kd80zUzaOQA,32.26413650,-110.94493550,24
OLv_9dEcUGLq6AasZuloQw,32.25377890,-110.94363160,24
6OwxdpajDSJi3DkMqkr2sw,32.23486997,-110.98997570,24
NQ6v9hMwtfS5mn2a0vQr1Q,32.25154773,-111.01510954,24
eTCDxZd5QUj2kBrBMbnbTQ,32.22035310,-110.84313810,24
nEaTbGFlU7d9eLU2kl6KBw,32.26404629,-110.94440029,24
DK98TgLNmIguxMMPGlyb5w,32.22097380,-110.95751330,24
iBnj2wBO5-3moZ7corhp-w,32.22233700,-110.96682330,24
f82dhKNiUXsDVPMLqKYiIQ,32.25095989,-110.95915832,24
KmZuIc9o_PL2BW8j_7gy7w,32.28557470,-110.94252634,24
Reuk1p7ZUrLikUjzv70jYA,32.23106300,-110.98934000,24
LF8AY2hrISeZ-YWxgu1fAg,32.33962514,-110.97653780,23
0Xm1wedwnMJ1iKXz8vUDSw,32.25018315,-110.84328532,23
dMGWB4TEfEhgInQefGimAw,32.32439798,-110.97585618,23
FWaU544E0DNj3mkjlKif_Q,32.23584860,-110.89737548,23
tBWjMqUc0yP5lRElCfDaKg,32.23570400,-110.94657100,23
JFShrvfR86GnWUaITaGRkA,32.23591092,-110.88796092,23
E3QSrua1cXWaurPitBhKGQ,32.20660400,-110.87272980,23
CepvOEU3FxgYWMkpzS12mA,32.22088950,-110.87797010,23
dhj16roKb6Z-TyJ0w6iqjQ,32.31686000,-110.97666400,23
D44IBRDtEScaWELey5IfCA,32.23638420,-110.92863630,23
cuYMRqzehT24XJk-YSrExw,32.22117438,-110.89589793,23
E2uAzmg3tDenxiZa15E5IQ,32.22461300,-111.02536200,23
U_NCpKQDf3z7qSBjvv4U0Q,32.21221180,-110.96905870,23
MK0OMY_u9unl8xSqjPLtMw,32.21976200,-110.98549300,23
h8TJV8clolcjqp9aFV4OjQ,32.16191940,-110.94374800,22
5XJsZt4HFjSbAdc4dkWVKQ,32.35655500,-111.09518900,22
A5lh_QGlxWAuYWSTZKH08g,32.19782760,-110.87461730,22
V83KkmOgTx_h1LDA_A1kow,32.22057380,-110.92970740,22
XlIuTI1NRLzLlp11x-PTHA,32.23148467,-110.95829677,22
008FLyatMEsZzmmKALIgDg,32.28867500,-110.94605800,22
wa_bwyY57etHjtJ2Fw0E3g,32.22089870,-110.87890150,22
JVdRFZ0fZmd36f-s3FtS5A,32.23645200,-110.93033610,22
L-wv-QK9VoUZX6zUcJwSSw,32.29775000,-110.97968530,22
w9qspQrfRx2Y_m53dIpK7g,32.10237495,-110.80061307,22
5YRHE2foNVmv1n8VIJcb-A,32.29815100,-110.97738000,22
RhuYqAT45uIR2NNdDsolXQ,32.22998950,-110.98757110,22
7_1GqlDlbkShY0az7J0XNg,32.22419700,-110.97406500,22
pBl1CSeYKbWMSrqgglIMDw,32.33567210,-110.97836388,22
otQS34_MymijPTdNBoBdCw,32.25583360,-110.96055960,22
7SsVhkUIiDxZSsXR8XiIEQ,32.24760848,-110.85313575,22
wJmyu7W1K9A_gE8Ed4Bc9w,32.23633400,-110.94173800,21
Qh-vuXF2kEVvj1ReRP_ztA,32.21935300,-110.85841270,21
gJctImPPLma_aRICoi8ZKQ,32.23632700,-111.00417700,21
rLMRRaLhgxH2cU2XuJf_BQ,32.30807100,-110.84379000,21
vI-2mPYOgfix5LcaqDOy_g,32.22200880,-110.87011570,21
BmwHAMrY-Tdrz6PApscqEg,32.34249800,-111.01374300,21
tZ7aeO0IuF_rAALD-kMEFQ,32.20648190,-110.86821480,21
mKqlE-HZViEz6v5OWBMBEA,32.32824420,-110.85073664,21
_rVxte8rB9RcUT1uORHlhg,32.22205270,-110.97010067,21
5U6M5mdJ4CMUefBpsIrcSw,32.24941800,-110.89118400,21
yVB7Usr55NnaUKs7K6xDTQ,32.25977247,-110.96077130,20
ocjotK9u5F3E4CVXD_iNPw,32.22346280,-110.82341740,20
-y5vYOsyL4bSFxeOtQtYbg,32.32442484,-110.93161406,20
0VLvj_tqDWATqb9ThA-XiA,32.22172030,-110.84884100,20
ZCF-HvfbITnNcaomqT5XRw,32.22664900,-110.96871200,20
HoKH4Rk7wHfVT-60aYIYwA,32.08087919,-110.76898813,20
fgtnOag-DaTsZTHPsgnWSQ,32.20754010,-110.79115940,20
yvBDnfgVQy_hCDGj3Hy00w,32.20463850,-110.84156290,20
nmkch1Q89DdFRXF1a-OgIg,32.21672470,-110.96989690,20
RFIHFxmNH9dM0ouz2N8ZjQ,32.24905860,-110.97854570,20
dEMsUFNB4ckBFdB90jKLEA,32.23165620,-110.95746980,20
V9XlikTxq0My4gE8LULsjw,32.22188000,-110.91307000,20
MfkMUNwur9huBERrx0k5lg,32.22180500,-110.93116700,20
dK10D96iGeHuTQzR8aG90Q,32.22437400,-110.96542590,20
hPxeshyaUwDYOz-V7tWDQA,32.24361490,-110.91040470,20
gciMEyy9sIcwSMREEvNiXA,32.21423870,-110.94882410,20
kKfwRhExL-lwLFWF3aw3nQ,32.35819690,-111.02335600,20
dh1C733vVNx7BaIBmwMwNQ,32.22363000,-110.97540100,20
QO4E57PptMqNMrSS9sefUw,32.34992398,-111.09938480,20
jpLJ79SPYXMpbvZ0py3uiw,32.32319320,-110.97304010,19
_5aMfyqG0ei_dLkUqfSWBQ,32.25988095,-110.79963271,19
rViAhfKLKmwbhTKROM9m0w,32.13112784,-111.08661945,19
sr5A1frZiTRediG8FLEkdw,32.20783980,-110.82411760,19
dHpHptXgn1gpuxr_4DrMYQ,32.23108865,-110.97150360,19
vRle3eQO4T767azL09rFnA,32.22604065,-110.90895925,19
SbdL-8NSmTWgSwdGZBa7WQ,32.23646240,-110.92768260,19
jh8j-DWqgWkbRe_a2XtKFQ,32.22088480,-110.92794310,19
mwUCZ-4ClEqKOZ5Cx8dc8Q,32.28681760,-110.97529910,19
XyGRDrgCK0z4CiA6nhwEaw,32.37501630,-111.04632010,19
y29Da2WKi8V4xk4tOacEjQ,32.28700880,-110.93841580,19
XR6zkgsFiwnaH2FVkoUVAQ,32.20390790,-110.96513760,19
FMLrzIBYlEB70KjwTMQMEw,32.24980006,-110.99402113,19
a8q8Kd7KubA-qHpPAAH81g,32.22204120,-110.87964650,19
3TNaIkVUKrHzeeWMo9DMkg,32.22212690,-110.96890190,19
QMo3URjgmyY_jU9GtYfxtA,32.20651440,-110.87990270,19
ltmenUcFgNv7fPOU2BiwKw,32.21658090,-110.97465400,19
B10mqANgHvL8gBteo1UhAA,32.22733670,-110.96533310,19
ADalAxPlNmVEsvvoYmuESA,32.33713980,-110.97733770,19
f15Fz0br0RJO6k-BLlqlww,32.33898860,-110.97657970,18
xNZMbdl8ga_wjBPFMZOsyQ,32.33999670,-110.97650990,18
tKQcHvqsntB4tobfh96avQ,32.22030930,-110.98794880,18
V861Xz1rQIPpaiPxr7lzAA,32.20744820,-110.79089170,18
1W657uKWvcMKIHaOmEOc-g,32.22197700,-110.97187900,18
Xv5QKR3DMOhIS4V187yj2Q,32.26503551,-110.96116304,18
A-5IN85MwL9F8wJRsDna6g,32.18308150,-110.97723170,18
QpAVPiH1Yujksd_ReL-x-g,32.30740710,-110.84588190,18
IIC_gGdLTSCbRMtKzg1-ZQ,32.22069850,-110.96919840,18
fKXU_HMU09PJfTHjtInN0Q,32.28441700,-110.97764000,18
PgD2tnZT9pd-SE9fC8ThBg,32.22371701,-110.96542017,18
SVJJIoAiW3vHwoSpVnUcLQ,32.26192000,-110.94447400,18
YQT53_5tc_sp3_Xp4c5Ehw,32.23587870,-110.87405840,18
q0L1bP7f5Nd6m1Eq8pD0GA,32.08937930,-110.77357404,18
0f7mlSVIAk25QuEKGmVbPA,32.30921510,-110.89028960,18
JFteGsQlrJeJjur6cA1RhA,32.16826000,-110.97720000,17
3cyjdxvskRcADylzLI32cQ,32.22097800,-110.87860000,17
9fOkyQs0TcVqqe_5c51b_w,32.22747660,-110.94344530,17
8NBb4aIeQvDh3OWRiIXYIA,32.26032036,-110.89227128,17
36rz3AMPh8ETMJq7cTG2Rw,32.26086840,-110.94334180,17
gfLsBY-xsNE9-ktiTvTvGA,32.30785272,-110.84494600,17
TqCKiDAs6r4GSo41QHlCHw,32.22942460,-110.96575124,17
GlYN-RJyL_YwxIqsSDo1ag,32.25104480,-110.97289550,17
tQtasVokB4tqidnL2LPv7A,32.22303156,-110.90865847,17
kSHgckYR4YMaWiMNT8arZA,32.33716090,-111.05357360,17
uRYoY6ycuZUAO88dM6sauw,32.22709150,-110.96539710,17
42BmFLsm1YAommyVHYxV5Q,32.31679100,-110.97478350,17
LgWlFdHfW2ZD8M-2vaMULg,32.23188000,-110.95834700,17
DNMdZVVfhus2H-dH0mI3HA,32.22094570,-110.96655220,17
_iHV--nOdqTMbINQtMehzQ,32.22913670,-110.88484830,17
oibnXxBAR9HdvEOH-QK9aA,32.32223800,-110.93056500,17
1ipr4W2ApXdAyOmRE4AIkQ,32.30636420,-111.00924710,17
lC0_e8F1zAstzhj-O3eQZg,32.22882660,-110.96576820,17
7hxKhNTk2mTF6bNMTwx6pQ,32.33813600,-111.05663300,17
VSjoo6kJ9MU4G0cfO_-CRA,32.26459920,-110.92509710,17
KuVtxfIJu4qRscngMsVcxg,32.31021120,-110.89317440,17
1dLWCD6CjSHD7PTfi5ZVNQ,32.22696940,-110.85727100,17
i6I9-e_2VNc8MX8noUKHdw,32.33562360,-110.97562510,16
vr1I1RkSL-m6c-LCAd3O7A,32.33019550,-110.97595110,16
AUBQPQ8wftMBbP2Q3Lbn0w,32.24547000,-110.85336900,16
9PXJkRLVWd6IMPfBzdJp2Q,32.38611800,-110.95666091,16
4kTeF5mHEkXzO-q1sxHZ2A,32.23199180,-110.95849240,16
aYHjJJ64whQsxZjx5rUe_w,32.32549462,-110.92887790,16
2njTjQ35skXN171KoobeGg,32.25137290,-110.94346860,16
gIIZQRP878_yceemj2bK_A,32.22191430,-110.96534460,16
3Zj9V-Tdg461Qfl2ZPa4Dg,32.33871700,-111.03176640,16
8da9PKeUV44KoUUlYNTVOA,32.27156650,-110.98908390,16
h_d4fcmFsRFQYmvYaS2bzw,32.30541517,-110.84437477,16
nyQbp8DPZjIKOwV12s2G1g,32.30798700,-110.84390400,16
K1r1fGmCbrmC_V6Aj22Zew,32.34951366,-110.97351899,16
q74ZX3o477i3jspGBc3Hvw,32.33857400,-111.01327700,16
jEAqMCGw3ocephZJFsl-qw,32.23479100,-110.85833450,16
plYw0lBpAIBdwqH8FY1H_A,32.23651400,-110.85952950,16
P35nwRGaG1FMn-l8xPEY2Q,32.25517700,-110.94433700,16
qmiz3iYOn4pZylOe27OTUQ,32.32424032,-111.01009072,16
TAUGnIQDR9-m23DWLZ0dow,32.34011590,-111.01548310,16
Y3ZCO17N1_T_Ms1JmswwzA,32.19201748,-110.96854005,16
YK9kcUVwuI9j00g6o1k7mg,32.25056240,-110.84654990,15
wm23rnUccF_3en3NSN7afw,32.22686700,-110.96584000,15
xwKYBPO0ByGlkvNcr8FdqQ,32.26492980,-110.91054440,15
wbDjLbShJ-ZJfm6jJZp-Aw,32.25916690,-110.79752710,15
COZbEsySsjS1d3mJ6cXeTA,32.23203660,-110.95722990,15
5PLTCfyndcWM44-yQH-YRg,32.23181735,-110.95691610,15
Hi4AgS-uR-lEOF4oZl546g,32.22735900,-110.95607730,15
wVLJwTaeTlTFr4il0pVJ5g,32.22202642,-110.83925150,15
JykoUULAfF60rAp3gjlvVw,32.23485770,-110.99050430,15
96myvjjiQW8ZFp4LrE1gXQ,32.34247900,-110.96521800,15
wOV877D53aONy3dgja-PJQ,32.32450600,-111.01139800,15
Tx9kwNLX2lYNqr2weKWEqg,32.25695200,-110.94429900,15
9u4_k8-XC4RFETCeiQdO8w,32.22132341,-110.92755251,15
OMnPtRGmbY8qH_wIILfYKA,32.24990000,-110.93506400,15
MM2k7pm2noLwKFflOhO46Q,32.22193870,-110.86250980,15
Klpb4jqrgCBX9_BnBmkz8g,32.15902830,-110.97781390,15
va0yjjOMfnX_L1P0mWZg8A,32.25655100,-110.94414500,15
z67ktHxCJ3-Ebs3zooegSg,32.22819360,-110.93487660,15
N4ZwhNGUFB8fSmbHnQ6nEw,32.23119900,-110.84046500,15
ta8tixXzHXFogPiYlB2a5A,32.25107740,-110.92237280,15
eIk4_wRFDQGH7UOYF6maJA,32.32501500,-110.92889000,15
l8yqThofpWGUs6lxOeIdOA,32.22210200,-110.86698020,15
fgTOJRkc703E4XRdcr5zRA,32.26413650,-110.94493550,15
ETF5uO4HLy0BMUUoI0qeuQ,32.27148555,-110.98726400,15
whh_h_yJaF2kz-ieB7Dcig,32.25100000,-110.89084000,15
l6ilG-3jakpirpfCS_LciQ,32.22200636,-110.96690034,15
7wV_V6snbNZPRyQz5FADfg,32.23651700,-110.93427600,15
DU2KrvS9kBBV-HwzE2fQrA,32.28604000,-110.97500700,15
t-abv5g6bjbYwLerN_4VKw,32.27826160,-110.97725500,15
b05wsdAVzpZlf7Tg_Ewpww,32.28839335,-110.94566792,15
kbjbMffGvyjIdJivotkIiw,32.35131158,-110.97728838,15
37HBpNmT60ZTdnNeweWdzg,32.20890800,-111.04308500,14
lMmlIy_J5o-D9l6XNR7Erw,32.11421200,-110.77180200,14
Q22UzlwqkRkISP7LG4WXzA,32.25128930,-110.83615670,14
nfKBOWF9qE6eb3zmgJeCSA,32.32419800,-111.00980800,14
YAcsbjkjJg-eEhUmDhW2EQ,32.20662450,-110.90790530,14
_uDhUdcNBtgiOXPGPWunoQ,32.16413270,-110.97704550,14
fUlCcUBeYRC80S8iWgccAw,32.29774420,-110.82460480,14
bXjnfT69E8DJinX-ifOofA,32.22128400,-110.88571300,14
5Ce3lZksYVkCbrihqylVHQ,32.22255200,-110.78813200,14
3XRHR2IZ7yd3FDAogps20A,32.23182427,-110.95852069,14
aDL_KdxbDRT5s51Jtn9V5g,32.22106400,-110.96748900,14
RHj1RITdSwuXTc-lfJPO-w,32.12738700,-110.87607500,14
vZlPeIEzNK2YkZhGcLxHOw,32.20613699,-110.85394310,14
g5J3EkiaC1AggoxVeXC6xA,32.23140229,-110.95813330,14
VeodynTzM0rC2OhkEDoQdg,32.21871650,-110.87582800,14
DrA9rCWBzm4CSZFZCzDhHg,32.23588880,-110.92384820,14
YdZS3QkpjgHU2zIJ_bqy_A,32.25144639,-110.88871272,14
mLjIVDt9o2Zaohx0VYVfPA,32.22251400,-110.78860900,14
T4E23iml3us2oH_OVGBr4Q,32.26544050,-110.97362250,14
J-iale4ilYuAXjnfLyYl1Q,32.33656200,-110.97609900,14
yT3Qs8rz82wqhKFlfWr1Lg,32.16472017,-110.98966473,14
L1TzHZ8OXfVXTfyzidstzg,32.25033670,-110.93541400,14
LIcsCCOYqBO9k2tiO4Mrow,32.23897098,-111.00524919,14
pnZQOGEV-Ru6vHIYaUuQBw,32.21877039,-110.87579437,14
lS1dmSXpAtQqT04eRm9kiA,32.23141070,-110.95844070,14
ZHcfV3d7ZW8bmwgKCsz-RA,32.23716870,-110.85892410,14
njNxIjW06NxED_1DWrJwKQ,32.24260120,-110.85664240,14
MXNEFOi2wO8Zk6s5-5yaEw,32.33591730,-110.97818380,14
ZWTaHa3PUhllOcvlCEgybA,32.23604600,-110.89662000,14
ngIBJmt4ebOcklne2kkfzg,32.33621270,-110.97807950,14
lhsQkb5nhf-Kd5OvgB9MNg,32.13367860,-110.92344270,14
hzXAxu35F32Ob9uVCh-dIQ,32.22057990,-110.82271340,14
X4kLBCoQeS-x6zVH7fnOvw,32.33783080,-111.03239510,14
SCPXVj5VXRvXWU6r8tDLRg,32.32864200,-111.05335250,14
isrmmF6K_OZC2maNStwYNQ,32.32123020,-111.04515580,14
asuAMmOFQb8KeKEU7bO0Rg,32.25100010,-110.87342980,14
Iqr0Ysy5cS4j_a3cq_YWXw,32.22209780,-110.96633940,13
tP8wd-9CrI_RkHK424oifQ,32.28606889,-110.97758957,13
3pamD1Qj7MXrF6dglK_guQ,32.22233700,-110.96682330,13
o3woQWQ-0HxFftItIEeNdw,32.24903550,-110.97853570,13
OMkT9ZQuYO3cNmwo86YhUw,32.13128870,-111.08683830,13
4-PWLvDweauT1927XUOW5Q,32.22807860,-110.96545620,13
QdPiEDjZ2N2mOXSCrWHAbw,32.29578800,-110.97322600,13
w7dxtJm-Edn_p6ASg5HGyA,32.28531870,-110.94335220,13
xuYPogbBSHAtOebONVhprA,32.36171716,-111.11697314,13
C-9LDLDx0n2_3VPddBsGwA,32.25233124,-110.83938619,13
d-e9OJzjy-_bWs3r6fKIbQ,32.23599200,-110.83867000,13
zsQ1_PNV3KN0EWhAE-WV9g,32.33983320,-110.98081980,13
vRtw_YYSwxszxonseZhWCQ,32.23148460,-110.95860370,13
Wq_MeFAx6VajWrUogYSjQQ,32.24997710,-110.96624120,13
3JxuVEVcBk91q4N7YEhKag,32.22717880,-110.94318620,13
I42Ebt8haptL_Wew3r9wLA,32.23581560,-110.94643480,13
eb4QwETR0zK4De-ar8XO6Q,32.35660700,-111.09518300,13
8YM2oTP6LZYQlwB6Hk9lLA,32.28623470,-110.94249760,13
Wd9JBLjCCh5yTF0vPAxCAA,32.15266710,-110.97723170,13
5CX7rtnwYnmqFCihOyWivg,32.22117140,-110.89479050,13
Gekeq1c-fuezmx0PSGQvzw,32.22354800,-110.95650810,13
ajgvBDXmFllajSfKDIHTGw,32.23191800,-110.96537480,13
tpvHimO4BBn1QMPQL02B7A,32.27382100,-110.94443360,13
29Ok6gZ4JWBKshs0R0M-ZQ,32.30977700,-110.89166100,13
nqtN0rfuL6rbi019H0sZCg,32.32460580,-110.93026620,13
-OX0MJDPRHV0RCRvwYnvBQ,32.22089180,-110.89047680,13
elP0Xn9HyP6cRBuzbJdTpw,32.22308000,-110.97017040,13
ab8i075-Tjju3WvcsXTp0g,32.13367080,-110.93229022,13
450EVr3DA9qYzx0B_HzPMA,32.13462900,-111.17342800,13
KGjFXa4aSe6gvH1SLzfryw,32.34156500,-111.01460100,13
a0_wSrpAqg_eHnNej273Sw,32.25234400,-110.83989700,13
isWVCH1tog0Zq9CrPTgwmA,32.27382900,-110.94443500,13
CFc1e_pMN7nxfvfw00kE2g,32.31400560,-110.91721181,13
GC75ZzoLxsfeKyk7vA3pXA,32.17827500,-110.94289000,12
d_4xDlOYQJYqV2V-2iyGOA,32.40620572,-110.94855699,12
eGi7CE2YaN6YMiGyXNi8XQ,32.35320750,-111.08917950,12
WQ0Hn0QaJZpygRyr3ALWSg,32.30808026,-110.91447875,12
d26VEnmSq_r2wJ35L9RYUw,32.13330810,-111.02755170,12
gWiUCJEcv1lnZtMT_d2p5A,32.25027630,-110.89312790,12
yJZbNhVoTdhcI9dYVzLJuQ,32.22192300,-110.96728100,12
ZNOc9LErlBDtJF3Y7LQtwA,32.28327587,-110.97669672,12
kEVptUKa_OUPn_50sTmoTQ,32.23642100,-110.92016600,12
-0G_6-KFGpCpxTUlVXCMYQ,32.22129361,-110.96569826,12
NI3or7gqS-lFOqWDARgk3g,32.22805370,-110.96557030,12
14s5gko9slJn9vkjPOiTHA,32.23647060,-110.89309370,12
L7HqDGVSyNIYtmxGD8xfiw,32.25421890,-110.96055960,12
CJe2beFHYTOG0-0-dqAIrg,32.08860950,-110.77366290,12
AbeWP7_Vxhp45I9IPZ7Otg,32.34028049,-111.01213484,12
KAQT1EGptJDTVMTslyBdwQ,32.22123244,-110.92792980,12
NDL8FkN3ZPEGBM3sqRUV4Q,32.34438400,-111.01340100,12
ytLkBGwFc4G4z6oxJYXoWA,32.28695050,-110.97694273,12
OmQ4IKD4FikhNgC-X0ki_g,32.22113900,-110.85983700,12
IWP46EWxNGk81HV7NdahcA,32.24694765,-110.85336137,12
gtuoRlBPqoTIEPrcfbIP-g,32.23592370,-110.90631390,12
RRcpqq6D4WS4jZ3HK8tckQ,32.22098090,-110.95124570,12
HdiWY4WV6laZflpfcLyo8A,32.22232250,-110.96898880,11
fRFNQNoVRDI3YFhiGyqZxA,32.26091200,-110.94412060,11
AXoq_ze4DyyPDjJk-Ba9Pw,32.24994800,-110.93474000,11
c4xAYwO_s8HEmOfCLVAhCA,32.25129578,-110.83759993,11
aFUTUmXyguH9oHRGDOicog,32.26033800,-110.94264100,11
k-QEp8E_1cJU3poJS_V2-g,32.35352170,-111.08951630,11
KAk07Tbv0UsoY-s7RYfepg,32.22101110,-110.89559440,11
VSLgzs_x3mc7Mg8DaqsmfA,32.39360270,-110.99653520,11
mE16tq2q9kIAeI1wnPkKXQ,32.22143220,-110.83599020,11
EaOpoKLdqNwZ2q5owQ6LDA,32.31975900,-110.91893000,11
gnEyjxoBYQcP9Bz72C95YA,32.22652333,-110.96582732,11
q_fvK1U95dwKebz6JDRSxg,32.23658590,-110.87249600,11
5-C5RlquVu2JUeXXy-MGKw,32.22209890,-110.86115500,11
iLdVQodnexGgwcJYuW3mYw,32.23638420,-110.92863630,11
TWwN0AzD_GhAw9_ikBE7dQ,32.22124670,-110.88327880,11
CWiLnaLARSLI6ii9wCL4wg,32.19072019,-110.84364574,11
wo6RAA4c8I5trN331y8SIw,32.25065970,-110.96303180,11
_2Ge9Kkch69Xi9A0TvucIg,32.22418290,-110.97405650,11
8RGqaro54LVUOZpiTefWZQ,32.23666990,-110.88914880,11
t04O0_A8BTSmxQobDlHHgg,32.13731829,-110.95652808,11
hJ3LjSxb2gYuVKOHbS8duQ,32.35763231,-111.04579136,11
THoNnFJFVzzjz7hyOIQFkQ,32.22188339,-110.96562255,11
ORlO0BQgrSIjABOJlGsXMQ,32.28440218,-110.97664420,11
xHdekRjTK93GR2AgtvrtgQ,32.35735743,-111.11402796,11
VJ4Z1gN_gWK2IFQ3Id8Z2w,32.16487400,-110.96849980,11
CjJaDHMfIHqaIKvBVABAJQ,32.21944810,-110.93978960,11
4jkH3istYst8zxLxb-QVmg,32.23601400,-110.87295100,11
AbWafS5ER63t71BrzfsEmw,32.32432155,-111.04322895,11
G5kWtADcIMy5CgrjUerfnA,32.20075400,-110.90889100,11
zL7wVx6Ihf1VEb9Wi7P0bw,32.21805400,-110.98406300,11
dJPTV6ilP1FhayMIyVMN2A,32.29044900,-110.97785342,11
7PbJjm9Oeq9LqM9zKsF-8g,32.19268987,-110.85915763,11
vtR2MjFToKkclbUX5DuhlQ,32.22195651,-110.96780128,11
-xtnwq4VBA2XFobjDGz0Ww,32.22107900,-110.86799300,11
MDNXo_6wMUkbv2_W3GOW7A,32.18255347,-110.95145603,11
Tx2VhZhz6YQF3sWs06aLsQ,32.31325568,-110.97859459,11
sMouNa5qpwZ-xG4t6TyFDA,32.17233060,-111.07021500,11
buLvfcI9PDQPXI1bm7-y-w,32.25054610,-110.94286320,11
9haFlHQRUwpYzdktVq60EQ,32.22205140,-110.89538110,11
KExyi9KTXqQDdzvk-8Dm5g,32.23203660,-110.95722990,11
J6EXRXbejBgOv4SWamMEAA,32.22053146,-110.83197021,11
yIw9QbMZgwqNBsyuO5_kkQ,32.32373040,-110.97570080,11
mwhnPkUD4fsitu8vk3Y6CA,32.23556200,-110.86164300,11
XIM7DpbNlwNfbmczd8XJbQ,32.23600130,-110.82490750,11
3qsHL1xuMPlPqQciHNYkeg,32.22757957,-110.96802152,11
RmShOF-8MxNjlXATWs_2Dg,32.28860820,-110.94586690,11
hZ_79dlk51OD33bpBBajDw,32.17311328,-110.77328956,11
wW5vhwrEHrncilGva_63fQ,32.22926460,-110.96587560,11
52yHny8Tx6Z-k1QOojISSg,32.22218000,-110.87048000,10
6wzZ9FR3-bfqFz8ySgyavQ,32.22152557,-110.82215441,10
qBG3wfTzzgb1HOK2OWigaw,32.15752340,-111.00839560,10
ifyEubnOcGPm1FTVegl6nQ,32.22184631,-110.97228550,10
rrboiibHEX-2miWnheS5PA,32.23189244,-110.99003223,10
SjjrTfCxmLp0kJgy62sRAg,32.20719390,-110.95741620,10
L7J8aZmdz_DNhEwFb3QnBQ,32.25149930,-110.75645760,10
jZ1rUspubgkuZjwKJMhEEw,32.22148960,-110.85600630,10
wZqZRDkBf4IECiiALKV9PQ,32.22122883,-110.87674189,10
eVYOLoDYGbQ49dCgBSG3fg,32.22135800,-110.84000000,10
NbTNxhZXhPOPUhBFXZ1jLQ,32.35759500,-111.04630990,10
xFk-YQHQ7bkRdwEdWPlsUA,32.15085110,-110.97813180,10
UUP-DfmhHVGXMyKjzgKiSw,32.21609731,-111.05017587,10
tlmxMUrk9xRvYzH0xo1Olg,32.23587570,-110.89461810,10
pqHCY2NE8_aVl0EsDRbUtg,32.23650060,-110.92786790,10
1bTMyRgKbWK9mkOR3VSCZQ,32.22480890,-110.96532140,10
Xl8f9d7P-hFAP0Cl428aIg,32.11741990,-110.77189350,10
ZxroTGXXvt_D3KsiAsBIwg,32.24896598,-110.97156338,10
mTnp8g8vFnuJso_NK7sR4A,32.30955580,-110.89096250,10
-3-6BB10tIWNKGEF0Es2BA,32.28854030,-110.96314430,10
x3pTbsABLypwEoTdwQOmSg,32.24925400,-110.82432540,10
nWecZrhDuoS8XpSABpd6nA,32.08463300,-110.77326800,10
1vLZFm0f85DwB5jCeA7Olg,32.23651230,-110.89302550,10
4zXWqH98STstJvz1lw3X4w,32.33562360,-110.97562510,10
4MXnrz1I99c13tsv4aDkFA,32.22298900,-110.90872400,10
7Y63Pa3gQfxfI0KX2hKExA,32.23669700,-110.87122600,10
f6y6grP56Rdsx0jrdnvWeA,32.22820547,-110.93487807,10
UefZ_ShWlw3EzbJZl9mqoA,32.23520690,-110.89239490,10
UJPBWRS55qeQgOJydsewQA,32.32216261,-111.04530805,10
9xndvdKagPMWyLxDq2yDUw,32.22187620,-110.89717930,10
z2VVTgZ0aEYmxN4n6RHMJA,32.25096010,-110.89026400,10
1kKmTmnfDeycQRcYJA-5Zw,32.35411052,-111.09351262,10
Nz5eRRkTK1RGEjUlJojRQQ,32.23906880,-110.85748430,10
Y9fhmJvqKpoLuThAiLC12A,32.33710250,-111.04385180,10
FRVFSMoQ4OLVfN5yEd-qiw,32.13316680,-111.00587050,10
4QeHIdYwzBIB2HS_MB60iA,32.34989000,-110.97589720,10
zlfydjffYAIEj6vsh8tVvQ,32.24658910,-110.85146720,10
-xxPdDMPm80ogHx_hgishw,32.24314790,-110.87518470,10
wzPc5d1l0PpxQLQDhh8T2w,32.22054999,-110.82260180,10
2PvPsZ3KRFCtHbQkNHvGpg,32.25299130,-110.96055960,10
-TzFN6nWvbVRARY2B11Epg,32.28727500,-110.97768800,10
IeSD0nMKRFYUTnR5nZH1CQ,32.22182780,-110.96796910,10
535HzcJ9JTj6tCaZbA0uBA,32.22107940,-110.92757388,10
yRs15dgEYvxGatbDyeVXiA,32.22276820,-110.85758600,10
SLreQZjicOqB_7MCfJ8MdQ,32.21973500,-110.84299500,10
3BjBtmb_DRCwSx39sC2NSw,32.23583515,-110.93438073,10
68CrobDtaDP-_-aeowSG6A,32.20649121,-110.96595984,10
OjgZGDH-qJ92Enr2le7c-w,32.20772380,-110.90211000,10
dn7j1FWVxccXsL2lORqlfQ,32.24205140,-110.68407710,10
cGHRiW3ObFO1eOMUTBBM_Q,32.23556200,-110.86167160,10
E7dj-y6Mt5ESDH8PYlu5WA,32.23643300,-110.93475700,10
rGOJdLRl1KwCz_9hxeDR4A,32.22041400,-110.77422900,10
dlOTtFJbcyN1m5PR2IDxOg,32.25231100,-110.94441000,10
h0Zxv2SpGNzZGZuJAiS1yA,32.25748261,-110.80344614,10
5BKoBlat3aRv0IaaPuScBw,32.22710008,-110.96573255,10
2cpdYwMOeKQtiMDvm39nKg,32.26471100,-110.93187900,10
2QM_0ppch1uLtVC9NDcAfQ,32.23640177,-110.91478664,9
NesMl0Tiq1FsPoX2LzHkNg,32.22757770,-110.93513270,9
IJ5N0TNgDDFP0UauRmepDg,32.10437500,-110.77463100,9
W7NxQw8UYFR0HLPrI08tvw,32.25001900,-110.89092466,9
bW8D7Q1LAEehQshsaypkCg,32.23647060,-110.89309370,9
g7tezXh4u5igUZrqMSOzEQ,32.35761080,-111.04541310,9
R_Fixtghn94vKI91-dVpqg,32.25035600,-110.84485300,9
PvClAHXbI_DzGA5mmmUqAg,32.20200430,-110.90905420,9
8cUZO6oZj7sMMlU_oBaPrQ,32.29718641,-110.97275019,9
sGy67CpJctjeCWClWqonjA,32.23574099,-110.93047287,9
kuE88EeEQZLNG_GfDbib4w,32.25045570,-110.94339201,9
xde5sSqRO0Z5BiYvKgCAIg,32.26498600,-110.89309100,9
f9eWh7vqRryHRS4-H6gOlw,32.21995200,-110.85783550,9
menJOWV02gjwT-cWy4hdaQ,32.25012420,-111.00768900,9
kXvVlxBOaEBTUSMiRec9xA,32.32993590,-111.04681500,9
eTrIVMySUFERsxo2ajRaWg,32.26157800,-110.96023000,9
Qc9r_Vbrx2I4yQmvPIP_0A,32.22765430,-110.95416150,9
tuDmwyx080IEpHsV78tC5A,32.27488900,-110.87321500,9
PKJAdcPV2MA-_chPVNmhYg,32.20741240,-110.86474500,9
pabMCjMKIJOkM2qadvx6Yg,32.28721711,-110.97883840,9
Usj0t1Ts3zoTBnjhi-WA3A,32.22280635,-110.96864305,9
k_AcP_k0CqjstNNe5QrJSg,32.28729018,-110.97371157,9
cT5BTXa0RdtGw3Vazs843A,32.23638830,-110.93364250,9
HnZCbSY0Ipn8Ydg0Ii8xCg,32.23722500,-110.89364800,9
PrQdHTaZItu54ZRictQBKw,32.30791251,-110.84569749,9
0o5oz5EKbrx2xiS752weVQ,32.22067554,-110.85679792,9
E2l9h35n-BpwWpV5RVye-w,32.32438760,-111.01005800,9
vtbAuFCR8ugUaajtF_wDEQ,32.22151970,-110.80511120,9
QCPUoVbzkTAu1gkCrZlPaQ,32.25842140,-110.92715260,9
kldw3rf8_T6J2LxsetQ5UA,32.23574979,-110.92660278,9
EwWcloIMj8zflH5Dc16-nw,32.25081020,-110.95891410,9
N7BfYghq_lGzWtq0kE8IXw,32.21937100,-110.77203200,9
aXfDfldscicSTzdJBc1dcw,32.22205570,-110.87255090,9
ml3B7AlRh8D4UNehrvuBNA,32.14914460,-110.92556760,9
wPqBi698qqmn6a-ySKduaA,32.25990350,-110.79923000,9
ZCkc45yLiM93rWxroR54_Q,32.22198796,-110.91416820,9
erKdzQkHP5Ac9dYJjrkUFA,32.33591730,-110.97818380,9
5JiDLN6spnuAVrEN6csvzw,32.22184312,-110.96921426,9
JyOfFuVEGnhLdoN3K1WewQ,32.22142740,-110.80599650,9
GNo1zeiPKErB7Ww_j3IlOg,32.23108029,-110.97150360,9
OgilsqqoshPEsPYdx7GIzg,32.24944480,-110.82472990,9
oHGPTi_BMJGOuAQqhOa0Qw,32.26439760,-110.95995420,9
AdketR6jJTXBVZf1poPpSg,32.20230150,-110.95638000,9
GlayTPWmrPj8qCaaJuafdg,32.13614800,-110.96173750,9
p7tSGmWpFV246aYhwODgBg,32.23694390,-110.89296490,9
xqZ1uuzDwylGrRX9LiR-ig,32.19358630,-110.84150210,9
omeX3sbIEnyijtFRPBauXg,32.19200900,-110.96784780,9
oEGjLHfQHci0GgSDS361Hg,32.16273800,-110.91159220,9
7ZeKBOTge-pKO9hSRjFJTA,32.33841000,-111.01545480,9
rumPLvjy_ZMekZ5UBSF1ZA,32.22204490,-110.88132300,9
y3qnicZgcv9gMseetyzbFQ,32.23766518,-110.89423656,9
gwOiwfeHxBemcMV6u1dI_w,32.23749600,-110.90995300,9
b0syqzR1F-EmprvTVs23ng,32.37355950,-111.12695450,9
u19T9XKma19tc4EBzivqRA,32.15262939,-110.98818576,9
cHZ1FUswyko119EkV_9aNQ,32.25042900,-110.94352400,9
K5zbuIW7n2n9DEfubAyMNg,32.22117140,-110.89479050,9
c8kCy8ZwXaOhOgPbFLa4ow,32.23229746,-110.95763210,9
vfF68C7odKuf1yd1HLX1wQ,32.22211040,-110.89326290,9
6zxPHDdLUNhCSLSeHlCVNg,32.23653090,-110.87903690,9
RuM9hDl_E9FN5IkkJ7HPQQ,32.33890956,-111.04462912,8
AL89lQXFfE0HpbTvpxuSkA,32.35785400,-111.02553130,8
P4xS-KH7IlD-n-bQewefnA,32.25103550,-110.97278710,8
Wrkqol2_IEgb8QgRkZsSDg,32.20718500,-110.96863600,8
XX7M_vFa6ehcvkZ6WiZXuA,32.23591830,-110.82835340,8
AVBqx8FaXza6x-bb_FLOTQ,32.23298010,-110.98104230,8
wF3EdgYbUm6ARXDCzbpUEA,32.22211900,-110.86130800,8
HLh0we-7JQ322p6a7z5hAA,32.24253400,-110.93947600,8
Lhhf1jJPmpZSJjGvXabXag,32.22619110,-110.85732060,8
bkDuONiCvpgMzRPbNwfDFA,32.15530500,-110.98728600,8
9IGKHnZLa_bvzR2qS7xpuQ,32.26022700,-110.94330900,8
ePTpnoMhgB71H4uqsNLd-g,32.32227590,-110.97380880,8
ajfmcCilbPMKb_VxswIuQQ,32.23566290,-110.94593940,8
ldT9ihVk6BG6fXWd1N3ybA,32.35626602,-111.11235046,8
ewaaXBGXMGluuTGXOnTkRg,32.26093900,-110.94304800,8
w9WLlcY_mziJ6qAB6WtpsA,32.32782300,-110.85059100,8
DA5Mecz4auAhTTlFWNh33Q,32.22039820,-110.98881833,8
-yMcp7py0eWNHBUZ6sxvNg,32.22607680,-110.85733130,8
h4CPgWdrG9ejSgaAOOCEaw,32.20596149,-110.79014355,8
n3RLMOsTmgetUZqKnXi7OQ,32.15298752,-110.99012720,8
ZXhTFMADU3v3hYzXJrz6fw,32.17829370,-111.00258950,8
-iGzevsRYAi990-Lt-iMoQ,32.22604590,-110.96517200,8
lGE_dfU58hoOrNxPIwH3xg,32.20754010,-110.79115940,8
4ykhWI_bbzMg2ZXKxxSeGg,32.29442215,-110.96052551,8
lWLOAuAJ-8e0pSTYRasHhw,32.23256756,-110.95694968,8
wu2nJ5lW0tCU3VYa80i8Uw,32.22192340,-110.91027700,8
Y4Ur3avr_tGMyQaDHMUdhw,32.28324800,-110.96053600,8
62B-29mSnrzTKRC1XPxFIw,32.33778000,-111.01534000,8
qnQrX6iFDH2eZidMqF2btw,32.44178600,-110.93622100,8
8RAVcQTTGugug3nK39hZ5g,32.12026300,-110.93731400,8
p4zm3a5-Ei8wjUV_KZq23w,32.35990000,-111.09270000,8
ihyiAE-CTr7V3HCj9hcQ9A,32.25206747,-110.94350810,8
WYHGfjXEnShYBljWV8xNsA,32.22188760,-110.96932050,8
z72q87eAdpqtLVF4jOJeFA,32.24871130,-110.84973080,8
JCNd5pF0GvSARbppJlrscA,32.18662290,-111.09229900,8
ZVR6DiJBtUYPcDzedqxVdA,32.26363400,-110.94320100,8
oQYZ3j2H758y07p4RpCWug,32.26271920,-110.94462960,8
2h0D_jeKy81uZgpZGZmGPA,32.27994530,-110.95974470,8
RuLg9NNbKT13hlxqKCf9VA,32.30658100,-110.89195400,8
u2yc9zHYx8mdPPdpK0gwjQ,32.29779893,-110.97769035,8
Ro9yZrMiWVEX2fkA5C_QYw,32.33626554,-111.04631490,8
ABC7RM6MVsM1QMOX84UKiQ,32.22670200,-110.98368170,8
5hyIty7KkRfVE_1gCKbUvw,32.28313490,-110.96442490,8
JvcLVPXUj8fOJ9yuLf8HjA,32.21976280,-110.80916430,8
ssk6Q7dOtOBP-8ovssi1jw,32.11839800,-110.79867800,8
hoFiVWRR4t1wiEMq4FXWfA,32.24258000,-110.85710900,8
-1MhPXk1FglglUAmuPLIGg,32.23636080,-110.92521350,8
utJbQdm48JxR39EWnZ6k_w,32.22091031,-110.92790285,8
fzTeOVjzdCo9zQopk5mB4A,32.19991770,-110.96570560,8
UvDud4vaI7l_JlBV3E1mHg,32.30891200,-110.89077500,8
Bb5YSi_C9p4Sp6eD4ZCSVQ,32.26530373,-110.92858492,8
ma9zcqAdxJpMdeg5-UGNLw,32.21527059,-110.90861720,8
dLdvwa6Dc0ZofiWk-0KUPg,32.22783200,-110.94395900,8
-SZ-p4o6gJPOJ--HA3NKcw,32.24461740,-110.85444970,8
M9u3lvTUrM9wBUfssdOnjw,32.19284780,-110.96508120,8
PeLF6SmS6LrIztSnjiZdwg,32.22066450,-110.94465610,8
L2OJG6LNbPIMMWTUt30HZA,32.20455068,-110.84337082,8
7yoC5qtsqjBQuPyMBqSFiA,32.18566382,-110.95543158,8
Jcm-2RZWIcF0E4V6kekBsQ,32.26007560,-110.97772070,8
iwXMgCxQD0CVFg1T7y4gng,32.19442210,-110.87471040,7
KHkOgc6G_K7jUiEUv9bB6A,32.25842140,-110.92716940,7
_Sg2klmzH4JxJCrstJhStw,32.13436440,-111.00137860,7
Ec4cYLwYsRo_-xgji1hvpQ,32.19005030,-111.10076370,7
A0-S0UG8P00_T5RavArH3g,32.23520200,-110.89238280,7
0hAx_XMGnr6ElSARRfgnhw,32.23542733,-110.86075120,7
7stknIh9GW-3sUK8zhv5Ow,32.19224190,-110.96551930,7
a_oRfgkNFnulTada--P_Tg,32.20800346,-110.84151439,7
G0mFgbgH80o3IXtHymGxFA,32.25172040,-111.01215980,7
E66joroQ57qso7Hp_2vPGA,32.25669110,-110.94356830,7
_U-hsWBK2O8J3-qahtG2pA,32.22146630,-110.96794100,7
ZddEwyX5NHCcp_u7XRodBg,32.24695074,-110.85336069,7
UU9jmX08ZRU9DLI36wsKnA,32.32932400,-111.04680700,7
A-J4oCKxiwBV6xV1AGyAyA,32.15188946,-110.98881872,7
78xn3_CKYmSrexTXkbdDbA,32.35627378,-111.04639292,7
u6ymLCUNz0WQwsSIJ21BAg,32.21950616,-110.85735000,7
T_I2fxCdXDn6QdE7Qmpi9A,32.23588500,-110.89974000,7
IXv-g1iK3Hwsnxp0vT8OgA,32.29792321,-110.99692722,7
cB00fmNTuWi07IXS6kOX1Q,32.18679810,-110.95446473,7
wXOTfhYoZUow-e_mcYPusw,32.23663690,-110.86498980,7
RSrBPqSze2HJkx5DZsm7FA,32.19219420,-110.79124090,7
oIA-gfxJAM0gjb0C39d24Q,32.22176700,-110.84037500,7
SgAuIDl0-X8o2ig-n8ghTQ,32.28799300,-110.97428000,7
vd7LTCGyxHOeO8FnWVbHzw,32.22202790,-110.91585570,7
3F777YJJYthdPNrB-7MUNQ,32.35547700,-111.09237900,7
JkQz12i_Eubd_xQdLLkDxQ,32.22218840,-110.96732080,7
8fCovWo4TJKpdOJ0KCZOIg,32.23119040,-110.95883660,7
dPc04D8Wsq9XP5pjfWuJww,32.26069200,-110.94338800,7
34O0RW7K12gB_og8Xv3M3g,32.28788770,-110.97875565,7
xOrYm_QU2As1LTYhgsglmw,32.24500360,-110.85391600,7
rMk0dNHVXeUAjrGjrTnCiQ,32.28614347,-110.94245200,7
5yjHCLzwHgjKNNHgAaUC8Q,32.16372467,-110.99439300,7
2BeLHWA5CVN9TiiVkVVxQg,32.13439889,-111.02563363,7
eZ_05oNWZzB-jCcbiVHtkQ,32.23005580,-110.98840860,7
FR1SxQH_3ucer5lxyr2z1g,32.31617970,-110.97725500,7
sOjbtBWo-m6rpjHv4tA_oQ,32.29738300,-110.82366900,7
ffWAJ4AB1quOaHfBrqXyOA,32.25806400,-110.79654330,7
gMlR5k7ihQLqR4PRCIG94A,32.22073904,-110.87627006,7
jLnIvbbXUg4s7CP9G-Whvw,32.27524070,-110.87330790,7
yl0yqngQGbW2hPmf5L427g,32.25034200,-111.01143390,7
lPbfldf06Ndb09CAXSPdWQ,32.20884060,-110.79030960,7
KWKKnD3dSoY8hjJPbIlC4g,32.34437070,-111.01337500,7
su8yXzu6GRe1dW6Pt_VMGQ,32.22098740,-110.96740180,7
aq26RY75PlTNsviW6wUC9A,32.22059976,-110.83797147,7
jMv-WdnEcOP0DD1ltm0xiw,32.22397353,-110.96541352,7
71rmc6h_EMr8gIBzRW6MVA,32.22363910,-110.96284160,7
cwERkpnPopn589ugym6ucg,32.23153629,-110.95924359,7
wLybne33jvVt6rs9ji8bww,32.27290390,-110.99308900,7
a7ZmzKZRhVjKaJBZ7zIGzg,32.23540370,-110.92559680,7
9Ue0NTSsStu85mxuv-qMtQ,32.22160290,-110.96617130,7
WXX2EtysiTsZd7pzijpb0g,32.12355640,-110.93411910,7
sSp55hOb7AKigimgzbCMUg,32.22058320,-110.84023580,7
C26YgKWFVsW1MM-n7UJnIw,32.20648810,-110.87813150,7
hTEuZm7Y3-Qg-5gkxSmfnA,32.25037960,-110.85179940,7
3YERGr7UbpSpddqL0Eiu5g,32.33701250,-111.05421410,7
1zKE9mjLqM1c7G6lxByrMA,32.22001670,-110.85841190,7
Iv3xPoN_PE_09HdSnL5oEQ,32.13135600,-111.08687100,7
kH0lPM3DO51Pk4JaTRXlgQ,32.27301017,-110.94607998,7
4bIWYWFu2OobvS2gz4Lx0g,32.27946660,-110.97865660,7
5Z_KrsEQsPE0ibKwhYn3ZQ,32.21556055,-111.05074883,7
Sor7dBOkySrNwaX2IISXHg,32.35394890,-111.09207960,7
uHl5Eho9P0NPTnH4tKtN3w,32.29375720,-110.97138720,7
FjRH6l8aQOmfXuo00lheLA,32.22087050,-110.89532020,7
OYapFiLl0Py57ngEsw_74g,32.25023895,-110.84483202,7
sOpbk-KjEVVj4p0BpqaQEw,32.22256670,-110.86600230,7
uGxOBvg1lsLuTG1Cn2w0vw,32.20656500,-110.81479190,7
gb2o3JdGgQh2-Fi-tBexNw,32.12376563,-110.93576889,7
Fn31PTvK30eyiXWFPm0ziw,32.22714530,-110.94311980,7
MbgRp2-3vkr8-td9DKxYzQ,32.25010300,-110.96010700,7
A93_XS0xZu1OtfQPTIJeqw,32.27404087,-110.87304246,7
33lNGXDtGs83e_F1n5Ws5w,32.23578400,-110.89695600,7
OSfJufsdaYaLsBZu_HKzXA,32.25115520,-110.88765620,7
Qd5FpQhQCQ-OFWATqfcxGw,32.33140100,-111.04692900,6
Ph3JMW-vFSA0-qbhywD38A,32.16373830,-110.93971980,6
AEOd0wRdjeLIXb1usSp9hg,32.26368030,-110.94316590,6
qQeJ6nHr8LaBMp2NTpzJfA,32.19201840,-110.96781850,6
7L1kXfwU5XM6f6Jxo_L7Yg,32.26140290,-110.94409730,6
9Wq455RePLf5wbp4C4noQA,32.25519030,-110.94428360,6
L4f7DvOdzkqPlltqmwL0Rg,32.22255916,-110.97014178,6
_uvTdEAVbPVch8ESDnvbuA,32.22621350,-110.96547170,6
K6ORcbEU1vpC0E7F3qes3Q,32.21786957,-110.98464636,6
ak7Rmz3Mu48qfqnw4ExiTA,32.23135720,-110.95762570,6
57Vny0AxGdEQBETfd7xU4A,32.17743170,-110.91853090,6
TLGDPigfdHy_MXpgSCCPjg,32.29172710,-110.97924780,6
whi0nRqdeKE8FGuIzdkYvQ,32.32416570,-110.97332480,6
h6kRhmy42Wxqp5i62S-log,32.23682050,-110.87929760,6
avcOkMsnFse9D-DpIimYkA,32.21669065,-110.85834861,6
N7TdIA1ASyihh-H24IxW1A,32.23696590,-110.95702030,6
cUz09fpK2NcPfWf8UPF17g,32.22090630,-110.87800480,6
jmvXDF2iEQ4XN-IsgcuHCQ,32.20735200,-110.85976080,6
tEn81PGPbEUpp2dja3iQqg,32.26441800,-110.92608900,6
r17L7AdFR4A9BUoWzv2POw,32.25812634,-110.79703011,6
ZxymmM8SI80x0VxpW8h9ZQ,32.11482180,-110.77170720,6
yxdlOUl-WGEDTah-zRlpYg,32.33844757,-111.01331329,6
X_87Bx1bAwGPjPmSuiHWHQ,32.20404650,-110.90998450,6
tBYALYU80-RzhJufLqnvqg,32.21866948,-110.87589442,6
feqbxrWjGkDCFGzbU2d7pg,32.22141292,-110.79059668,6
5kG1tlS5odFZtf-DEnuhkw,32.29795300,-110.97906700,6
WJt9S8nSfrl4BQR0Q8fV3g,32.33899310,-110.92682010,6
RJbyMgFji5uRn0-lkLLing,32.32424386,-110.97401619,6
VVOkcSdoXFB6ku-TcuTdfA,32.12778280,-110.87652650,6
rNY5xg0FZSBopfmi-QZ_NA,32.22175630,-110.94211810,6
goLd9V10BdEHTxRK8OD7Zw,32.21986083,-110.86551837,6
ERl6OCSEIFBOqfjai_jIUg,32.25642000,-110.97746000,6
WbTiuVb5Vlid6AQAW_uRmA,32.13369670,-110.92335070,6
kxsXFTtfIPWRRt4-ydfzKg,32.24251375,-110.93949215,6
SGqFldAEiAl0EcCmpRNJVQ,32.26411290,-110.94481240,6
RQBwDVWNCyhhsLcyD6rkMg,32.21805900,-110.98439200,6
qMpAph0MX2nrjCMdEgRTxw,32.22184200,-110.96953270,6
iJeBfnpFdxuzN_3MnIJ1Mg,32.22934600,-110.99625130,6
C5nrwVSF4eef4aLqclDQPw,32.23643610,-110.90181280,6
6a8njsXZpxSOl_aHId5iUQ,32.23716870,-110.85892410,6
9DktrQEiPtNVFC3MF2xOqg,32.13470580,-110.92425880,6
jW63U-oCMlVoNZarheItpA,32.33219160,-111.04676056,6
6PeAzc06qTMPoySLvh7JQQ,32.35912301,-111.08287886,6
0fljOXjGVxPHAC_1dAIM_w,32.24934837,-110.82480305,6
BN3LFoIi1AFQ4IZhvrMXsw,32.23149910,-110.96586860,6
C1KDzYfbw10CNpHAsckv8Q,32.28815900,-110.96187050,6
imVOC0u_b8zWJspgfK2VTw,32.25785800,-110.94326400,6
sczJMRhzdeHXi80lRlrGMQ,32.26481590,-110.89308790,6
8XSW4uA85WqHdQlRirWkQg,32.24139200,-110.90948490,6
n7Zfx_oB_NjLTQZ2z5KhmQ,32.20613480,-110.84310150,6
6BZ1gasOkF1mNfmUxfYqhA,32.28731550,-110.94449220,6
nyZHusbhW8JVonF5I5kJ0w,32.08571253,-110.77350347,6
1ROHLAfputpAhqVmCiclnw,32.16414000,-110.98317000,6
AT6UYfUBqYQJ-fuGdu-zMg,32.20691180,-110.83962230,6
rzNrrKytTCeu7bbdwcsl7A,32.34002790,-110.97653270,6
XYFu64UPMMfoOlGTz3J4fw,32.30642300,-111.01141470,6
VqBFrv6StMLgZmO_nCtk4A,32.35733330,-111.09275310,6
PtgpBXbgBiBwEbaGHqjY3A,32.28527390,-110.97883840,6
oF1UsRAffQ5c7cw-1AUvew,32.23569400,-110.92025520,6
OrLqnphSlRQlTscTilVIag,32.17484040,-110.97729970,6
Ktfl6gzqp4kWBYCpa2r35g,32.22223000,-110.97005800,6
pXcCvfcVWLRTFiicHaMx-w,32.22196054,-110.86048410,6
MUOCeTGhL5llXe8GAuqOMA,32.22310130,-110.97129020,6
W7bCZ-AVqO5Uyd9uhObVCg,32.23630190,-110.96749910,6
r48rmDbebDPE0uLmbG-qew,32.25022480,-110.84482300,6
xdy61kO_r5p6Zw30dsZ-ng,32.25219975,-110.94367504,6
QCRLjou6Q_jclARDz0ss5A,32.22807860,-110.96545620,6
pSl8qRwaDYvVWDWbaOuLcg,32.25011750,-110.93210570,6
DuDSt3THo7_jPkad-eZffg,32.22126230,-110.88202530,6
1NpJcoks6ZtGKcE4Om_2Ig,32.35717399,-111.04582056,6
04UWD_QOyfn-NxcQ04M0-g,32.13435000,-110.99975200,6
Dun6k9Y5j76e9ODgkmHKlQ,32.25011090,-110.85501000,6
MKZGpp7p4p3VARBVADHsug,32.13313300,-111.00842400,6
u5FV7F0Hjk6W-NGvxWqPRg,32.15896275,-110.92441477,6
EnDHVLG5QgiB1ZaPVAPpLg,32.19079470,-110.84143840,6
uB0XXol1OqcaJJzi40L5iw,32.25115520,-110.88765620,6
cxZTcJUHXRbDpJZUZsYTfA,32.22718050,-110.96580410,6
9zOvOmU2O6WDmhbwrc-QmQ,32.25012540,-111.00767830,6
zVoWa5Nyr-3ldd5ecmPuKQ,32.19256380,-110.82712800,6
qvlcna5bw8Y2C3s1LaFoXw,32.23573400,-110.92029100,6
l298Q2w2R_juyuQDaNvXsg,32.33667460,-111.01516370,6
urWi4bSRI9Bfg3AFXECE9g,32.22951910,-110.96549290,6
1nNYcxl_ItIZ61pO2ruNaA,32.25422880,-110.96051030,6
MSKQTsQvBKfLRtkni9icSA,32.24980380,-110.92655720,6
KVT4RFTRVjSS3zuZ1bmiAA,32.20413300,-110.87561400,6
XQd5ioq6ovjK5SWMJir-fQ,32.27467800,-110.87376000,6
7fWyjBkumemvmAZszZJfKg,32.28607910,-110.97715500,6
f44pSEoqD2vgoOpnp5jUZw,32.36080890,-111.09415700,6
entUQVUKfv521CiqEWYWlA,32.26269500,-110.94352200,6
z0RrXXMvLyncxFmtxegK1Q,32.22810480,-110.93518700,6
-biTJUlMpAKAzROzhbuOEw,32.34944820,-110.97444166,6
KDC4yE8av8-A5TxgmjjUiw,32.29650670,-110.98018900,6
rdtMeOwRcXw4mJVxiBQ_IQ,32.32457493,-111.04327380,6
Z_FtI-OLtbwznGqteCXGfQ,32.22830100,-110.99686200,6
Q83JhbXmv7rtAtZs2QZ0sw,32.27250700,-110.94566000,6
C3GTGVvlJ0DhPxMTxCI3lQ,32.16363030,-110.91621410,6
xHm8DE6x8Qrn_hI6hDlVBw,32.22048394,-110.83996085,6
WBbHaxP600hEN02-UDtHmA,32.31286400,-110.91215990,5
BBoJgbrV80kJv7YIZR5AVg,32.26449310,-110.97175970,5
J_w5J7dgRpyB4GFiBJIDIg,32.23640900,-110.93131400,5
g8HYTbqDXLq2oUvbD7wuQA,32.29719250,-110.82406110,5
ygS0u9G_VUeV0nF-iVDRQg,32.27181190,-110.99804880,5
1c93YzZL5pke1sJCFndPGw,32.22199260,-110.96740210,5
iVNUimtmS4xM147KZDPTDQ,32.22490104,-110.96573391,5
6okGf-6HAN8nkRxA8ihImw,32.16526400,-110.98205400,5
-4jxTEaNONDDsC0Xzzp1UQ,32.22264873,-110.97221557,5
0mkWBczOhKj1QUkQvG86lQ,32.18638600,-110.95561700,5
g9DDXMuDwaW-GtD2f6xl6A,32.20733900,-110.86156350,5
2q8iaxBfJdSq3SLCi5NAsg,32.28531870,-110.94335220,5
bJDtdMQQ-eSnQk_UjBMxaQ,32.22224900,-110.90987800,5
g4NSr9I8ZWGPTwki5q0ArA,32.23203960,-110.95722990,5
5yqiZtVddseUZKIWe4t-eA,32.25740600,-110.80453190,5
FjkUYxtGoltrEMgkjsc-UA,32.26113200,-110.89277600,5
NvaLV6FYt0bax2iKvuYYZQ,32.22200410,-110.87161370,5
DX-i7boV3bLP5ktKU-FA-w,32.23487460,-110.97199280,5
D6N2WHxTqrqdnwsomJSFRg,32.22775700,-110.95619040,5
jveMZyfhkSaf4-EdMdZ_rg,32.22108180,-110.87349920,5
5z7N0Ih926XkkRW5-ZljuA,32.23146200,-110.95724500,5
UJUraEuWH601zrr498rf-Q,32.25120022,-110.83761970,5
gSj1MMZGIVbx6tNRRUoYxw,32.08499880,-110.77341810,5
0bLvKEwQaFYovyfpZ0HdJA,32.25799600,-110.94347500,5
gXQp2-KFOLkFr5JoDa3_9A,32.27224412,-110.98747101,5
o-OcJo7rEJcZ6xTdJWz8KQ,32.26394911,-110.94434191,5
nXUfI8_N0cSh5rlYjaOx4g,32.19831013,-110.87450992,5
EAZT4FpI9pLxbDXvL8Dthg,32.22051960,-110.82239780,5
vOhHc9nR2S6ptKFV1OvtYg,32.21988493,-110.80380084,5
rmmsGytKxZPQjbtb0DfE-A,32.50089590,-110.92556280,5
sG3z318dPnG7zyujS_eqKQ,32.23641320,-110.92784730,5
ljBjU43MhcFgoJsH9Xcj7w,32.32499182,-110.92895508,5
6C0LmxksLA8AU_CS2ezlFA,32.16489147,-110.98671040,5
Wp9D-r8Ap1Fv0IIM0zGfoQ,32.22603860,-110.85738740,5
5zvzRSpiHd4p30idGRaomQ,32.24963350,-110.87404275,5
yGvaIruh-JIm8FFZLCWoYg,32.29580800,-110.97166690,5
YzZBuoFke7eO-FjZzML2BQ,32.27248400,-110.96017700,5
OeciLH3te4NiWtI-uu7q3A,32.31328300,-110.97874600,5
EhFJgjgn9Kzo_gu03DVkRg,32.28805648,-110.96248420,5
u2SO_waqiX4tbfPEB47O8Q,32.27392581,-110.87313294,5
Nz0AJVskEAlMVgF2HMhFRw,32.30740710,-110.84588190,5
vPJ_ggSczt2vS6DUZ0B-Ag,32.33542391,-111.04732314,5
zbhID412Pg3zXd_t3mswpg,32.12025440,-110.93730800,5
QFwWERpeo3kESm-wX0j2kw,32.13416170,-111.03584150,5
GvmLqW2tMkQ7F2hhOB8vSw,32.18592900,-111.09170600,5
iKLhnstKcsUILIaOHwhJ8Q,32.19824210,-110.87454740,5
WCdRXckP-dyr8IbbWzMCoA,32.20689655,-110.84057181,5
iGMS1iM71HLrZN3V_kqd2g,32.23661560,-110.90642310,5
qQmIem0AM35BZzv1to9sww,32.22708260,-110.96573300,5
J-Gfo-YKtgFPSgCBZbT88Q,32.16248870,-110.99023070,5
HJ59vXwm0gsS-w6lY9MEXA,32.22205481,-110.87964918,5
uBv7xHdxbl7n4lKs5hvs7w,32.22137540,-110.80944780,5
2VPX222bhizLlWZrLQL3PQ,32.22266600,-110.97013240,5
r5TrH8oLwfUcniIwf1m7sQ,32.40834650,-110.94453970,5
qAH1Hx1grijJae6CuwB9UQ,32.25938110,-110.79936640,5
gp7Po29ivBTKHZAgn_Hilg,32.19919932,-110.99619371,5
yb6FghuECyG9qR1pgrVQ1w,32.20195390,-110.87561840,5
kbLMftopyrdxcoKytiCRIg,32.22203400,-110.87291750,5
UKImUPq5l6yHn_JO8DQZng,32.19951560,-110.90751740,5
YjUWPpI6HXG530lwP-fb2A,32.20723260,-110.98086390,5
eaNouTpxnIu7M80xdeLxFw,32.20650440,-110.86891690,5
wK0st2QWGin3shaIYHG0Xg,32.23153900,-110.95687000,5
pWqln9L6Bn59V4pTldGaqg,32.30720530,-110.89305800,5
xUqf_EDFe7ydQfiJtJ23Aw,32.29726949,-110.97325712,5
LLx6iXXDWz205YXs6Puzdg,32.26572953,-110.94336055,5
xBX7R-j9wjlrAQamSNIvew,32.13450130,-110.93195940,5
4_aTe0pDy0QDvLmwrARA9w,32.30547931,-110.84455367,5
QYMYtbOAfauqobOvC04gMA,32.23094490,-110.98938660,5
JCX4onyDxlYucChUTq9_lQ,32.28351140,-110.94433520,5
rePMk8vWD1fFrg3WoQ_DKA,32.26025700,-110.79962400,5
Y70T1eClNnw_PlBkr1IHqg,32.13426760,-110.99985020,5
lncA5hFwOC9Wv2UXmPbJwg,32.19016820,-110.85631640,5
Wcf04Kz9HGlOKazulJ2Jcg,32.35982000,-111.08498000,5
sfGRh_34UxSfz221oTqDhw,32.24872530,-110.85748060,5
vgAiij5tNRpdR9yPd6w2mg,32.23579463,-110.93468574,5
Ub8NRwZrsDC4thMrJrR7FA,32.22747800,-110.94335900,5
QsSA6MC9-CoElSrXPDrIKA,32.16393280,-110.98973410,5
wriQUBAbLgkM9LuYyVDNkw,32.22035250,-110.84222320,5
3Yr-zJORfOhHakvRY7Neag,32.33577950,-110.97758140,5
eR44gUajtqCnVECnjh7Ynw,32.25100550,-110.91263529,5
mvXtwW5Cj7u_CRaHQpTghg,32.20588140,-110.78865660,5
HqPFoCfaL63O5S7AbcXckw,32.36279200,-111.12102400,5
VwADinB-DonoikE35VtkCA,32.23609983,-110.96967813,5
I8mJJrbXmuYSDA0-hoy02g,32.28979040,-110.97880810,5
5vsP48OLdoHm_EFYyUbbRg,32.33846840,-111.06450610,5
kMlSBzyq8uX1UfyhlGowRg,32.20303650,-110.96591060,5
1K8J5QojWy1GDuOXpQPEDw,32.22128430,-110.83996550,5
70HV0S-FL7oaiSIN5Iwg-A,32.20648760,-110.93059220,5
XwDII8-8d0GGJBqG840KsA,32.23170800,-110.95936630,5
LUs6ltKjOl23WpEpHA3NQA,32.26418430,-110.94491870,5
Z75xSO_6mKuuPpRHE-GjHg,32.32911710,-111.04685570,5
oe_mNXHcqx_NTKL6YCfw4A,32.22395400,-110.97340600,5
SNyokPrViMBVOqRNWnAwSA,32.25123700,-110.82337000,5
2PmIhlF_5BHcRsVZsCtM0w,32.27875530,-110.99448610,5
D7z_V6E8cxXghSRcHAmUPg,32.14947300,-110.97818640,5
jaQWH_VQSXbjEDePWWJgOg,32.24986903,-110.84630340,5
l0wDfeiBX22Yrv9p1Z31ng,32.25033980,-110.89782920,5
dkEgU5UNNed9Rhn91Whuhw,32.49288790,-110.92454780,5
-dlxDNFu_gRiUlfTInvrkA,32.49907800,-110.92534300,5
3xRzdVJNbUCZcqfJdi5g0Q,32.20200430,-110.90905420,5
rLdLw5oYno4bTLJXjOieLA,32.28623470,-110.94245200,5
YmVueFcpVEFdGfJyT7rvtQ,32.15617000,-110.97790000,5
gowa-c0fpgvosQnRWF9V3g,32.23189200,-110.95730600,5
ZGCbGANEWt187yUBSJWLyg,32.22903000,-110.99199400,5
QOc3pCNWs8Z7o-w4bgY6AQ,32.23689830,-110.85729430,5
OIGWeqqmbLUkbs2GmJSuvA,32.33825500,-111.02847700,5
GMsGB-hppzbYWyCYIM8xvA,32.35655440,-111.09525460,5
nKwlg5V7tmNyYP-BDrDu2w,32.32200270,-110.92861150,5
jMStvE-tQzSpRCAO0nAE6g,32.16731100,-110.98642200,5
20m52kISMU-pXPGDIuez2Q,32.38573292,-110.95665693,5
L264ryISA13SRLasBDXmHg,32.33715060,-111.05570400,5
YG1fT80sd9swV0oe1gPh7A,32.26079930,-110.98057510,5
VXh9So-7ZyLot5wjXkTanA,32.32151500,-110.93061600,5
u_xQZVeqwNdIOrGuvC32mQ,32.33663087,-110.97888250,5
xqv8d9Hbol0uPqISSLIchw,32.22146707,-110.82558633,5
9C2rpb56aQvW0ViZHK9sPw,32.20631500,-110.88784300,5
n9kqlp48MzXB--LKoRjQhA,32.29715394,-110.82453933,5
Ocp5q7JgqoK4hmfotLc4JQ,32.23479300,-110.89290400,5
zchGzLqXeR2pbZg58T1-tw,32.26411700,-110.94442400,5
AnAd5vrCkSn-1yksfDegNw,32.22063740,-110.96853160,5
tXRCYqfLolcaY5E2tcrXxg,32.24500360,-110.85391600,5
7rv0s0PrtFqRWEAIJ076Mw,32.13318250,-111.03134730,5
paf9A2QkCjTCV-e_TT44Mg,32.22119300,-110.88389200,5
5ZUDiqevPIRvCjM6nj3kaw,32.35608758,-111.09519739,5
VzbjB_UVsEFpuJ_pYeM9Rw,32.23712660,-110.85889000,5
6ud6RVcQvkOMh3i-di7eKw,32.48352390,-110.92041080,5
PQLgzcngJCGQOb32fcz94g,32.33875500,-111.05385210,5
I0053JmJ5DEFUWSJ8pikhA,32.20652560,-110.89915840,4
Sw8uw0pmocFqzBhq0AP5Bw,32.25334100,-110.97256600,4
Qb04abWbrqByq5v7ksW-KQ,32.22209584,-110.97105503,4
zdXhmcOnxlqloE6Y_O8Fpg,32.27251760,-110.98945650,4
EAunddVzxTogbXoVtJ9cMg,32.22857170,-110.99731716,4
Aqg8j5b3LmAal6GiyynCtQ,32.27859800,-110.98000270,4
0OVhJp8cS3fWFLa35SESOQ,32.25969580,-110.89247320,4
7if_7p5BRYEyMAV1RjD06w,32.21673670,-110.97313360,4
faa2RBePTY293f2Wd5mCvw,32.22005259,-110.98537138,4
hGLoVhBi6hcB49IQtDjYZg,32.37584733,-111.10100000,4
B73uHrYlkCNOIS6JwGBqYg,32.22121520,-110.96721940,4
pPczmG8ZLUqZ4CD0IJiVVQ,32.32811400,-111.04677100,4
uDJQxGBC--6knbNVT58naA,32.25122170,-110.82278000,4
PidQU5-thi2TXbJiFdxvgQ,32.22343880,-110.82339200,4
CaNeDiBEyQyQgo_MGOMMqg,32.22310600,-110.97128500,4
gw3EEsP4q6rZEJoTmxg0tQ,32.29717690,-110.97279890,4
RHhhGUVX7QKLxEEFL3OEWg,32.23545541,-110.89659691,4
AhjA27jLtnm30f3YxI8hKg,32.26368030,-110.94316620,4
RFWr4uwiVlttlw9MkfDyNg,32.26567100,-110.89372900,4
6V8DwSReNWuwGkQo7hJ_jQ,32.35445590,-111.09228730,4
V5wqGto1Lyv_CUdoRsfCwA,32.22193360,-110.96775200,4
JRgjDdPh-8t2jbxuDMuKqw,32.28610990,-110.97555190,4
j0rlSVLbW1vCnMtfFsGmYQ,32.22198940,-110.91634210,4
q9SbiQ42KZ7yvEYZhYlttA,32.24516150,-110.85715890,4
NHUKQ8XbbVt4Nhy7oUeGpA,32.23698660,-110.85319100,4
hT75tz6JXdh23CB5EWtCmg,32.22148660,-110.89722840,4
QFbKCvNM-RDAXgneleHG2A,32.29789630,-110.97968530,4
dreCjzKBp6ZEJTwpL3pQOQ,32.19078930,-110.85738740,4
KDVAIeGPm1aEddky6j41Qw,32.23725570,-110.89663180,4
XfTvMEWlfF4NrS3r1lvHxQ,32.20300260,-110.90891450,4
g0OWissnXQgRJVJGYv1mfQ,32.33835640,-110.97669620,4
xyt8FfA4idSSMLIRQsDPGg,32.23591480,-110.88448410,4
QS6fgF1QGHC9lABq8S395w,32.23152300,-110.95908700,4
AeYR578gDQUm8qzeMnj3AA,32.20390790,-110.96513374,4
0-BLZd37lMUODMuYAtKgkA,32.13128870,-111.08683830,4
WUH4XuoSwzaFABouEr8lxA,32.23588586,-110.87650500,4
WXLpEC9h4tlI57Wy26cdrw,32.28341620,-110.94434620,4
dEyUSBypFJ-hnup6NsG2ew,32.27382100,-110.94443360,4
N1K0uvE1dCoVD1Ekv64P4g,32.26052510,-110.94381760,4
x83J5JvK8BxYd3vs9gAPqQ,32.22196310,-110.96927404,4
f2KFAhVWZmFm63liyG8rVw,32.22621850,-110.96556440,4
OVKPUDmoS8me5BehMg-n8g,32.16321400,-110.97750750,4
nLZh_-z9cMpCxSIumEXwrg,32.23591727,-110.90797659,4
58mmFQ8vSPKMbd7J7aUJuQ,32.22196966,-110.87464416,4
03n4m60mWxQyNaSilKlEkg,32.23586130,-110.88264240,4
pErP_K7XiSUjr-xmnxTokA,32.32247070,-110.92907520,4
aOkMeTvFzjQCQVZfnXOm-w,32.33784334,-111.02997109,4
Trn2Ff9KuJMMs0csCCjiwg,32.11483270,-110.77169180,4
xq7g2AzTzVLCv72NtnCEWA,32.28913651,-110.97571906,4
n9mvAPvzNjEE3qmly4vOLg,32.24285900,-110.87726500,4
_umVyfHrU42z4Mak-ixCmA,32.08864944,-110.77471667,4
I32gAKYbnzS4GRnV9C4o2g,32.24500551,-110.85394908,4
3qQrTrtfQlW6n5FoDcTjyQ,32.25011150,-110.85545320,4
ynQQJ68ZaK9hBAh13rQdrg,32.33884590,-111.04637730,4
tXNMdlULhCAh7MQHFlSe9Q,32.22121180,-110.87117130,4
Pr5TeLRBEc59FlRF_Rc7Vw,32.16160020,-110.94388770,4
fsN_2_fPp3b6W9RFpHAKjg,32.27340900,-110.94538400,4
kz28R2_dTlUfT4Wb9A6qDw,32.23637800,-110.86959600,4
hEZcDQnUywPRyEEo9QdH9Q,32.25145710,-110.88909980,4
KCYkj-4js1n30ZfB3Yf09w,32.21841117,-110.86522314,4
sn0lYpS47kOlFBBVi4KqNw,32.08938510,-110.77354170,4
Z56KCCG4wRBy0zAafFaltA,32.22723200,-110.96572500,4
pQsozCPdn90Dq9JU9PNzsQ,32.20007226,-110.95654093,4
O-J8l_KT4lulqnK4DIIj3w,32.19241010,-110.95627050,4
WLiqfxv_GhFFA5sm878a2w,32.19039530,-110.79151380,4
W55GtTcl8tv564IZ1tk8vw,32.19241183,-110.83811378,4
wBS-_MTeOaJKsfAy-Ts6pg,32.08931939,-110.77441595,4
L9oNuIKaKUs4uoZttm1GZg,32.22056758,-110.85532978,4
yn3LyBnfDlj7b2ZkVo-bXA,32.32311500,-110.92741400,4
me9sSgNho9LSMfQ1RIR-Ig,32.24119030,-110.85845440,4
RuWRIZ_QEc1y1lfQdmb7fg,32.28443040,-110.97675840,4
zkrEIgrkGylMek2-dUZgZg,32.32069800,-111.04515000,4
Bn89wzlM7Yx0hWWm4sWjKw,32.20646920,-110.87761700,4
nceIvptHjFjHYP9chl6Ziw,32.13104100,-111.08665000,4
SOcYuL35HYCzUQu_Iyje8w,32.25197770,-110.97229530,4
uvtDcAEXnTLE2SaTxqrKww,32.33901000,-111.02926130,4
YFmI-4ohcMPB-vW4qc9Wjg,32.27391240,-110.87302540,4
IlAvhYscM3UyY5hzBPBlUA,32.49906850,-110.92613830,4
OM8yFn9ljdKMlFI9pvvjiw,32.23589960,-110.83872370,4
n15FxktkJgkdIrkgZllEfQ,32.08638000,-110.77477000,4
kfkhc8PaFdbk8aQ9suZIfw,32.23252637,-110.95831051,4
JdRif0EsffmaINwx2VKZkw,32.08512522,-110.77295009,4
XM3ZCy6mhG9y9FZPIjOHlA,32.38262200,-111.04789200,4
LDkD5R5N7CG9yCD0YSLMZA,32.19308376,-110.78921917,4
2tAi411srrpmMofeAKdACw,32.36268900,-111.12075300,4
SfQVDenCq9MneTIul9gZhA,32.13363774,-110.97574080,4
vC2vhaJmX1RpExoHcPOb_A,32.25094000,-110.99886380,4
6ZDTBwyQqFrXFK0shwJRqA,32.22136026,-110.81329564,4
oeAigE_xcBijYrULNuqvEw,32.20590239,-110.82107691,4
BeoltbGxYneBCWGS5_0FSg,32.17893290,-110.91839120,4
xjKYMg7ePgUQ9qarvJgpiA,32.28886800,-110.97370000,4
kcz1aULlfllI85LwjtiSSw,32.23678214,-110.87504274,4
MSWlI7Qvu_xzL4lF5Yt-Hw,32.34797320,-110.97641680,4
J0QQMuZkr7ee5ih1H19QsA,32.22204400,-110.86964820,4
5guS25GDbxMEnsw_ZD7umA,32.13369620,-110.92238300,4
KJibkIOx_vZxq1ZHhtLTCg,32.25025200,-111.00919300,4
pu_9yoGDdDVn_QWjZhBkfg,32.23629580,-110.95777040,4
zWnIqm5LrKXZQY0VfbZXhg,32.13414180,-111.03048755,4
zh0uAkKDQhcxcNox9k7WmA,32.26430930,-110.96144450,4
K-dohRQcOpaIH5YuFGgbMQ,32.28123020,-110.97869260,4
p3XlbP2aZa-NBRqJ4p3KLw,32.26413650,-110.94493550,4
6N9T23_iXkcOCh6boAXpIg,32.32207080,-110.92873460,4
FosMoRf6vWCVt5BRoZELQA,32.32450593,-110.93185488,4
8lfRMOaf-DKRCHWsP6Y8PA,32.23192171,-110.95746182,4
Oby2Phs5qCX4O3VVp37gpA,32.36001900,-111.08552500,4
XRTd7lNHKKioXI1A9Qls0w,32.31721140,-110.97521040,4
Ul3hhOASszHUVxeN95XVNQ,32.34013010,-111.01546873,4
acLymxN18Y83rxKbmaCm4Q,32.25014770,-110.91587770,4
i-UEoW3vydNs2WVEvyyp4Q,32.25726840,-110.79776190,4
haYikT8axUlLyNS7k-osng,32.25085700,-110.95991800,4
f3taltnXNqeu2N8ld7-mvg,32.26421000,-110.94482000,4
h7wpU50JpFK2nhBwgmUXYw,32.20712522,-110.93500049,4
sF6sFWizSzsXCquOFA4wTg,32.20644140,-110.98100390,4
E2V119PbWj8qB_ma-AQBhg,32.22256400,-110.82552700,4
_CAtatmn5FKtMFXcyQyWdQ,32.13457156,-110.92579908,4
LzRRTx-b_LJGnP_eiowvhg,32.20662520,-110.96521660,4
c7EvqF6PiwPwdDJF734Q0A,32.24941600,-110.89120600,4
SVXW9ufki_0JSFvS1hApwg,32.22026620,-110.86550520,4
pciiiaOrxsuruqVVH2YQsg,32.39786961,-110.95832382,4
KyxAss4DMrT_GMzcOLE2yg,32.25669880,-110.94351520,4
nGQ9pZpBBKewmSNo4nw5lA,32.14950922,-111.02811150,4
KYKoLLnvP8KQKrC7060prw,32.27288850,-110.92612160,4
0VQPAz7GysqVFgARfjmQrQ,32.37291180,-111.13615970,4
lqprvV6sAcDImpIUaTn6eg,32.33884590,-111.04637730,4
mmSdrb5S0emz3q4kWcIXzA,32.20660790,-110.90575380,4
GEdrmeb5ubO2Gq5MgMxDtQ,32.23568300,-110.91017300,4
qYtNHlcMnyu-xs65g9EgYA,32.15881040,-110.99046270,4
IdVYkCOjBhwli2LtS8rXIw,32.22921980,-110.88432530,4
E7o4aotajsAT0DzB66skyg,32.19826670,-110.87453460,4
KTsxmvnUT3fzOlshZbI27A,32.28698670,-110.96356340,4
9r-sVEHe8BQn518XgJvzPA,32.18600845,-110.94395447,4
wqohggEOO8Ul4GMWQmIW4Q,32.17624248,-110.96799731,4
iY3fw3ouBAqglzpjVqQ3DQ,32.23594290,-110.83820210,4
DaBATIXMTo3kqt00rCc9Tg,32.25749600,-110.80396600,4
v1MPaMh9QVv_dM8uObIjHQ,32.15531840,-110.97807000,4
5CkChCJlWcvOIzrZvUYn4Q,32.34048376,-110.96645271,4
yknrZPcoy2mvZKJPiVKKZg,32.28247000,-110.97890000,4
bc3K8KvLkLNu_XU3RkeeeA,32.26093300,-110.89182600,4
MsyU6whjANQJScSEYZjvYA,32.18692780,-111.09231060,4
X1oJuhLy8JxzmXkWLCqW6g,32.23641250,-110.93123750,4
RIQ5ALCz1-oi98ViCO7kgQ,32.22240940,-110.82512070,4
Dhu2JeOO0NKIp1A50YkMkA,32.22282400,-110.88863600,4
oe2CHa8vyTL49e2O2Pzf6Q,32.22095160,-110.95751360,4
86Mpp2Xlzasg-ntc2fNw7Q,32.22630290,-110.96610140,4
Cb2EBdElxGV2xXY4zr-3mQ,32.33811660,-111.03845805,4
VFtJll73nuPaWdzYNtT61A,32.23641900,-110.86988700,4
gXUZQGXN0Qnj0RY1HlVEFQ,32.35702743,-111.09122711,4
oXf2V0vGrQ05uhWg9Nz9UQ,32.19043540,-110.84191300,4
UIlOq8dHsaqOqTZJVvI8tQ,32.11861800,-110.79808590,4
0BnjHJ8H5F15KjeMgDCBAA,32.33901000,-111.02926130,4
won2tiBYPv63nfSyPt8DAA,32.22752341,-110.94734768,4
ARzkPI1fpPT2Kk0vbcMlow,32.22052990,-110.82285840,4
mA6bD81rYVQWrjYPgYSiAw,32.19246590,-110.79095450,4
AJH_WJcOUEbCLxIdaWlmRQ,32.15412410,-110.97810980,3
0mNtUn-iQyn47cmnZ9mx8g,32.23392530,-110.99038790,3
rApszehZejreNYb4yymzTw,32.24108300,-110.94532200,3
tmq14XVnEXWPKQNa3PLLQg,32.22035310,-110.84313810,3
C9PVoSSpmncXgzmAKuLr7A,32.26413650,-110.94493550,3
YaDHzK87BNq3Pk4JLz-JlQ,32.08542400,-110.66132700,3
x0eoomyyX1z7yeRcPglgSQ,32.27845277,-110.97989238,3
O0REleVPQf8OnTodlFWpcA,32.28420750,-110.95932550,3
KPI0trKirkXDT8oroNfq3g,32.27180900,-110.87443100,3
vmHVOmr_zlI28QOS_GbXiQ,32.35733330,-111.09275310,3
LWtgfj7pzx0mVTiAnQTWDw,32.23647200,-110.93269000,3
0GnmW0__mF3m7_KHRaYcAg,32.20008390,-110.95654420,3
5nOTwLs2lCpsFwZzHA6Hvg,32.25953200,-110.94335390,3
heYh7-A_agC6BvgAQtFYHA,32.22273100,-110.88863600,3
3gqB-N60ePaggR3JzkRgEg,32.22942460,-110.96586860,3
AnXdp1xcObinHQD2pRP6Ew,32.34351900,-111.01327400,3
lNvF0hh254lyqS4dGcsCOA,32.23882400,-111.00542000,3
5bAYnAqoeV1fmzui_9qQOw,32.22947677,-110.95591712,3
0gdnntqYGYhUCTTf0a7Xcg,32.23014035,-110.96540295,3
D5LJiGl3rJpO7eMSpZPIRg,32.16288280,-110.97511340,3
zl69bXm0JFqWNjw9a9UHvQ,32.13596700,-110.99811860,3
QbRp4rVek6nOueiu4yjmdw,32.19216680,-110.83956700,3
VF2PtrstMeasOK_4d4VHVA,32.23584952,-110.89168580,3
qcZqeQvp7FX3npNZ2sawxQ,32.22266618,-110.86201837,3
vpc5PFLMo0oJQzuNZaSlyA,32.22116300,-110.86722300,3
6OJKoWZY-lLKM4zRcbauiw,32.24816878,-110.85047230,3
D_CMgRM8nnE94i_newJi9g,32.32034098,-110.97414920,3
mabF2emQIQUf0QX2QA9LsA,32.29172770,-110.97921370,3
nC-z2sw5O9AXdaz-3lV8yA,32.22182356,-110.89191342,3
ncacMQ9n_dSM1cR3c1vTQw,32.32869200,-111.04678600,3
3u_cGb3avKVZ_HaEuXEJfw,32.16390610,-110.99076050,3
ql_-U6RfqR4hbyZfSIZECQ,32.32774690,-110.85055753,3
vSS_H_9mEARWnQe7NtFNSg,32.28936400,-110.94610300,3
T9ipW3BH2_wTUNEGOBpYVQ,32.35358600,-111.09426600,3
YURjQmTSH2Nci8tmegOMbg,32.24289790,-110.87711900,3
EBfiJ_YqFij5rKbzyJC9tw,32.25229550,-110.94437670,3
INnL20cBKWr-XFs8ROH2ww,32.13333500,-110.99998150,3
lh-Mu8wZQW0E_wVsLx90nQ,32.19123460,-110.92683780,3
7aGR18LRkq_yK-r4inL_WA,32.33847558,-110.98268427,3
nRHxGEJa39O4y_eqbuZsKQ,32.23005580,-110.98840860,3
tjNrQthf5RY-YjNwY0nW9w,32.11424690,-110.77181440,3
79sRRGDXhjRvxvBkQ4W9CQ,32.32811030,-111.04680920,3
ly0nkQsbvKkHNUyl5AGdjA,32.20386930,-110.96496370,3
fSV3zMogclnA8O2itzFXrA,32.32225700,-110.97379600,3
F9jfjlNRuFk4WrMPdsr7CA,32.25280880,-110.94438220,3
DSz81CMeUgy9zYFLQhNJ4w,32.25986309,-110.80140363,3
gdblKQ6YeyUWPXYncYvmbQ,32.25019390,-110.92170220,3
Z6Bqeiuv2J_UbpG6W2NHYw,32.25107000,-110.88376000,3
x4Z2psHoRSNcKhqm4TpC7g,32.33609190,-111.05821790,3
hDZ9ol_h2___MqnbQ7fbKQ,32.25167210,-110.88295280,3
-pRU97z3uPU_M7yUf5yzMg,32.18926110,-110.96561250,3
4wqoHIhvcH8KagsYOXH_hQ,32.19257440,-110.83193210,3
hsR9mCzuR5kkRHbLR0WQ3A,32.25094500,-110.89084300,3
0Kn5W22UmxOqPj2cjouFNA,32.23135601,-110.95777768,3
CfhUq_tF9j6N4d34y0SU_A,32.23036181,-110.98373759,3
A_FQ4aLTCrJ3Et20UPgJtw,32.29937000,-110.97920500,3
G4rgfDp5pltixiUDblEUvg,32.13376840,-110.96867070,3
sfOsBQzmxnqal8N_PfwpJQ,32.18337730,-110.96877920,3
noLsD3vzg62TyF5RhlIw-g,32.23572420,-110.95760220,3
BO4xRRLb2hblJWRI5MNAPw,32.10155000,-110.77366700,3
PcZ00r97wYVYfvzpc9VEWA,32.23191800,-110.96538700,3
u4P6hqDz6-QG9PR2Pj5KIw,32.22328630,-110.96994630,3
w2COOqbypjJd-HbJAa-0pw,32.35850680,-111.09135590,3
Q-hf7DKQ7FpLexQm3pABaQ,32.22920600,-110.98736800,3
fEdDmhp6MQhuPF-iVLcmEw,32.39574814,-110.99364471,3
4cPMTfzcUHCZ8cfIn_yowQ,32.26072940,-110.99068120,3
3swM60bulnut1d4AZti80Q,32.27398940,-110.97753440,3
eS47zFS_fEJZHDW0DGj5mw,32.21354820,-110.93925410,3
G1EanzvwOGLx_J-IwxnwtQ,32.23644060,-110.86919220,3
ydUyF4fW1WsRMzphRKXlWw,32.25030000,-110.84600000,3
uTk8P16bWwjvu-xekGqdhA,32.23625670,-110.87182050,3
KJqxR5ITx6tFbCMPGDZnGw,32.12027200,-110.93733800,3
ydBXIQhUTjiVfhI-X9Lbuw,32.28651820,-110.97436680,3
xne1iQiGL8ErAuvyaIyJMg,32.30911600,-110.89081500,3
iGAYmldEBt7ze_dJrBtHQg,32.19125901,-110.84181942,3
HvEKE3lD6ZgtyaQRzq5d6w,32.22293460,-110.97031900,3
v5T1Q21TT1_S_aY_G8Mf-g,32.28737780,-110.96570560,3
enXvNN8pFfz76KT1PZFlPQ,32.22121210,-110.93275770,3
rJ7tOENZBJMJnkmYCf9XlQ,32.25037960,-110.85179940,3
szreY58d1Ag-XeiGYa6KNw,32.22032364,-110.77337086,3
p_pwwK7qz1CElafU7Bvs8w,32.22255780,-110.82452220,3
-yQIm7RUM9AvRA-ycnejjA,32.22189070,-110.97224860,3
ALccdKgIxLKsi--aBprIkg,32.27884810,-110.97738040,3
jqVyVd07PJnmOmEb0GOJtg,32.38138641,-111.04772415,3
9STwVAyfD3FrheWIT3OOhg,32.24361490,-110.91040470,3
aAj8lBJmVvf-Pe2Vzmbh_g,32.31491900,-110.91612700,3
flhsth8MqAXJnKfqwuW0_g,32.38267309,-111.04870570,3
35KHrtM1ZYtyZs1b6J1K4A,32.25066970,-110.97373900,3
DlOZoZZRLEOuh9FdAw1few,32.35524885,-111.09440640,3
UgEjt7G0nlcnxQqgg-InNw,32.22190750,-110.91008440,3
_iH5S4hKoEhqeEnoQboSqA,32.29477970,-111.01892841,3
xr0dKsVsqqi9e7ju_YeZmg,32.33711020,-111.05705500,3
nP36fO128PncgslU-KN8PQ,32.23583020,-110.92907400,3
f1ExfzC0Tj6uJgWvve1Pow,32.25095800,-110.89024300,3
0646KeN8uvNifEr6Y2cyaw,32.23651691,-110.93447171,3
q493DBsbxwrdo_dexLmSIA,32.23440110,-110.82337080,3
sWfu-ZkW8alFwLQ0DAb3NQ,32.13435460,-111.00217030,3
ipeqBIxJlQ1090ZCvXF0wg,32.23650460,-110.93431770,3
t7N2kb78WucTM3U2RFCJCw,32.23547350,-110.87592110,3
i4hmtFsITuDYuks3Uv7EnA,32.27274970,-110.96103680,3
tZR09XLQ2tjOgXhSoxILXA,32.23197155,-110.95854739,3
6GB7tn2AoXvVIpjYkeIrkA,32.28656490,-110.94283908,3
zSsdeiHfEnv_EVv8IVqcWg,32.35043004,-110.97583250,3
_jhBtG_3EGSpSE48K7iO5Q,32.49465720,-110.92464900,3
UAJWwZ41BufnAaRUitDenw,32.23639200,-110.93268600,3
cplvIF2QlLpAKCsv5CRncw,32.22867812,-110.99740177,3
74cC2fp7ED4LLi2dNRTrWg,32.26256560,-111.11757670,3
0z-pNv_92L_-LiYV_XlcSw,32.25022738,-110.82438178,3
IujwicxDML3FMfHURhkojA,32.29705950,-110.82460480,3
ry1DATvLo6sc978zPFXtjg,32.19241550,-110.79082400,3
UILorKaBGq7u_K6wUZKYnA,32.33806085,-111.06965290,3
3sjFioCSd1xLXbk4hZCh1Q,32.21479150,-110.97152690,3
WIw5377vGNKdZb2dLl2zfw,32.30657161,-111.00921633,3
2SolIliNfmuwH0NGAB7NHQ,32.22759910,-110.94731930,3
tEhnwHr9U4uV0QEqkMYSJA,32.13350540,-111.05117617,3
LsPmM95HXEyvEYTgMI4Jew,32.30582300,-111.00966830,3
5ELqQ2YBM_vDqp10pINlgw,32.13411800,-111.17341170,3
eZfhvDdol03GkF6PaFWO-A,32.25064000,-110.98671210,3
rSjRi4ilt_rud2i8seAjWA,32.20719334,-110.85675400,3
TGakKmmkklBbtC48bbBvxQ,32.23169960,-110.95689580,3
LXR1f2ayOSq7w-Ux7UPUtg,32.22254570,-110.78813290,3
PSpXwP98W7ofZWYwkJSLCA,32.22245400,-110.86305100,3
3ekiu6SPjwXvrizZymMqbg,32.16803569,-110.97716175,3
vzvm7_QXEDaMTxMOKLBNyQ,32.23587880,-110.92346110,3
P4E9K06zwOrQU3nyyEVHTg,32.23678960,-110.88230090,3
BKFiIK83S7j_NNjOOAXYCw,32.25383460,-110.94421370,3
_hndEVMKrYKcaX24kS5NZA,32.28684850,-110.95843720,3
Sfc6seMKbgxdY3knAtsinA,32.17026260,-110.95596490,3
3GmANpv4P-mwORoaWdZ7NQ,32.20471490,-110.90902240,3
xd8pGFwKA1XYhoMZHKikeA,32.20905950,-110.95580950,3
c-oGZZ81FYvclXAYIs0mqg,32.23578200,-110.94510500,3
-B6fyJ8PoAMr_mH5VGaPjA,32.16321400,-110.97750750,3
OfI3OCndKkTNe8y0ApLW6A,32.25065020,-110.82512250,3
Fp2s3RVVvZNSqyDHLH3Q4w,32.23437810,-110.82292770,3
rEeNRMhsz_XMoyFHhcLhxw,32.22311514,-110.96922170,3
Bey6zC3Q6D1PTzqzPU32VA,32.35766686,-111.02565586,3
T78DNDCb78-CNDkFlM1z0g,32.25117000,-111.01224600,3
-VcywFc95xKkt598Ujsapw,32.18600700,-111.09145200,3
3w7NRntdQ9h0KwDsksIt5Q,32.30947143,-110.89214644,3
6_VyFZ68mdQijA5rxVWeDg,32.26913330,-110.91413910,3
44iEDjXk-WTI7JQxNh_qfg,32.27365390,-110.97788370,3
NZl2JAtO012NnW4bjzJEsQ,32.08496390,-110.77331210,3
4nkbXXzgUn-tViXzuoKR1Q,32.22174990,-110.96831350,3
Yu40IZPdr1bwZ7lM0kq1wg,32.24115130,-110.97229600,3
vhhBI2ByKaxT-gaUTn9hiw,32.25081564,-110.73572573,3
cQqvJhYJZpx2lL_EGzcBQg,32.28891290,-110.97883840,3
NbNIxOxOtddU6cg4ixA1ww,32.20640000,-110.93208240,3
7u68SlaFWfF_bUHQrJtGmQ,32.33705270,-111.04562160,3
EeOCDFhDan9D-c9hyKhpnQ,32.22204740,-110.94342200,3
SHWhKFCLAMqbwNFdAohcMg,32.22205960,-110.91839120,3
dogcOCiqIr3Q09VW_lFuEQ,32.20668392,-110.92130500,3
HoCO8CHjAPZWP4P2PoTcZg,32.21457880,-110.90847210,3
7CyEhpsj57oXxJw4oESC9w,32.22813400,-110.95675800,3
XizJ8cE3ciU0SeLSTlJb2g,32.19150580,-110.85617670,3
YA4j4UBDpEv4cnP8alqScg,32.20696915,-110.78853035,3
tpCNnYqLMGjkRU5hL1DNtg,32.28623470,-110.94245200,3
yLARx5AAIRQhMIINW-g3Mw,32.10383800,-110.77347660,3
oKLzjvat9FGUGpGleIz7eA,32.20537546,-110.78919321,3
J5a2ebSvwIStqCDZEp2E_g,32.25465220,-110.94470270,3
PQKY258MwEF9MkL9eVJB1A,32.25744426,-110.80271851,3
Be8U1wz3as45341ZFYimIA,32.25847383,-110.79849243,3
lEOxwatxwXaCi8lPUTFKRQ,32.22984450,-110.98942390,3
m4KacRCjN1kbkAIc1NBhdg,32.20733200,-110.87312900,3
n4AbLQ7cm8VxeUuRhzZW9w,32.19293610,-110.87472110,3
OgeyXvsY2dR4RVHC7nJ8EA,32.33791874,-111.03018651,3
-lHpvtlMkRu0oRIXJkystA,32.24990200,-110.84816730,3
yv7p6SSR1zXH0m8idPg_vg,32.24116104,-110.97218861,3
wNvmhrTBmGimVHVZwKrmLw,32.23640400,-110.93364250,3
0KaePrBSRJwUQaHywCM5Zw,32.15723110,-110.91699410,3
RxhJ5QLQO1FXWme9yrS-Yg,32.28696100,-110.96933300,3
iFaNankskX6ZL7SbLcxa1A,32.22143340,-110.85591340,3
5sqtclJu_vo5qxNjIPW33g,32.18575260,-110.96979950,3
GhY-NvTYa-DT-xHfc-7Dgw,32.19826670,-110.87453460,3
ExmUG-RZ0hZ4R4O_Hc2lIw,32.28646110,-110.97903240,3
ALhV80NGETrPctkxzIHk5g,32.22757850,-110.94416210,3
Y1ZdPCfQ4ndVAmj9lx6I7w,32.16398370,-110.99374100,3
l5bVgJf-VEmZLsu9L994bQ,32.25994263,-110.89201885,3
3wbb2oISVPhGDw1RZZHHgQ,32.22731414,-110.94342440,3
uy6D4MJOoboUqUNmHACSNg,32.23539523,-110.82666070,3
pHoP6SXp7u1FpTPPmDCQWg,32.22788800,-110.96591520,3
jonTput2EurEWjsMaVj85w,32.16496470,-110.94304950,3
c_PwLDe27x4UxTbHEUuJoA,32.15457660,-110.98722200,3
xJJ47WxdkeDt1dvqHx-ACg,32.35040875,-111.04619913,3
GGVjh32ZYQmon1mM1-6ZXQ,32.25019250,-110.90209220,3
IsNSy2AYiIdi9Fjn_KW1nQ,32.20653430,-110.86867990,3
9bWGo9Ss1gIfciVeWVeSow,32.23652340,-110.88466610,3
QwptQh7cN9NQK3YHaTxe4g,32.22210200,-110.86698020,3
AUAru6cGgfct5I7d6lcvAw,32.31530183,-110.97608887,3
wvtkYxqxkVU6bs9i7ahs1Q,32.35042950,-110.97702914,3
erJqQAze4aeVetPa_Em_Dg,32.44200089,-110.93539875,3
sMLDnNSMK8JL-KrIQO6Mag,32.25237214,-110.83987623,3
u2goV4f32_bqUBOiW5uD7Q,32.11746000,-110.77191920,3
4tpBd0o50m07JUSRYJkMvQ,32.29056940,-110.97298600,3
KqSSDZzkWOkOG0w1NUQAKQ,32.23581900,-110.86844700,3
9G2jNvIzSip30hEwmgdH_w,32.21673670,-110.97313360,3
SNJBmdlacp6MeL9NuDukhw,32.24972550,-110.82404600,3
lW4TYzo4kRgXPV2FXi7Efg,32.26193650,-110.89306760,3
xBAB3ONIM0thO9NIHFQKTg,32.40930230,-110.99628860,3
XOp7hBkMUf_8QNijHz-57A,32.13366850,-110.96893050,3
oMJ1WUhvS5ZTSzwC1jDJ5A,32.25784500,-110.94425100,3
eqLgpNj0DnRpMj63IfGVeA,32.17198700,-111.07110700,3
VY1Gxa5ctQyYW6JElOOLJA,32.22210200,-110.86698020,3
OPrvuoKep0_TWK8K3ggKbw,32.22182830,-110.81544740,3
qRLYUTOxwJqRDCngNT2s8w,32.19432120,-110.87475090,3
oUL_aYOsontAz-zJ7pUQ0g,32.23529450,-110.85967830,3
l7FBm3yxW0dx0WqQVlcQ1Q,32.22938027,-110.98994333,2
ayKkakJwKGx5eBCYboYOHw,32.23605200,-111.00300100,2
31lLDAsFtlWvqROMA1bSgw,32.26044808,-110.94274705,2
pZpKBDOH-lKxf7OOQOEUfQ,32.08894510,-110.77480870,2
LpuMOJG8A8g_2ECFsrSwrw,32.15368958,-110.98902251,2
FrOZFs5gtkYQKdTGBTKx3A,32.25184585,-110.89321974,2
_b4_ErF9lEE6vePd3lAJgQ,32.23954070,-110.97376220,2
ktXr_YoMFDns-s_jsWNJGw,32.20742223,-110.96876089,2
cef0ZciVTEqPtNIEwakO7g,32.19305900,-110.78919300,2
k487vLw39Zs0aRgpnRYTfQ,32.13289870,-110.92490226,2
UhICqvwGPmfF3gnv8gdk6g,32.09190506,-110.83701465,2
veNyQ2ObOGTfiVUW_vUFqQ,32.33620124,-111.04376500,2
LepijX5_k2VSeDle-wAKTA,32.21457880,-110.90847210,2
QDysk9VQYcT1p6Z8C2Um-g,32.25000320,-110.96989660,2
XXaLhPTq4S93GhkhjqozsA,32.28850010,-110.97413480,2
nTU2y2or3G7Y8zNxhbpWrA,32.33587964,-110.97792149,2
KSpf-49YrOuFT0w0BLdY9g,32.32397310,-110.92733080,2
3zKwPS8ltCKFSpQ3mD27_Q,32.24959450,-110.84657240,2
CGaaHAG28nnxMpbvOHhO-Q,32.20585441,-110.84140967,2
TlvK0vNWea6eb9G-uzLTRA,32.16996100,-110.91921870,2
UnIxj6MCluR-aMuGiree8w,32.13366744,-110.93290061,2
u75fYA_bwkfWK6yvdfveCA,32.22807860,-110.96545620,2
1n-ihWVhSzo7JDe9zYMWvg,32.19006685,-110.85712453,2
kgIq_2GVxvElfRLJwYZejw,32.22887344,-110.98339722,2
zfw03c1jP7sYkIfu1da64w,32.20684560,-110.78847030,2
n77QOgDljXjluR5DMSeTRw,32.48414970,-110.92167430,2
cvo-WCqsMy4OGja8IP9y6Q,32.24359000,-110.97853060,2
nX8vR_aDiU1iqMySpIAjkw,32.16392600,-110.98919740,2
7REv2fN0pqJISIzGgAW3dg,32.23456000,-110.97203920,2
wqRg8cvjxHTi1zIAOrLZ8w,32.25122463,-110.96299928,2
8_7HvKnMgkO2p7EDc74f2Q,32.23153675,-110.96577153,2
bTBRqXfF-A1R-ShOsr7kbg,32.22280890,-110.96864310,2
Yzh7Xo1_JBDWUl2BzRiYaQ,32.22127632,-110.80933432,2
wWhllrw0Y_Dl5rHEUDUdww,32.21930410,-110.77395380,2
0VSWfyUe9o-8rWAHf84syg,32.19070858,-110.85737548,2
_3SfdIE0ac8SXxMktIGVsQ,32.28714400,-110.96045000,2
aqxNA0OLQMb4Y_gi4BDDZw,32.23575100,-110.93348900,2
hGNexyHxRuKs8Z7S_0jyvQ,32.22811343,-110.95112768,2
I6m2ToW_-7mGaX0oY2TG8g,32.28850010,-110.97413480,2
z_GKaftTNhQhCbUvrG-2fA,32.23654410,-110.94344530,2
G3YFsvNF9LV6CWyQQIMu-A,32.37470636,-111.10157707,2
kAPC7ni0Zf3QgGhGbJEK3Q,32.37557830,-111.10155080,2
ljLzbz98sItM5k_2jFXJLA,32.23260800,-110.95199150,2
DPDqL_--3SgiXQ4P8U4kdA,32.16253700,-110.98909400,2
3cRiFBiiMknXwaGGKburpw,32.25909708,-110.79777330,2
iLtnmQ7H_Sj-rOEgcpWHxQ,32.16297070,-110.95539040,2
Lhz9UIXDZldrINhTiYoJBQ,32.22935630,-110.99511060,2
tZxUvQk9v2zR7Qdaijwddw,32.26256560,-111.11757670,2
7YYP4htx_BMjPw38OB98kg,32.23497900,-110.82329214,2
TNwooHYZ_R0w8Zhoeb51iA,32.22205948,-110.85744318,2
fdmLML9X_0mWWG3TFVWniQ,32.22145000,-110.82340000,2
jg1YxrBaK9cB4OT1Zx49Hg,32.22338070,-110.96969170,2
R3ZhCvJjhegRWi-9c9pD8A,32.21592940,-111.05017520,2
A2Mw52Gu-qkhSdlQla3hhQ,32.23143800,-110.84059770,2
45fGMPlGnOGmJZgnb4rGAQ,32.25756400,-110.94381720,2
ZKY_YxsjpRV_w8LkOkfKXw,32.22091760,-110.95874340,2
MTwiz3yCBDPCaqAFIFSRRQ,32.24953570,-111.01218310,2
ac2PPDX41fyhsiQYj3vOgw,32.08795134,-110.77442205,2
dA6ArvvZYNS7NUQ1_v7ngA,32.23687980,-110.91643530,2
rro2hWuIkkfgI3OpttpkzQ,32.15850370,-110.97802340,2
X7MWAvFSYDIXT8B8aXHAAg,32.22180820,-110.97205860,2
hjqRwbtGFmqMy5_QT3ol1g,32.12079468,-110.93882594,2
CPEpeyhiD21wmKXhL-o1gQ,32.17666030,-110.96794100,2
PKSxQLefh50EUhjdOWkq_A,32.36280600,-111.03076140,2
l5-v4ttXyiBccg6zaVHoOA,32.22219500,-110.96732080,2
wghnIlMb_i5U46HMBGx9ig,32.13230470,-110.99998510,2
CjpKgezPuAOIu4IfO9v-_Q,32.16851780,-110.95575440,2
6YfFRlZ2XgYc4tjcG1dGFQ,32.22046660,-110.84165856,2
9zHVOLgH2rvXK51Y65THIA,32.30949650,-110.84583890,2
nOam6fuZfoyi6JVa-ty_aA,32.37570900,-111.10138060,2
B4HUGYHQualkBz5CyZYPdg,32.23581560,-110.94643480,2
4GMHypXwSyX792Q6p4qLeQ,32.25103100,-111.00004680,2
XBgF8emvIncdwnK-YzyOPA,32.16666600,-110.98784000,2
UeZabDnHi2ja3r7y5bOx1g,32.23633059,-110.97133834,2
nv7i6LwawjPxlmxaKJWuJg,32.19241650,-110.82630450,2
E9xPHrBM4W3tgSJeSlsQgA,32.25023203,-110.89093894,2
RqDsj0UkoDmjuR4QDW4erQ,32.23246829,-110.95692339,2
d51ICeLySgnQhSRpWJC-pQ,32.30886170,-110.84549640,2
SKgD0jRWVKk3NqOtSs3VFA,32.22120550,-110.88523640,2
1s5eQotc6xV4pdDgHFSoSg,32.26745180,-110.96119890,2
3pC-Pgv5K32K_6Spy-4-AQ,32.23882050,-110.97702220,2
ThJFoQ0Bn05UrxUnjKMryA,32.26481590,-110.89308790,2
9EShDFClM3S2D3BC9UZdMg,32.17816640,-110.96866280,2
1QNGVBU2NwG1vSFUerRi7A,32.25092590,-110.91883360,2
mtjU2H7EbvkJ0gGjC8yG1A,32.13433351,-110.99680000,2
99hjUMP0c_IB5nOzZS4_1g,32.25155640,-110.88896270,2
78z4uWjRJ-gpeANI6FrRYQ,32.22252000,-110.97233911,2
kK5biehhgRvIMzUqC84taw,32.23621800,-110.96964500,2
aD-6NpNI8tHRGCu5EVLdAg,32.22395400,-110.97340600,2
HUsRm7zA-gHSxAPzJQepXQ,32.27777920,-110.97794400,2
a9MzHqE4l7uwr_H_99wFbQ,32.25092775,-110.99947538,2
9hfN2Us2rg8wQTsMX_zTkA,32.25459671,-111.05541229,2
KHwncPVH4YKRpEPoJpiB1Q,32.25166510,-110.88278070,2
v0gslzMuXfGsUlka0BReFw,32.23580340,-110.95765420,2
xBqQl05mJkAQs_vTj_yGqQ,32.29708255,-110.97185463,2
pvnv9XvTXwYBpfScd29rrQ,32.26072600,-110.89151400,2
-Rmxzme0KxjvRG45p4gqlA,32.13362996,-110.93353629,2
LOOPYK8FruHbU_t4x6UOpA,32.48381761,-110.92115841,2
tEzX0b0LDOIi_usDzp99fA,32.22109680,-110.93856900,2
9VRmMY9vGhGKGz9hiGoEUw,32.12025440,-110.93730800,2
kDP2Xy3XYohj7Kc-9TQsLQ,32.13349910,-110.97904800,2
w9sd3PMBbZUFJin86cnVkQ,32.24293400,-110.88126900,2
grR8jimV3N4EtCN9l5Jq1Q,32.23674100,-110.88773990,2
ce3FUIiK5FfRSbUGUn3WOw,32.16435620,-110.97779060,2
q1r91z-SV0aZUAQnO7xzIw,32.23625670,-110.87182050,2
ZrSG1C6jJD075rVs_k87fw,32.23548900,-110.88374600,2
B2fibZ80WW-DRXCO6tZsuQ,32.28370415,-110.97985940,2
bAoaqkzsAPJ8gZ6Ffw1kGg,32.16374563,-110.93888150,2
TFzKrlAKIz7h_TAgLaDW0w,32.23641590,-110.92842010,2
tErqAxC-kFXHghLXKY5_AQ,32.23509500,-110.95706690,2
IHd8_cnLZe5oILE_oKy-5g,32.15182257,-110.73505048,2
A3AqdFhAujteznsMOwdGLg,32.20200430,-110.90905420,2
iXgxSAMODvvs-raopVEESw,32.28724010,-110.97364400,2
RAHO-HBDp9QbhhO0dZNZsg,32.24318300,-110.90994700,2
kOSRvn8QdWcE5x4dYxSkpw,32.22052443,-110.80629178,2
A6z1wMsaLLVTamzooGiqaQ,32.19151500,-110.79145300,2
44klPO-2HedNmQc-LMg5jQ,32.21984440,-110.86551770,2
0djt76NXDYMtjJvL2rHIQg,32.35645669,-111.11309268,2
jhSSiLwrq9t3Fij2pVlvug,32.22200287,-110.86198795,2
Dg7zWCgvPS7UZjgEydPD1w,32.13128870,-111.08683830,2
PTnahBSnLT1jeok9tmedHA,32.16254605,-110.99103990,2
RIpw8ktw_EySO46aEMClyQ,32.28619410,-110.97557850,2
8Aavn4p0d-OX3GtHcLnGgQ,32.25077530,-110.94430920,2
zuolhAJZMexj75-5IZ8bQg,32.38799720,-110.96359160,2
qcr8K3tZkCK6jWnNZ0bADA,32.23663232,-110.89446587,2
ECUu-31E44hl7irKMx79Hg,32.25818290,-110.79659580,2
BtI1DC4SV1PxfPKNs2utnw,32.20726090,-110.86327820,2
vGgAW3kLPjRFQCrndE6l9w,32.22013550,-110.98562850,2
zXvjFr3lftIlkuFNlY4PRw,32.23638700,-110.92721940,2
agUtiM_kywc6_rnCpBYqBw,32.19141279,-110.84154703,2
fjLJhvR3aGd812OsMcziCQ,32.26238951,-110.94412634,2
4t80VE_TygKa_CRGI6kBMA,32.33645000,-111.04646000,2
3oC7DxshHVJ-eBqcU6t4WA,32.22337600,-110.97009200,2
A5zTYeL1gBpMKgw_btHF3Q,32.20795190,-110.87450080,2
ao9vbjDDUvPIYdirnymAhA,32.34983820,-110.97341740,2
WO_ntmoHq0zovM8v0niBAA,32.19120060,-110.79029940,2
8Ho1ctSlanp9w_-dPmkFSA,32.25120360,-111.01520300,2
WHW-fLxXL3rCfqEptnucNw,32.25024900,-110.91425800,2
xx9r5tV6oT8aG8x5MLSJWg,32.28921500,-110.97471600,2
KISVq91dUQLa75m8IqY66g,32.23154390,-110.95931100,2
5RobApbIYpB4vA19yWORwA,32.25018870,-110.87359280,2
4UNrSbCu7rFsMOcU966a8g,32.13441800,-111.00217030,2
_98csRGckqIKkWy89T881g,32.22983200,-110.98944810,2
qHZDcIoMobanw8Nz3qirQA,32.13275100,-110.99907000,2
PzncBMh2G3-EjmggfNxl2g,32.26593400,-110.89371900,2
H1i2aWZKw0SRPfaDImV5XA,32.33805790,-111.04389840,2
NB6uGzND8N9r3OBqH0NHwA,32.46060310,-110.97450740,2
_yUEI_Tl6Kk0hG3-yq5yGQ,32.22205280,-110.96746240,2
p-P6Vwx5TVXgnk6mNcV0zA,32.30110100,-110.97755040,2
J_K_rgs3xZJkd3zAX1JxMw,32.22274230,-110.87618290,2
Dokh4OOjKPmtywRcYguH4A,32.25299700,-110.96058300,2
sq4YMFrzOZyApa7QifGNEA,32.22997301,-110.98942355,2
drrx9_VlTo9so8FPV4hMdA,32.23452200,-110.97222000,2
AxG34m25LOFxQ-5L1ynVPw,32.13427400,-110.97583460,2
HxsFX1tOzgZ2edWCTCSycQ,32.23646063,-110.93431770,2
GpUGVKKmWfZieHFtGZQYpQ,32.27872680,-110.97772490,2
TSrkkd0Fr-vDEM-In3hiFA,32.23505470,-111.00452220,2
2MmmxAsuIqY4-zimzJL1ZA,32.16361420,-110.95534380,2
FNmbZ_kJIq3hnuQ6hy3E-g,32.24102140,-110.97197180,2
SnSXntfeTa-W584Sn9tceQ,32.33717070,-110.97733750,2
jyMDwalzMA7xcETWrQpOqw,32.11450900,-110.77177100,2
ZcwUOOhNNDyRrrq8_bx1gg,32.22039500,-110.77393200,2
pCrNsRdZGzUzz8Ye5w-lpQ,32.19238290,-110.80795770,2
gGNWbHg7jGu-vaeqqglZ-g,32.23407200,-110.95262500,2
Ne5jMD7dswQMaZCo1RU4oA,32.27506400,-110.87384000,2
5vpqoHruyjHALHjxJLSJbA,32.30812380,-110.84380370,2
CkRfxYUY7o3G6Sptq8PoRw,32.23481040,-110.85833450,2
jULirodENiDyCbtOz0v9aA,32.25205200,-110.89333740,2
gmYNsG1R5u3e3FueeowAEg,32.25093250,-110.90741940,2
QzOagE4RbvOIjnajVS-spA,32.28908200,-110.97408300,2
cVQs3xrarORC9AEU_f6NVQ,32.27269010,-110.87427064,2
7KA6W8vNKhNzqtn3OrL8KQ,32.32272220,-110.97467620,2
KxrXqdsgT7lcghhNk00z6w,32.35002600,-111.09940000,2
boDCs6rfxOA-0NYYmqdE-A,32.18246000,-110.96861800,2
JfSwHJ2KfWRXHsPSeh_ekQ,32.28850400,-110.97413600,2
BOeBIWjryCt0EyrlAeqTMA,32.21663380,-110.97299380,2
V3610Rrw7vfZFfELt-feLg,32.22308000,-110.97139740,2
yiy1YcNKagzRmrQp4TKyZQ,32.27258960,-110.97744720,2
pHmbBluyF1yHMTEAy3fChw,32.20701080,-110.85508240,2
ylOEXPM_BRubwzzFeP_-OA,32.17742350,-110.95545930,2
7OrS8FzIChQmkVgTxOew6w,32.19925690,-110.89413210,2
6cuz9QXRmRbtE-xXaev9FA,32.13441740,-110.97937400,2
EHyS91YcMgdoHXufjEdvTA,32.11868500,-110.79923200,2
Sp809amgH2VEcVkNa0E_Qw,32.28482360,-110.97862880,2
r0imlei4r8mrkK-tWJGg0A,32.25136272,-110.84036708,2
QdQpt47Xg6GXZfJm-Kaebw,32.22301500,-110.82291400,2
BEpWQ_KQW5BJCIdn_aTHeQ,32.25097000,-110.97297315,2
fnqBFLP47ORvStxq4lOhtg,32.22480890,-110.96532140,2
dqvu-_sIZw7bx0DLX0vC9A,32.23700540,-110.89295230,2
S6H3aQ-EWatBIWulJxv20w,32.26379000,-110.94328000,2
PDX-urhRejDu_-uq6US6xg,32.25842240,-110.92717220,2
jxouzim2QaotZa3DYZLweg,32.34356160,-111.01341970,2
EJIJ-QFdKRiPypfoPAVNBQ,32.24991831,-110.99825271,2
e28EYYiOKb-zEU-EX206OQ,32.23562200,-110.92643800,2
wJEQ8MR8FeFlT1Raei7tUg,32.37480013,-111.10166528,2
kjnEPxEUOUqO91ERPP2IVA,32.24835680,-110.90856520,2
mzcC8OPdnkKbfimmvqedOg,32.26079400,-110.99585900,2
h0FfVGE8C-U8SDxQPgUjmw,32.33704290,-111.04914360,2
DZ7EzF2c6OaNmZ5nXit1MQ,32.35758080,-111.04645740,2
Ruc9mHL5JkOE6PHWghx2gQ,32.21713251,-110.97327039,2
nEP-AgKGA_-sEpotsTIhjg,32.18755570,-110.95585831,2
CYTKbtXZmkjwb4peXJ5SsA,32.23625260,-110.87957640,2
_Fv5mbqb0uCdKQOqo9VH8A,32.20606920,-110.85415110,2
Z_l5dmN5AvLDS0KtVEjZZA,32.22248500,-110.82591280,2
hHjCQ_GO8sqh98FatwyxsA,32.17128250,-111.06924580,2
DhQZt9zoV_7lRdA50Y0FLg,32.20638680,-110.84441280,2
zny9JlDi2HpZ76VzJkMXRQ,32.22149490,-110.87580240,2
6a23cjyRkIvjnTy-ffHJ7Q,32.18628200,-111.09134800,2
ktsm4b60eWQCr61IIQ0jGg,32.25717080,-110.93507540,2
gGCIGJcKWoPC9xZNDeX3pA,32.22942105,-110.99056870,2
ZShmDmtZCgK0rvXiao2ngw,32.21855400,-110.86517500,2
OYR0WgpndrJRumX8d8HoXQ,32.23698096,-110.85896688,2
Wth3QglxE2fET2U8ZoH9NQ,32.25078460,-110.92881720,2
P5wfVQb4kmADp-_4ux2E-Q,32.28336500,-110.96086120,2
kRqJ-4FmgXrfGJpyW5KjFA,32.32419800,-111.00980800,2
5HyZY1ei8wBBYb9th4izAg,32.20653850,-110.90490960,2
4Z-S9aoq33C6uxuLPPF-XA,32.19860740,-110.87464050,2
uWc9h19N2G8cR7Vo5blL8Q,32.25071860,-110.99497810,2
p86gxGhlZEE9I9icCyJqFA,32.22013290,-110.94300900,2
2WkvkW-kctI1hwDtCzAuNg,32.20790863,-110.87458443,2
WN8icQ2p9_uUZosXg--jNw,32.23592000,-110.94472800,2
adATTqggIQX5xxLDISkFTw,32.27123132,-110.99207545,2
n5-1AVcqXiThFojV-eQ_og,32.27176560,-110.97289610,2
STNGwWzdwhflVV1QRyg18g,32.25939587,-110.79940998,2
38eNjgunRER22TTukYfjgg,32.24984620,-110.98803610,2
52wBQghQ0jwzSuvLvwe5rA,32.22195800,-110.96605800,2
Lzq-mUgmdLz8mVpb3gGarA,32.17843580,-110.96861620,2
k0DQBEvaUjiJ3KXynmhpDA,32.27228870,-110.97860020,2
ck8x9kfSJ4Okj2fz0_UDlQ,32.11837630,-110.79875950,2
oklGt-CSgK6EyAIUT94Ukg,32.13330245,-111.00400224,2
UzQu3qGgXJpwe63a67VIqQ,32.22542890,-110.90928700,2
IaZ6PfaFXwiURCXKm1uu2Q,32.33717070,-110.97733750,2
nUfx921sp44DDiZWa1P3wQ,32.23656090,-110.87797010,2
hEPE9w8BNBp9_JqjKE3T7A,32.21944839,-110.77206143,2
l7FKRYrgvkFQhTLAC4ZOWw,32.16186970,-110.99059580,2
M-pk27jv_kVkvW4L92P3ZQ,32.32474180,-110.93011320,2
jcGOQW1Xq5L5tWBajYry-A,32.35654681,-111.09521874,2
6lXiOczEhZTm3m7LK4KTcg,32.21753260,-110.87528690,2
Km3u0N6frMjxGKVraqiwMA,32.23526860,-110.94360262,2
zGrJLb4j3BoRnWtjAfn87g,32.20686100,-110.83932200,2
wBfryhyFBHTUM-HUAGjZOA,32.22751500,-110.96822040,2
JXNUyycQEl6pTDkbN0XjXw,32.16361370,-110.97835440,2
1vpzBTJwOINXR9a37b7KSA,32.20745468,-110.79085541,2
PrVxUo7g46GNf_1uusxaqQ,32.23208500,-110.95721700,2
Ou1VLAY5SXVuMfrCEmf5KQ,32.25012275,-111.00768898,2
w5DsFKVqKcKXm509vjinqw,32.30702890,-111.01143800,2
Y0SnppHca4xcITS1kl9R8g,32.28850000,-110.97413500,2
qTIgeBp_dR5Rvi0XWJMW4g,32.20595554,-110.79042768,2
e_BXz3vTc49eKX6Syvqy7w,32.32367748,-111.00992533,2
lMBeEk83Kf8R-k_qD5s8tw,32.25117320,-110.89449750,2
7WrnAUGyB_uyWBSk5imztg,32.40192328,-110.95586815,2
9ygXHUaa7_cW2ou98VHaeg,32.13472590,-110.92428020,2
oUnC0Mcl_nozqkOXejTQXQ,32.20042127,-110.90890260,2
wZl-X5zhckYu2vn9lLE87w,32.19256380,-110.82712800,2
8P5wSj-51aqqc-jC31RK9g,32.25125670,-110.84213690,2
5MJMzVITShDQctNtLmCG4Q,32.22454295,-110.97450500,2
_sW_oA5e_xdDwz05fGS7pQ,32.17818770,-110.88509490,2
P7KbE1w3MhD-ZrEOSPaSvA,32.25818960,-110.80094850,2
rd5OW7v_vqlh6vVoQdLEhQ,32.32196390,-110.92817060,2
OTKDjjsxoiQcPtVN9bHZHg,32.16278300,-110.94103500,2
MiZkyuqAyy0pR96lBaIRJQ,32.11451020,-110.93922690,2
6GeezpXz_jYeVnt450fOKg,32.23191800,-110.96538700,2
LElUci-oferIH1c19_PdHA,32.17737420,-110.91822740,2
Huj5x4iaF7IoeYGpENWbpg,32.22061000,-110.96817300,2
4-eNx7P6DfRvMvbOEqm2Ow,32.13349910,-110.97904800,2
2RJ_OHtFUlaq1oMDJCjtUw,32.13403000,-111.00099000,2
as2xl3gOTTs60-mNLN3iWQ,32.11806550,-110.96389110,2
LQgCCHnqNOurEEjrqns2YA,32.25557300,-110.94353840,2
2nOMhod2sggZHzKVipP7gw,32.26572499,-110.91668129,2
EILOpH5vO8vO2zGHXr11hA,32.25055920,-110.89068090,2
JhjHlvSgBqD-o8-ahT0ccA,32.17741041,-111.00270017,2
Q2ClPH3hU17sI6TLmOp5Aw,32.22215090,-110.88737680,2
mvKlPMm5lje74U_dt2kMrA,32.32312600,-110.92806660,2
lnwjN23RJA1kjoOX0NNKxw,32.20653780,-110.86781840,2
uNEe6px0HeEh7uLjoQAlTA,32.22915400,-110.96543940,2
mzx-_gDf2Wb3tuSmpXZMiw,32.33667460,-111.01516370,2
rMEejDWphCfM-RMNs1NyYA,32.23650460,-110.93431770,2
8fWtmzdexsuVnxuZx_vPVw,32.24566080,-110.85340760,2
pQiVbGmN4jE8QGTfrra1ew,32.25033790,-110.93437620,2
FNotU1vQKeAeVV5X6_Js1w,32.27314700,-110.94435340,2
P7qY1cGAPgFzaAk3cSBphw,32.16379874,-110.93974000,1
fq2r7qCmyxOQ0NHPRjOhlw,32.17895470,-110.98174910,1
XnKEQBo8X5zgCUP54XRNLQ,32.25010800,-110.92638400,1
sbLmkqAOfuXW9TQWMUyjqw,32.25030800,-110.85181800,1
mQKm6zs570t8d44ZgpMg_Q,32.29469137,-111.01300303,1
eGBjKHknSYJvbpZvfOIkow,32.22086860,-110.80429410,1
UvujpgG3nWXLhezu-FSe_A,32.22780900,-110.99673600,1
eXH8AvpSarvyO7PCE9K-jg,32.20736468,-110.87461730,1
u7tfYJM8MVRsIVx7mBrVBw,32.29702500,-110.82448400,1
n9qLKv09r3WKMVN0gnjr6Q,32.22124610,-110.80816350,1
xt8DUB5zZUjRnPH-trYOCg,32.29907900,-110.99589000,1
gC73jo09Y0DSim9cH0d4QQ,32.28620982,-110.97483887,1
Y6heWJJ9AmEL58fZwgi9YQ,32.33872352,-111.03030987,1
Po_iQMMnU732WDRqnkW68w,32.27867780,-110.97771970,1
rIlZr8MAVPwGRCFSqrn9iQ,32.19831467,-110.87451172,1
ZoYq8ywyVBqBjY2uk61W8w,32.35425251,-111.09080561,1
fLVkw1HCdIjkEBVoa2Vv7A,32.13496970,-110.97678930,1
fjCXH8ODI23Boey2sgPZTQ,32.33717790,-111.06043150,1
xzXcBF-2_JmIlfqYzxM9nw,32.19927600,-110.89415300,1
wD7FB0YAXfaGYQiQ6-uNVg,32.35372386,-111.09157141,1
25oFsYCEn6jP4CdJdkEw3A,32.29469010,-110.96167730,1
NNrhMxGS4yRD3FAim68xLg,32.23149020,-110.95734630,1
tGhK9G2Q2qIYzlOeqpd1rg,32.25876468,-110.80172948,1
7wVXSyVzvsoh1fMGSkAW0w,32.32788927,-110.85040290,1
6Ws49rhCiPfDuFBLjJPB7g,32.19319940,-110.96555430,1
ZNIbDpsNtL7cQu4nVPczsA,32.35495030,-110.97427810,1
_C0IGYgKGWJukyCINJfx5A,32.33740256,-111.04182243,1
yQ9D55rVQh1MhUeKxD-pvw,32.25096348,-110.82338333,1
WgCfOUIyZzvTq7bWYcC3Mw,32.26037550,-110.94263440,1
y8X5-aEXL6bwEXLsRQUPBg,32.33672500,-111.05540000,1
mZUk8GVeFXQA8pBUv8W5gQ,32.29056940,-110.97298600,1
HZnPrlY7el8M2TA0ed2l3Q,32.19866080,-110.87486590,1
v5HkVr-QDnOprbmo22weQQ,32.20663447,-110.87993895,1
dk7ufM270iLiZS0kdVVqIg,32.24866710,-110.85100590,1
x_63ZZ7gUGg5Tf5xhMhqeA,32.24956432,-111.00582902,1
4cW2x-R0QgsGHliDXbDj1g,32.13742660,-110.96278800,1
rPKaAsWOJgWvde3aqU5mLQ,32.27296040,-110.96048980,1
W1GAy8pZzmUnDygVdd27wg,32.30664456,-111.01287603,1
L4xwp0LurbXTmhkCDFkWcA,32.22984450,-110.98942390,1
9iP-mvRp835QYWu68pTRkg,32.24119030,-110.85845440,1
L1HNEw8NOWGGH3Uyttns4A,32.21866900,-110.86532600,1
jsAqWUT1tbAI6WXxUg8ZSA,32.22771620,-110.98712800,1
h9LJ8_W1FaahpDxcI8jlJA,32.23203660,-110.95722990,1
TVDgBA0_ziuFfya-dcRCJw,32.13128870,-111.08683830,1
Ov7AZSlmyltXOdXLgsV2Bg,32.23458917,-110.95837647,1
phnb7Yhvpclx94lp5wdF0A,32.13330000,-111.00800000,1
FfeBr2xExbNdMBdKBb0eCg,32.30817774,-110.91428649,1
h6XNZ42nIgqWf_rhUkdouw,32.19123460,-110.92683780,1
VwoP7WAOamrJqVI0tfLJMg,32.16119352,-110.94384259,1
-zH42-1AauJru4EF-s7Rgw,32.22301740,-110.90865830,1
ijGETT4ubirzm2Sqt62CyA,32.23530200,-110.85991900,1
NIjZexpyJwNFNZX7rQslaQ,32.24532890,-110.97137160,1
8mPPyyfxDuJJmkdN9wRe3Q,32.33718160,-111.06315030,1
Ly9X7PRY5MOoTXeIoewm7Q,32.32319320,-110.97304010,1
q18WLK-9HANb7gYGGHIIMw,32.21479150,-110.97152690,1
0lVDfCPGfhlHriMRCYB6QQ,32.30904913,-110.89044744,1
SQ3V6oMbHAANZW-wPjMxhg,32.23400930,-110.95687620,1
CBIfcyzjnL06xbapLyOJrg,32.25824591,-110.80239300,1
Qz3C8vNPH13ao-D4VE5DoA,32.25024380,-110.91425820,1
ccPc8AlTaBKVH1vpuW4FDQ,32.21689284,-110.97094921,1
nwZniXciUNFbjgT4gXmlHQ,32.49466291,-110.92469628,1
enHBhSnq0jS-xFfOpIZg-Q,32.21498979,-110.90879125,1
_94pflFSusXDrv5sk8jQoA,32.34545150,-110.97634140,1
WQc2V_wsn-xIHBbBXofD-Q,32.24571070,-110.85247470,1
HjfAqGE0rzkcECPywywC1Q,32.22769380,-110.94743570,1
e5gOtAH36l70fexYypnG5Q,32.26058400,-110.96051720,1
Vsu5oklNtbxpM7ycMBsVyg,32.23587003,-110.89972705,1
If-yTejZ8bkKM2GqhixKcg,32.25478881,-110.94418704,1
rUHBwfki2NOnZlx6K6qNpA,32.32366830,-110.97560703,1
pkq0_n7jX5VwaWa01O2V1g,32.16458900,-110.98871400,1
3dKYfMIswL9SZNk-Q2J9Lg,32.13156410,-110.93503499,1
Fqg3sac6ubGkoMJbs19wZQ,32.28865930,-110.97416150,1
8qCbeHopky8xpGndJCcr7w,32.17853170,-110.97630180,1
lhScxcy2g9t4L52hNISqJA,32.25703510,-110.93582690,1
FBwPt_pops2KyJBP8wWiMg,32.24330120,-110.95722990,1
dEOKHo8JDHoG9SuQJ2NT1A,32.22478560,-110.96980380,1
2Gn5gGPzLWQLciodalz6WA,32.33950310,-110.98642940,1
PiVchVrP54M_mMg0VFAVwQ,32.26931160,-110.97784880,1
ZI3j_5yQo63jGLoYj2XfgQ,32.26559110,-110.89390990,1
qLrTiIPDlnNX6FYTs29rmg,32.25094300,-110.89026400,1
tvuXRjmwXxSrIV9znL9znw,32.31287280,-110.91212580,1
j-nbtwH4UD5Cfgw5ZhRs_g,32.17725420,-110.79568780,1
kwwKAjMvZk4uANTzgltT-g,32.26482140,-110.94483280,1
HD8QZaZdFkymJwKn8_CVQg,32.27492859,-110.87438440,1
xE3kWpenVOxmuGMVspBPhA,32.21479150,-110.97152690,1
3QwQ6FAUi5i76gErx89dnA,32.26365670,-110.94412060,1
_iABaSzrsm4oJJsSmP1W8g,32.25329140,-110.94419000,1
vDhOjSNfgA4eE1Rj88-XDA,32.23589300,-110.90667200,1
JN_sprx6_17CEhtbEK-AJg,32.27239370,-110.98757420,1
__aP-gQsROtMFNWR51oMYA,32.24395830,-110.97208980,1
qyEGAzLjd8aAgRPC309oJA,32.23181933,-110.95727887,1
JVXlIbdFZOscTtO3BDgQhQ,32.19305900,-110.78919300,1
ukjcqhA8UcVy5OuRTg6jcw,32.22067630,-110.94480870,1
oCATFtmf0u9m0kj1Bdr5GA,32.19954002,-110.90780888,1
gZHxtWdEB5sWE7bXTWNQTw,32.26566475,-110.89384891,1
629Gh-kr6XPp-Ytpc2FfRA,32.17830100,-110.99447548,1
lSK92KDJgwoKPn0pNTvgLQ,32.18300300,-110.94800910,1
Pifpt5uvD-kWdMrG_zwAgg,32.08950360,-110.77493930,1
nVWMyPL21DqihNivH1FYsQ,32.24997500,-110.93202600,1
rGe39yq8BB3zTEhBJK264Q,32.15212459,-110.98868620,1
drGXBdOjpY9UdSQLpZSshA,32.26413650,-110.94493550,1
dLELo88u5kwIWjmJalLMPA,32.13356700,-110.97850900,1
iWxFyXOSvDoFomwA8X_UEA,32.26608000,-110.99898000,1
8dZbYgJxNgKd9G3kHWmQ6w,32.24975144,-110.87404225,1
0QeEnTzmUTQHie1MPZVHLg,32.34698400,-111.09947490,1
a3fmt5WkWb9NIIZ924G8Tg,32.23691458,-110.87253800,1
5gAbGJdr0uB8MyFdOAzClQ,32.23400930,-110.95687620,1
UhIvRYEzM4yxLzGMdAqu4A,32.23651230,-110.89302550,1
CUz0n5KEyjkVR2Rbwb2h9A,32.16231900,-110.94309600,1
o6XeJY-d8Bsphhc-CbtFAQ,32.30850340,-110.89166590,1
VHn9quq6LQftvSxOUfABjA,32.20783280,-110.84330550,1
QILVJ9Goa3Lujk7B_lPQmw,32.22191590,-110.97210510,1
BSiYlzKgfkHn6CZ5svQQgA,32.22118130,-110.87467360,1
RPGYg86GfVoN9b0tslST3g,32.15684060,-110.91692430,1
b2i_hZEu1Y_JYR1JibmnXg,32.13364780,-110.93396850,1
eBGWJYj9meGtvgw0Tm7KwA,32.15417000,-110.92035500,1
w1ONDhXQMW_yT50Q1RVUIg,32.35744400,-111.09016830,1
l_DrC84A1M5rmKZlM-LJ_w,32.22139890,-110.81449240,1
Cs2dygQDyk_XxRL7uCgqrg,32.17757240,-110.92521350,1
qaABlWyewmE_2VakFyYUtA,32.25127145,-110.99953730,1
jQxSzM9Rr8d59XFeAijCTw,32.22401640,-110.96592980,1
3oxlWgUlq7gN7-qXhOpLpg,32.22164190,-110.86417480,1
9m1JbtVcXPJKglKUnr1_Fg,32.14856560,-110.96258540,1
eGfgOLsPf5x4r54hRjeCJQ,32.22533010,-110.96575770,1
9PJUTMsQQ48F-rDLwvu30w,32.12025440,-110.93730800,1
_TINWezmq92zvKltrtANsA,32.32567070,-111.04653530,1
dygflr6j51vf3-lM5pUIkw,32.19885350,-110.96496050,1
tbfEghMbfkafXsy7oh3ebQ,32.21751200,-110.87548400,1
UPJ9LxyR9BqVDERteWBEhQ,32.13354820,-110.88582000,1
pvGVIQV2F3DJgVbQE-ZCzw,32.28316160,-110.97664140,1
9-VA_4nL0QfvhO8LMcBIfA,32.26578110,-110.99547780,1
UOWXGW5j1BV-iiqtbBS6jQ,32.22754260,-110.94731930,1
HMIGjlxn4uYdKQf1Yx461g,32.32414215,-111.21860012,1
4W3E0K4LoChRAHRiSyhkHA,32.33958200,-111.01153630,1
8CLQHcYUyH49dKMwBsuoSg,32.29493760,-111.03196700,1
-jAm9r-J4tvGGy5uxn5jgg,32.13517900,-110.96602100,1
8n-f4frD4hzggV5BV2ploQ,32.25127150,-110.83773640,1
DY0sJFS2Z-_4FFGYNts9mQ,32.29433700,-110.96158800,1
pvQqt8VOEZu8lOHbl3hkGw,32.15737160,-110.96642750,1
JFezno9uXGekgdudQX-yfQ,32.27389580,-110.87302540,1
kgUfcotKrs1nSzApZ9uZTA,32.24886000,-110.97867400,1
HrVLSbII4l46Ke1An_Ps4w,32.32448110,-111.01134480,1
92rqV6-W0Osz-kM_5968nA,32.08949008,-110.77622775,1
EUiV2nhMgXZHL--ofr3Xdg,32.13420307,-111.03094874,1
wWNsibZNI14jKygnsOpu6w,32.21984440,-110.86551770,1
9N2EGZEaZSK52kViRx9GMg,32.16409310,-110.95583350,1
CUOI4QSzNgAFj8lnn7ZSeQ,32.16347500,-110.98698040,1
Twgpf9N04OBKJt_veEYj1w,32.29172710,-110.97924780,1
nfx_TII1Ej6yToivmj0hBg,32.24998100,-110.96530700,1
cdQyWhZPdKf2W8u2AUbKMw,32.20892700,-111.04308700,1
vWsbzb1CIi-cicrB-F94uw,32.44194500,-110.93620600,1
T0kwOTpLqPYqaDl2huYOvA,32.14884784,-110.94323049,1
yZwlpIhzVRxVdbIkuw9-VA,32.22973080,-110.96536730,1
E_u7z-vsSG_1gqflBOwtRQ,32.13128870,-111.08683830,1
29AOC-pq7W2LcGBNeW5eJg,32.33645113,-110.97806212,1
H02oq-DIDxhxxPTt2iyQvg,32.22891350,-110.99237880,1
XK9xlGjYD82YVlWhsYaetA,32.13100990,-111.08686870,1
-Laxqy_xe75r1onAt9XNaQ,32.25203980,-110.89333740,1
YKQc1IpoaBfIEyMQCisZ6Q,32.21479150,-110.97152690,1
FlFUzjxz76TR03CCwOA2sA,32.22973900,-110.96518100,1
ZrznKb9-I7DfE0tOEBK0Lw,32.19188407,-110.78964483,1
4rQY-6rTKcWYygqsjrp-CA,32.22126930,-110.90001280,1
t9RnIkvyRMFi4AgBvEv16A,32.20742000,-110.85756000,1
E6XP3DOCHEKqsfPLtp5q0Q,32.23189260,-110.95726700,1
crx5gGbwNRg7pzptkF5oog,32.22118540,-110.87021660,1
D76aKaw5u9DGBYwJdu_5ug,32.28697600,-110.96164000,1
wyBSJFFBrzWd6WQGTl_wAA,32.28737780,-110.96570560,1
JOeBFyoy9qH8vq6UGTfoew,32.11860719,-110.79895409,1
t03mAErURyb_wsZuy7lo5Q,32.28563400,-110.94289000,1
moyz4_UeQ_Uus9H8xfiwLQ,32.20748300,-110.89506700,1
JFP_w0PNy57unh1P5x8zYQ,32.13326597,-111.00641140,1
o-e2U0oDb1TUdUAvoCVSaQ,32.21779340,-110.97008320,1
67S8VXb0asIGfNh2-s3ARg,32.23511782,-110.77340061,1
61fpOTemnqINdb1I3ka7jA,32.22174290,-110.92647900,1
WES8onF98jyfnT2bkFeRBA,32.30664900,-110.89189902,1
6u9Jhu3yE3iQ_5IlWEAfWw,32.20734070,-110.81575740,1
vdCQoE2il097-vc_gIQzYw,32.22202810,-110.97146273,1
cWCwAkjQxher9oYylYO8sQ,32.24997610,-110.96623200,1
9fqcpnPlEApBQ9nyjSPiTw,32.21829599,-110.86506478,1
678KwtBA0QY5KNv-DVU2lw,32.23580930,-110.93259220,1
Bkxkv4CkP-0MpPLGEnbJbA,32.20672000,-110.90845000,1
KR5_cX905xsg-UmsOk3EIw,32.12405300,-110.94091090,1
0-evjpRKnht75t9J3NE8Zw,32.12028000,-110.93772500,1
4pttw53YrhH253K15D9_wg,32.28580650,-110.97772080,1
ZtZNEwpzAh0uKUKA1Gg-yw,32.35225100,-110.97389300,1
6ccvTPhcwC-B37eIlqA8fw,32.22086248,-110.89807441,1
KXW2kATTrnWZlY3TBVJqHA,32.32506750,-111.04658731,1
9ezsQ2x-BR-bA8lTYv7YOg,32.20390790,-110.96513760,1
-1iLbEf1NwY-OJp5Hg-3Sg,32.13234010,-111.00001150,1
w1gBmPNdTcRFVUKhnhIu3A,32.10396220,-110.77468730,1
1H7tQr5ntTm2Gm9LDIV2tA,32.19295630,-110.87478552,1
qM2-52QEchnSC1HwvsXfkg,32.10240919,-110.80066339,1
6uow2D7fiTK3d_wuUmafmw,32.28837300,-110.96525360,1
4xsfnA6lXXa5dgqOxiubdQ,32.22194780,-110.96663590,1
rvrKePczMK19dVm5WrUkqw,32.21983600,-110.83017300,1
xJcMPZEUXC2higFYSGuO0w,32.22032915,-110.98097200,1
Yaqg1BsxEH3iuunV4mZXNQ,32.23669000,-110.86140000,1
R6Pb60b01zp_CiSNhGgQ1w,32.30021250,-111.01158930,1
nVbZt5NiE8xIBUwm7d9yZQ,32.27397291,-110.87314342,1
5UFDcAVRpBt0n6OonwEhZg,32.12691312,-110.87416276,1
Vf1je11xO_8RtFeBUiV2tg,32.19072020,-110.84364570,1
HAQiLrZ6Yb2-_x-YRn2aXg,32.20653050,-110.90490960,1
YXkqTOzCciSvl0J-PkkZyw,32.28611800,-110.97562800,1
37qIno09XNPJh27KSw8qGg,32.30831700,-110.89185100,1
89VqFJf3COkgb6dL2AqXhg,32.33536601,-110.97619948,1
dT2qCOVDh0fPrt21YW9DYQ,32.20800000,-110.87500000,1
wSeEtJ-d2C8vqy5v9La9-g,32.10155800,-110.77366600,1
52dXiSQeMQDRJp8T4yt-Aw,32.21855538,-110.97054239,1
tOqtugaQ5mUswhmRwCcNZA,32.19366520,-110.84139990,1
Di55cLPgsiSZGCyYLo7MCw,32.22946030,-110.99440040,1
HUNja54hC16w8jWPKVQqHA,32.23651507,-110.94278220,1
wEmOmachdXgJTZXhjFRJwQ,32.21911680,-110.80737560,1
sPi0aLVwXpHrP_K4jlCiDw,32.23203660,-110.95722990,1
Z9wqI0YZbbBtgzHBeTgPuw,32.26069940,-110.94369560,1
KjqvMcLGiNp3tXfCZ4JTOg,32.11961001,-110.93732726,1
W-qxgFKtw8TlibinTp5cYw,32.22758490,-110.94416710,1
ZQGWsMNpH6OT6ZC2q_HMjw,32.33669120,-110.97913370,1
qIkrVU7A9nBWFzuOyZhepw,32.28603810,-110.98013770,1
Q0fM4AFRmc35ky8rY28xmA,32.01492120,-110.66456830,1
jqnu1c9qrUXDOGSWwgnOFA,32.48272336,-110.92065096,1
SR13fgnT5gCTRY9en4fJVQ,32.22803930,-110.95685730,1
lIBo_W65f7E8rETfkZOncQ,32.22604862,-110.96536667,1
89h8yJNnYEs5MiRogltPJw,32.24989020,-110.96016550,1
HZuXDNjiiiMUL9dEcwCTww,32.25041490,-110.85196100,1
a0jfTPkhCIsaRw9sEMP6RQ,32.32814300,-110.85138200,1
EP1yNHZSwG785skEqqqyXA,32.22211220,-110.96897490,1
mPBit7j-7KfRg1w9An_Xjw,32.34249200,-110.96521800,1
Ljj1SOjdw56Yu5VftvzjdA,32.27395700,-110.94412330,1
EAJOR4zG6_ixBPYgWhp6Jg,32.32247670,-110.92909140,1
zAhlMpZlyFRY2fDWKMeQzQ,32.23138300,-110.95690500,1
f_xxwfH2g_WkOdtDq5LFNg,32.20657860,-110.94761790,1
xO87Jp6QOLFIPmoVKSJb5A,32.19930000,-110.97336900,1
kqJFht2-rPBgsMaHXpG9-A,32.25117147,-110.87374810,1
L5LW_wN6Z0JV_vKe2jnsBw,32.34546445,-111.01354477,1
gwNlSSV0hGgNgTqPprj4FQ,32.28598640,-110.93540700,1
cdLBrmamzLQiECe42xogIA,32.30849320,-110.89198390,1
adu5voMt1rln1nilzZh9uA,32.20830370,-110.78851290,1
vteNMbJP2sIIiHoY5f5bbw,32.19143000,-110.78795300,1
cDFdJf66LozpZhO0AxVQig,32.33590343,-111.04455291,1
s1kYjopE0lDCe6Di9Kzv5Q,32.32419800,-111.00980800,1
wp_fwjX8JJC85F-sgb7ASg,32.13185200,-111.00843410,1
s80hHPUbiez22PPbNmrzew,32.23005580,-110.98840860,1
5HuizbEg6qAIFwE9OAIxbQ,32.20704430,-110.96814580,1
z7Zo9QZfW2iVChGI3hzE5w,32.33596340,-111.04748450,1
PPyZorgUzlfnrSi90VEG2Q,32.19242310,-110.82497848,1
ZVlSFGoacedJIPGzlZvy6A,32.27966009,-110.99324193,1
jLe6Gwtoso5jKpX9GKGsgQ,32.15783730,-110.92356590,1
w2zcvd0i8xGy6H_-uXUK7g,32.20661050,-110.93019640,1
G-iV6JrqZ32SGSDcrFnH5g,32.39942070,-110.95702030,1
RmZucT5q2M7TV0oOCW7y9w,32.13432650,-110.99718720,1
FBEKo4Ffv0J5blD5kHSeEg,32.17715240,-110.99433640,1
urV1Ir6TCjSNx_Cvfx7xbQ,32.23755810,-110.89311080,1
s0NYfUhZ4wa5c1c0EPdlRQ,32.23644006,-110.94617352,1
tDCQ8tSIvzNfuqC7nzBtOA,32.32393840,-111.04319980,1
7V75oDIjKMHLIs2mkQFYgw,32.25135100,-110.87495320,1
JZczZovbS3ojyTMVAfiG1A,32.40176740,-110.95615390,1
g906ci-hbPKb6nNCn2CGfg,32.31404710,-110.97745960,1
-v0JE4wW_4Xs6C3WT2XgDA,32.25100204,-110.90946078,1
8AKqLWMjkvzZ0TMakov2xg,32.19298480,-110.87487840,1
Kgbj_vB2pfxdClrLhfnlbQ,32.22062370,-110.96840670,1
wqmAnbS2roEnhKHCHygrSw,32.26007560,-110.97772070,1
_UnBYJHwRPtP7pk07knA2g,32.11924321,-110.93730389,1
twWIgjNzgC6YkPOKC3gVrQ,32.22930410,-111.00033080,1
Xr3s273fZicfRWzqMBT5hw,32.21479150,-110.97152690,1
s8TE6aXrwEQmODAmYlguUA,32.26730380,-110.97765090,1
OG45_q61Atah5oYsm9eTYg,32.24999550,-110.89092170,1
P2Ms7txdSGipp21olGQwyg,32.23661200,-111.00359200,1
zoAZydP_v380Yydf-2u3hw,32.21965640,-110.97008320,1
JlM5Kebo4fiIXx30DMk1mQ,32.21944480,-110.97245380,1
mu9ZHU1c3kjNH0ZEkD2p7Q,32.16353049,-110.98085400,1
xg7rMM6hUSsb3Mg9S6Ee4g,32.22189620,-110.86929220,1
5_o6xAj163sAVnKMzQgxeg,32.28775520,-110.96046650,1
U4K7zPfbp9igbmmJfOyW_Q,32.22111673,-110.94455114,1
boIphU_TlxlMJHfFrAM03g,32.32198130,-110.97408820,1
yGGuxggHL26qQ0LXO0wg-Q,32.25027332,-110.85154299,1
Yd8HoVBKEq_wYltirmg19Q,32.23507300,-110.84163000,1
Jx8vvRXwfCjkiaofXuNe8g,32.13462440,-110.92481770,1
myNnGDtWtbbxpupXEo2Cog,32.22508166,-110.97182985,1
wnWQK_ITkFG8jCZXskKbqQ,32.26714790,-110.89380730,1
C3gd3-6zUSUcCbnMOIdgxA,32.19088720,-110.79192700,1
fVPPZWf5QghlCLYRYec1rg,32.30883050,-110.84549710,1
Thv8LL0eq7ztsGw7F95Lww,32.25022500,-110.84326900,1
DDLd5Pv6tQzRcEGHPJMMmQ,32.23284179,-110.95751571,1
BYIqGxY-JrPM0g_pxgdj4Q,32.13954200,-110.84079780,1
RqICJjP2kSXVek4s014h6Q,32.33770000,-111.03200000,1
8Zn_QmioC3ySnQhvg-8D8A,32.20797980,-110.85842100,1
c4Y_RZKBXsXENA9y7JIBaQ,32.16892350,-110.96848160,1
yLlMtg6rpJYy46Q-xLClDA,32.18180560,-110.97664960,1
wDc9x_ylloRtDeglSQKUUg,32.22049790,-110.85723170,1
KTn9Tth2L3rxkU6voGH5rg,32.22919830,-110.98987734,1
mzkbeCqBBdvgb342yunIlA,32.20644200,-110.87995700,1
LivXcgmh0JnrCdmt2jCTlQ,32.25020000,-110.73517100,1
15T9Ja9GtXNhbgKrsYQj7Q,32.20923900,-110.79033290,1
frkdRWMpN70bO3jFWdMKeg,32.26483620,-110.94483290,1
LtPMiHSuC9Zvt7HxwXLShg,32.22016000,-110.87592920,1
YV_20nqs8NaQflupgDdxOw,32.23145380,-110.95706690,1
o7BuL-DtXJoW3K2xkLc2ZA,32.28782500,-110.96051200,1
UOL2aVQak_NxsE0DsWuv0A,32.24459490,-111.16645590,1
Zm3X8i9GsYaxdWHlI-WQwg,32.22260614,-110.97219280,1
lZFln6-wqFGEvagTe-7Kog,32.23630320,-110.93271670,1
7h7LKtSIy6Vac6CmjbK6Pw,32.22815700,-110.95685700,1
k8-uQ51SXUPKGphE-e0WBQ,32.25005700,-110.93437710,1
Y3eA4fZ9R9DPsAoCazpdEw,32.25056458,-110.94277954,1
zgClnCzcLl1gzUeKFaJAhg,32.13439650,-110.97741460,1
PetS6l3wg6DYbIOu38nhdg,32.15320670,-110.73514520,1
UWj1wJFLWCfqVN3Z6gg2DA,32.21524970,-110.96973390,1
0M--IAwPfqJC9yfmI-EiAA,32.23586370,-110.91287280,1
UcQrdMJT4ef0EE-8-aNJUA,32.21548101,-111.04987896,1
HitvmsuWlLhG9TY_lJT3cQ,32.30948620,-110.89318112,1
87ypDkG0umOYxnDI0eqxAA,32.24962620,-110.99354760,1
qnGh77dUO1vhAvy7HJFEyg,32.22140780,-110.84353390,1
-8uatt4iWxUproNMOd1srw,32.26459680,-110.95995460,1
RZuHeJq0HgmfZ47bDWXd-A,32.25056400,-110.94277900,1
uYR3tQVMN92ergmp5WsnOg,32.23479750,-110.95849750,1
nl33PVk5w9JIqOlEGPS_ZA,32.22089490,-110.80585770,1
TPFy-Bj2HID_gMw_UUxc1A,32.22216040,-110.88742500,1
3KQ0iVCS3KrzZ8dc6x3IVQ,32.19368190,-110.96551930,1
OhlZX4c1Ov1-UEZeahDkGw,32.18128300,-110.96859300,1
w7wsBBTHZUc0BFl5jFjJHQ,32.22184070,-110.81545370,1
klr4IxmRJ1oRwK7qNjZr_w,32.22049300,-110.86689000,1
IOB6Lj5iqCg1WR2WHSSkRg,32.32371890,-111.04543530,1
mJCQvxebEu85MmjNyQGIJg,32.22871520,-110.99660510,1
WQfme88jS02gPu3Z6bmn3A,32.27168400,-110.99116100,1
DXRqeWMtCr4hhsM8z3XiNA,32.22922538,-110.99745985,1
EUOeTTcEzDnoH9XQAgjCLQ,32.07877260,-110.92682010,1
aGOXuqO6yhN66tLYI61Thg,32.28755552,-110.96045997,1
H4q5yRg4jQUD0bwIJIXUGg,32.12081881,-110.93908310,1
eYRJ_JHHQJ_jSoHLMDoNXw,32.22673600,-110.97041600,1
wNGhY6f-vc9CWxkAsjmiCw,32.11855100,-110.79780500,1
_c-TzNu-sTCgG_7ggrWEZA,32.23520520,-110.94447350,1
ZOKOIN-MGeVsWizOsdWQJQ,32.21202740,-110.96857630,1
JQsDoGIv4XBtypoMS0m2cg,32.19244960,-110.85647940,1
LYSyuSLDwygdFS46wimD6g,32.17855890,-111.00179700,1
TeI5CyoMTxUKt8rggdx9BQ,32.24462000,-110.84677000,1
k6WUlBpfBWDuYtBijAkUjA,32.08887226,-110.77338595,1
4DcbElb9dw9exZJF3BnK5w,32.29899979,-110.99588086,1
J1duow_JpO47UuqnrY_LaA,32.13225870,-110.99935450,1
d_cpkWvCo1v-GrWIkXYP9Q,32.22086950,-110.84052150,1
qBtJsOr0xybAvR54tmBEjw,32.16118118,-110.94383497,1
AQMpqghdIBKe7Ta5HDyZsQ,32.34549833,-111.01330406,1
MlJ5StO3nzSrFjno1wqg9A,32.13432160,-110.99758310,1
E6GdnCz41V4qFixa-XGLsA,32.24793020,-110.92085930,1
An_QUi1YfPUf5kXJEgZMeQ,32.23582840,-110.87584118,1
ngCSdj_2csgsfgpLipCaMg,32.35866390,-111.08378780,1
8w1YkgWutFmCzksNWSEVlw,32.22370300,-110.82294700,1
TZP5x7nGae_dtS5ZTkT6VA,32.19154240,-110.84357590,1
3tQot8D0xWTpCiZ_PwpC7Q,32.21835800,-110.86518900,1
u9VBun-zmcF59afKELs_NQ,32.10390148,-110.77468730,1
0pled4JIW9jjuuMxMNkZCA,32.13503310,-111.03126350,1
ckE45_JrmPgJ-DKYbV6IwA,32.35898807,-111.08250382,1
LwtdXwu4Hkl_Vj82dyUmgg,32.27242500,-110.99548740,1
M0Gkv0uvZRxhOcDqQXi74g,32.27234600,-110.97185400,1
thAwvjCr5Kke4-p56AWNQg,32.22936760,-110.94822840,1
h4Um1Vu4Lpo7I1juWXFIUw,32.27192839,-110.96025818,1
IxP1AjJo8yqQM7SeMLeR7g,32.16250524,-110.91385961,1
UAi8nZY-tCA758y4_8Meuw,32.25557279,-110.94353890,1
H7_L6K97aXT4UB6v0DtmeQ,32.33661880,-111.05362200,1
1aj82SfdQQQ2Bic-4mbAhg,32.28890190,-110.97395270,1
ts87cjqEKEGnYeFnRwM4Tw,32.22179700,-110.81547700,1
-A7I5CQcKkxH_CUyG3PVQA,32.23246397,-110.95158555,1
3GH1JjRirgs1s2OR6Dk0RA,32.22133730,-110.81061190,1
ML1G4UP7yO-KAc_KFHl3aQ,32.22015077,-110.81017641,1
i8UZblHPk2O-iNKJrnWQ_Q,32.22053900,-110.80926900,1
0ZvwD_zqnIS8MyaU95hSqA,32.21675100,-110.97313400,1
JJdHznAJncfYldJDSsM8wA,32.07877260,-110.92682010,1
11vPrvRixIre4nnwlMo32A,32.13194000,-111.00419700,1
yXP3IojU26Ms94i0RXIjKA,32.22619730,-110.96556440,1
8_fZo4HEM5wDF-E4iwPlZA,32.23479750,-110.95849750,1
AqsdQBCBsqbQrORsT1C52A,32.23662190,-110.88367900,1
EFmE-uiATwFD7nAiBWeW9g,32.20776890,-110.87570350,1
IvrWkkd7B4Pe78uvrW6vzA,32.21366340,-110.93931840,1
pAoBDKK060h1a9uA1tn6Lw,32.20728780,-110.82039060,1
h92MBD02Dmx6d5rAdXQgIg,32.27197770,-110.94514240,1
JX-LgasQBcGkEW2zzoOLVA,32.13366450,-111.00622520,1
nb2EgWSpZBdODabB8yu89w,32.21945810,-110.80560820,1
xvO2Ff-fSjq67LtEhiEc1w,32.31112950,-110.97637020,1
WMyF7FDJBl3H2cL0Pe25Lg,32.22148851,-110.82479335,1
K_8YsBq1YpWswAuPO7BLVg,32.22036280,-110.98766350,1
_Gjbv7Sz1HNxf8Y2-6_RAA,32.14673000,-110.91732000,1
33flFbq3Vi2knb60IRiv7A,32.21479150,-110.97152690,1
sk11RFNogbE0axZUIDBRHw,32.14822430,-111.01744015,1
EDwkXBgbu55MUVMkwdLqHQ,32.22757730,-110.95406130,1
8i6ila3Nc4jinPNHN1dlrQ,32.26807380,-110.99239040,1
AOzSin66P3h4sRRIspx5Zw,32.23522960,-110.94363160,1
QyEMjcD8NrWm-tFAUXprhw,32.15738400,-110.91653500,1
Cuzgh_nXSKWanBLKVGM4Lw,32.23171490,-110.95716700,1
LjNlzq5Q2Ap1Ax7pWjh9OQ,32.31376460,-110.97704966,1
XbWHrGbK9H3HUxPDkyf-Yw,32.33691500,-110.97815890,1
Xt0BfrNdzrYxw-SBdq5aXA,32.18727780,-110.94413670,1
iuftKhlrXImvtz-OngBJtw,32.13439307,-110.97696684,1
NFuPH1XrddG7YZ77mPYK0Q,32.23653770,-110.94344530,1
C3dgdbg3OVdA8j_lnUgDXQ,32.20010870,-110.87564170,1
hfPOXLug9mq4QiuqYMXccg,32.20705620,-110.83405710,1
CcpbeN-Zf5gbGlk6aQn_Hw,32.32370045,-111.00990783,1
LDTb1F6K0-BLR74QM_xDBQ,32.18130310,-110.95505690,1
J8fTULQEnDbgyGx3OvAh-w,32.46641940,-111.04490650,1
Mc3B0dVdKnts1KkOlvsYfA,32.19040870,-110.84185310,1
sHSZJmnIu8RwZa7NS2pC4A,32.34978500,-111.09923900,1
QfPYXRO7MTXUIBJKvOEjLA,32.24793020,-110.92085930,1
WY9oXOsoHwRW_Hmp-5RW0A,32.23613573,-110.85286604,1
uAE0ZxP21IXPoMpD_CAF-g,32.13363380,-110.96894220,1
7RVrX1Y_X7NXJoFLe7c5dQ,32.22861670,-110.87638680,1
NlUZin5Vn7CHwdIdlfX8RQ,32.19242080,-110.83887860,1
CeMnmX-jTBUjfM05TdErpg,32.23230544,-110.95163349,1
XL0HFkCnXNMmT1-3gxOVYw,32.24793020,-110.92085930,1
W8xPZiq5abtwcZADBkYaRg,32.25803200,-110.96084500,1
bZ0vrAVW6OHni-HtzBQorw,32.27973764,-110.97774400,1
9_AhStquYdqgG_phtALX3A,32.35873160,-111.08497540,1
b1nxUFt8ukstKIq-d22icg,32.18244550,-110.96861830,1
TmmbBvrTHI_NEQUIAjxyFQ,32.21456000,-110.90838600,1
7E3mhfqDUSe0oKaZ9VikGg,32.22172360,-110.94132640,1
toi1lk2CPTgfyUyEEEjAAQ,32.22139670,-110.78912220,1
AyG2PP558IcEDCAufx_hcg,32.22241700,-110.78835841,1
w95FfGHDVWQqU3vIRRKWzw,32.23701700,-110.85872700,1
nP9ORQplu0mX3JQlm4kygA,32.14917000,-110.96368700,1
S3WazoxfO3euuvQUOJRlFA,32.34356510,-111.01324290,1
kcyRReoY912kHibaIhxrlA,32.33844700,-111.01331600,1
s3WuRUahiqEP3FQ-vvmPcA,32.20612910,-110.84344080,1
Y6bid7bcGpq4qk02RRjcUA,32.19269500,-110.96394920,1
anLQj9AM8vjbcLSIE0iUgg,32.33857230,-111.01076020,1
SqvDX-LMjyjEE50eNyDuzQ,32.23010090,-110.97363490,1
JJjPO_Q3q9x2NXLcWkImoQ,32.33788448,-111.03187589,1
sygVxYFPJGqOV3QLZKKkxg,32.13436800,-111.00219812,1
xSBC-kI9aTAvCoL8Pw8tsw,32.29727690,-110.97472100,1
ad6rGLYgbDEiOHnDB1lWoA,32.25245000,-110.78031600,1
IlqNE_IDhqRrHAdfCItKwQ,32.18708400,-111.09224900,1
kQblQcbnHoPx18xQyoDlrA,32.24295085,-110.97169051,1
tYyPdrujUwZCtFCM-78iHg,32.16248870,-110.99023070,1
O2FvVQrUl8WcIYFRH3hIFg,32.17830612,-110.95699087,1
2ktH_ewcW5LStsslM3QL7A,32.23131280,-110.95901359,1
-1w9JMktu9oWTXwNqtZQoA,32.26807380,-110.99239040,1
VVMAvAVRpoVk6bd4avvYGw,32.22741500,-110.95414600,1
YWeP8DfVn11eoTabjhlh1w,32.38201600,-111.04734200,1
IRvIMcWgJrOqUNz6VazHVA,32.29595000,-110.97306200,1
zaN2UrXXG2obOSImx7_DTQ,32.22256930,-110.97000290,1
_AvFiC-whJC9g9ndd3XGtA,32.25127150,-110.83795403,1
Qusula0NuWTgrEOWowlBvQ,32.22348055,-110.97300526,1
yvW2NoOF4fv1r50A_jhjdw,32.25931140,-110.79798120,1
yX-eHIG--H3geTNWZ2Q6SA,32.24365220,-110.88597970,1
W4lBP3lqY4dURJJ1RnzLnQ,32.27197770,-110.94514240,1
VvJQI6clCXnnnhDaqfhi_g,32.22151880,-110.82461940,1
mffEM30xMjB8peBzybyRaQ,32.23918700,-111.00549300,1
kURPPbhrJ2j3MtpD66HR3Q,32.26279460,-110.94467800,1
